idprojeto,id_pracao_marco,data,tipo_data,data_inclusao,usuario_inclusao,data_atualizacao,usuario_alteracao
189,1,2017-12-29,di,2020-05-13 09:46:56,renato.rossi,2020-05-13 09:46:56,renato.rossi
189,2,2018-06-29,di,2020-05-13 09:50:05,renato.rossi,2020-05-13 09:50:05,renato.rossi
189,3,2018-08-31,di,2020-05-13 09:53:47,renato.rossi,2020-05-13 09:53:47,renato.rossi
189,4,2019-03-29,di,2020-05-13 09:56:48,renato.rossi,2020-05-13 09:56:48,renato.rossi
189,5,2019-04-30,di,2020-05-13 09:59:20,renato.rossi,2020-05-13 09:59:20,renato.rossi
189,6,2020-01-10,di,2020-05-13 10:04:00,renato.rossi,2020-05-13 10:04:00,renato.rossi
189,7,2020-01-10,di,2020-05-13 10:12:58,renato.rossi,2020-05-13 10:12:58,renato.rossi
189,8,2017-07-31,di,2020-05-13 14:10:05,renato.rossi,2020-05-13 14:10:05,renato.rossi
189,9,2017-07-31,di,2020-05-13 14:12:04,renato.rossi,2020-05-13 14:12:04,renato.rossi
189,10,2017-08-21,di,2020-05-13 14:13:54,renato.rossi,2020-05-13 14:13:54,renato.rossi
189,11,2017-08-21,di,2020-05-13 14:16:16,renato.rossi,2020-05-13 14:16:16,renato.rossi
189,12,2018-02-16,di,2020-05-28 08:44:52,renato.rossi,2020-05-28 08:44:52,renato.rossi
189,13,2018-11-30,di,2020-05-28 08:48:25,renato.rossi,2020-05-28 08:48:25,renato.rossi
189,14,2019-12-13,di,2020-05-28 08:49:37,renato.rossi,2020-05-28 08:49:37,renato.rossi
189,15,2017-12-08,di,2020-05-28 09:04:15,renato.rossi,2020-05-28 09:04:15,renato.rossi
189,16,2018-06-15,di,2020-05-28 09:06:45,renato.rossi,2020-05-28 09:06:45,renato.rossi
189,17,2018-12-21,di,2020-05-28 09:08:02,renato.rossi,2020-05-28 09:08:02,renato.rossi
189,18,2019-06-28,di,2020-05-28 09:09:39,renato.rossi,2020-05-28 09:09:39,renato.rossi
189,19,2020-01-10,di,2020-05-28 09:12:01,renato.rossi,2020-05-28 09:12:01,renato.rossi
189,20,2020-01-10,di,2020-05-28 09:13:54,renato.rossi,2020-05-28 09:13:54,renato.rossi
189,21,2017-08-25,di,2020-05-28 09:43:37,renato.rossi,2020-05-28 09:43:37,renato.rossi
189,22,2017-08-28,di,2020-05-28 09:45:51,renato.rossi,2020-05-28 09:45:51,renato.rossi
189,23,2017-11-03,di,2020-05-28 09:48:15,renato.rossi,2020-05-28 09:48:15,renato.rossi
189,24,2017-11-03,di,2020-05-28 09:50:20,renato.rossi,2020-05-28 09:50:20,renato.rossi
189,25,2017-11-24,di,2020-05-28 09:51:56,renato.rossi,2020-05-28 09:51:56,renato.rossi
189,26,2017-12-08,di,2020-05-28 09:55:24,renato.rossi,2020-05-28 09:55:24,renato.rossi
189,27,2017-12-08,di,2020-05-28 09:56:42,renato.rossi,2020-05-28 09:56:42,renato.rossi
189,28,2017-09-08,di,2020-05-28 10:01:43,renato.rossi,2020-05-28 10:01:43,renato.rossi
189,30,2017-12-29,di,2020-05-28 10:05:16,renato.rossi,2020-05-28 10:05:16,renato.rossi
189,31,2018-02-28,di,2020-05-28 10:19:23,renato.rossi,2020-05-28 10:19:23,renato.rossi
189,32,2019-08-02,di,2020-05-28 10:15:50,renato.rossi,2020-05-28 10:15:50,renato.rossi
189,33,2019-08-16,di,2020-05-28 10:17:16,renato.rossi,2020-05-28 10:17:16,renato.rossi
189,34,2019-09-20,di,2020-05-28 10:18:16,renato.rossi,2020-05-28 10:18:16,renato.rossi
189,35,2019-09-20,di,2020-05-28 10:21:12,renato.rossi,2020-05-28 10:21:12,renato.rossi
189,36,2018-08-17,di,2020-05-28 10:24:27,renato.rossi,2020-05-28 10:24:27,renato.rossi
189,37,2019-04-26,di,2020-05-28 10:26:16,renato.rossi,2020-05-28 10:26:16,renato.rossi
189,38,2020-01-03,di,2020-05-28 10:29:52,renato.rossi,2020-05-28 10:29:52,renato.rossi
189,39,2020-01-10,di,2020-05-28 10:30:46,renato.rossi,2020-05-28 10:30:46,renato.rossi
2012,40,2020-06-01,di,2020-09-22 15:52:51,amauger,2020-09-22 15:52:51,amauger
2012,41,2020-09-15,di,2020-09-22 16:02:19,amauger,2020-09-22 16:02:19,amauger
2012,42,2021-02-20,di,2020-09-22 16:03:17,amauger,2020-09-22 16:03:17,amauger
2012,43,2020-07-15,di,2020-09-22 16:29:20,amauger,2020-09-22 16:29:20,amauger
2012,44,2021-01-30,di,2020-09-22 16:31:07,amauger,2020-09-22 16:31:07,amauger
2012,45,2021-02-28,di,2020-09-22 16:33:26,amauger,2020-09-22 16:33:26,amauger
2012,46,2020-08-10,di,2020-09-22 16:52:53,amauger,2020-09-22 16:52:53,amauger
2012,47,2021-02-15,di,2020-09-22 16:53:59,amauger,2020-09-22 16:53:59,amauger
2012,48,2021-02-15,di,2020-09-22 16:55:02,amauger,2020-09-22 16:55:02,amauger
2012,49,2020-07-01,di,2020-09-22 17:12:30,amauger,2020-09-22 17:12:30,amauger
2012,50,2020-08-01,di,2020-09-22 17:13:27,amauger,2020-09-22 17:13:27,amauger
2012,51,2020-08-01,di,2020-09-22 17:14:20,amauger,2020-09-22 17:14:20,amauger
2012,52,2021-02-15,di,2020-09-22 17:15:28,amauger,2020-09-22 17:15:28,amauger
2012,53,2021-02-15,di,2020-09-22 17:16:54,amauger,2020-09-22 17:16:54,amauger
2012,54,2020-07-01,di,2020-09-22 17:25:45,amauger,2020-09-22 17:25:45,amauger
2012,55,2020-08-01,di,2020-09-22 17:26:24,amauger,2020-09-22 17:26:24,amauger
2012,56,2020-08-01,di,2020-09-22 17:27:01,amauger,2020-09-22 17:27:01,amauger
2012,57,2021-02-15,di,2020-09-22 17:27:39,amauger,2020-09-22 17:27:39,amauger
2012,58,2021-02-15,di,2020-09-22 17:28:33,amauger,2020-09-22 17:28:33,amauger
2012,59,2020-07-01,di,2020-09-22 17:37:25,amauger,2020-09-22 17:37:25,amauger
2012,60,2020-08-01,di,2020-09-22 17:38:00,amauger,2020-09-22 17:38:00,amauger
2012,61,2021-08-01,di,2020-09-22 17:38:54,amauger,2020-09-22 17:38:54,amauger
2012,62,2021-02-15,di,2020-09-22 17:40:13,amauger,2020-09-22 17:40:13,amauger
2012,63,2021-02-15,di,2020-09-22 17:40:57,amauger,2020-09-22 17:40:57,amauger
2012,64,2020-07-01,di,2020-09-22 17:46:19,amauger,2020-09-22 17:46:19,amauger
2012,65,2020-08-01,di,2020-09-22 17:47:00,amauger,2020-09-22 17:47:00,amauger
2012,66,2020-08-01,di,2020-09-22 17:47:41,amauger,2020-09-22 17:47:41,amauger
2012,67,2021-02-15,di,2020-09-22 17:48:18,amauger,2020-09-22 17:48:18,amauger
2012,68,2021-02-15,di,2020-09-22 17:49:13,amauger,2020-09-22 17:49:13,amauger
2028,69,2022-12-31,di,2022-02-18 09:36:33,renato.rossi,2022-02-18 09:36:33,renato.rossi
2028,70,2022-02-28,di,2022-02-18 19:21:11,lsoares,2022-02-18 19:21:11,lsoares
2028,71,2022-02-28,di,2022-02-18 19:23:03,lsoares,2022-02-18 19:23:03,lsoares
2028,72,2022-02-28,di,2022-02-18 19:24:54,lsoares,2022-02-18 19:24:54,lsoares
2028,79,2022-12-31,di,2022-02-18 19:46:34,lsoares,2022-02-18 19:46:34,lsoares
2028,80,2022-12-31,di,2022-02-18 19:47:37,lsoares,2022-02-18 19:47:37,lsoares
2028,81,2023-12-31,di,2022-02-18 19:48:46,lsoares,2022-02-18 19:48:46,lsoares
2028,82,2023-12-31,di,2022-02-18 19:48:47,lsoares,2022-02-18 19:48:47,lsoares
2028,83,2023-12-31,di,2022-02-18 19:50:59,lsoares,2022-02-18 19:50:59,lsoares
2028,84,2024-12-31,di,2022-02-18 19:53:00,lsoares,2022-02-18 19:53:00,lsoares
2028,85,2024-12-31,di,2022-02-18 19:54:23,lsoares,2022-02-18 19:54:23,lsoares
2028,86,2024-12-31,di,2022-02-21 16:17:16,lsoares,2022-02-21 16:17:16,lsoares
2028,87,2023-08-31,di,2022-02-21 16:20:52,lsoares,2022-02-21 16:20:52,lsoares
2028,88,2024-11-30,di,2022-02-21 16:30:24,lsoares,2022-02-21 16:30:24,lsoares
2028,89,2023-12-31,di,2022-02-21 16:38:43,lsoares,2022-02-21 16:38:43,lsoares
2028,90,2024-12-31,di,2022-02-21 16:41:53,lsoares,2022-02-21 16:41:53,lsoares
2028,91,2022-08-21,di,2022-02-21 16:45:04,lsoares,2022-02-21 16:45:04,lsoares
2028,92,2022-09-30,di,2022-02-21 16:54:11,lsoares,2022-02-21 16:54:11,lsoares
2028,93,2022-10-31,di,2022-02-21 16:57:04,lsoares,2022-02-21 16:57:04,lsoares
2028,94,2023-02-28,di,2022-02-21 17:14:36,lsoares,2022-02-21 17:14:36,lsoares
2028,95,2022-05-31,di,2022-02-21 17:16:15,lsoares,2022-02-21 17:16:15,lsoares
2028,96,2023-05-31,di,2022-02-21 17:18:32,lsoares,2022-02-21 17:18:32,lsoares
2028,97,2022-05-31,di,2022-02-21 17:22:37,lsoares,2022-02-21 17:22:37,lsoares
2028,98,2024-11-30,di,2022-02-21 17:26:29,lsoares,2022-02-21 17:26:29,lsoares
2028,99,2024-11-30,di,2022-02-21 17:28:25,lsoares,2022-02-21 17:28:25,lsoares
2028,100,2024-11-30,di,2022-02-21 17:30:46,lsoares,2022-02-21 17:30:46,lsoares
2028,101,2022-06-30,di,2022-02-21 17:33:04,lsoares,2022-02-21 17:33:04,lsoares
2028,102,2023-12-31,di,2022-02-21 17:34:48,lsoares,2022-02-21 17:34:48,lsoares
2028,103,2022-09-30,di,2022-02-21 17:38:37,lsoares,2022-02-21 17:38:37,lsoares
2028,104,2022-10-31,di,2022-02-21 17:40:34,lsoares,2022-02-21 17:40:34,lsoares
2028,105,2022-12-31,di,2022-02-21 17:42:52,lsoares,2022-02-21 17:42:52,lsoares
2028,106,2023-02-28,di,2022-02-21 17:45:20,lsoares,2022-02-21 17:45:20,lsoares
2028,107,2023-06-30,di,2022-02-21 17:47:01,lsoares,2022-02-21 17:47:01,lsoares
2028,108,2022-03-31,di,2022-02-21 17:51:51,lsoares,2022-02-21 17:51:51,lsoares
2028,109,2024-12-31,di,2022-02-21 17:55:32,lsoares,2022-02-21 17:55:32,lsoares
2028,110,2024-12-31,di,2022-02-21 17:58:31,lsoares,2022-02-21 17:58:31,lsoares
2028,111,2024-12-31,di,2022-02-21 17:59:57,lsoares,2022-02-21 17:59:57,lsoares
2028,112,2023-12-31,di,2022-02-21 18:01:53,lsoares,2022-02-21 18:01:53,lsoares
2029,113,2022-09-09,di,2022-08-26 15:29:57,renato.rossi,2022-08-26 15:29:57,renato.rossi
2032,321,2023-02-02,di,2023-01-17 15:42:19,renato.rossi,2023-01-17 15:42:19,renato.rossi
2032,322,2023-02-10,di,2023-01-17 15:42:55,renato.rossi,2023-01-17 15:42:55,renato.rossi
2034,114,2022-11-04,di,2022-10-28 15:22:46,rcarrijo,2022-10-28 15:22:46,rcarrijo
2034,114,2023-05-31,di,2022-11-24 14:07:11,rcarrijo,2022-11-24 14:07:11,rcarrijo
2034,154,2023-01-15,di,2022-11-24 14:09:23,rcarrijo,2022-11-24 14:09:23,rcarrijo
2034,155,2023-05-15,di,2022-11-24 14:10:01,rcarrijo,2022-11-24 14:10:01,rcarrijo
2034,156,2023-05-15,di,2022-11-24 14:14:51,rcarrijo,2022-11-24 14:14:51,rcarrijo
2034,157,2023-05-31,di,2022-11-24 14:13:45,rcarrijo,2022-11-24 14:13:45,rcarrijo
2034,158,2023-02-28,di,2022-11-24 14:14:25,rcarrijo,2022-11-24 14:14:25,rcarrijo
2034,160,2023-03-31,di,2022-11-24 14:17:53,rcarrijo,2022-11-24 14:17:53,rcarrijo
2034,160,2023-04-30,di,2023-02-28 16:36:00,amauger,2023-02-28 16:36:00,amauger
2034,160,2023-06-30,di,2023-02-28 16:36:31,amauger,2023-02-28 16:36:31,amauger
2035,115,2023-01-31,di,2022-11-29 11:43:58,rcarrijo,2022-11-29 11:43:58,rcarrijo
2035,116,2023-05-15,di,2022-11-29 11:44:55,rcarrijo,2022-11-29 11:44:55,rcarrijo
2035,118,2023-03-31,di,2022-11-29 13:18:06,rcarrijo,2022-11-29 13:18:06,rcarrijo
2035,119,2023-07-15,di,2022-11-29 13:18:29,rcarrijo,2022-11-29 13:18:29,rcarrijo
2035,120,2023-07-31,di,2022-11-29 13:17:34,rcarrijo,2022-11-29 13:17:34,rcarrijo
2035,121,2023-01-31,di,2022-11-29 13:21:28,rcarrijo,2022-11-29 13:21:28,rcarrijo
2035,122,2023-11-30,di,2022-11-29 13:22:16,rcarrijo,2022-11-29 13:22:16,rcarrijo
2035,123,2023-11-30,di,2022-11-29 13:21:06,rcarrijo,2022-11-29 13:21:06,rcarrijo
2035,123,2023-12-15,di,2022-11-29 13:21:50,rcarrijo,2022-11-29 13:21:50,rcarrijo
2035,124,2023-03-31,di,2022-11-29 13:28:18,rcarrijo,2022-11-29 13:28:18,rcarrijo
2035,125,2023-11-30,di,2022-11-29 13:28:42,rcarrijo,2022-11-29 13:28:42,rcarrijo
2035,126,2023-12-15,di,2022-11-29 13:28:01,rcarrijo,2022-11-29 13:28:01,rcarrijo
2035,128,2023-12-31,di,2022-11-29 13:30:15,rcarrijo,2022-11-29 13:30:15,rcarrijo
2036,141,2023-12-31,di,2022-11-29 15:21:41,rcarrijo,2022-11-29 15:21:41,rcarrijo
2036,142,2023-07-31,di,2022-11-29 15:23:52,rcarrijo,2022-11-29 15:23:52,rcarrijo
2036,143,2023-05-31,di,2022-11-29 15:24:23,rcarrijo,2022-11-29 15:24:23,rcarrijo
2036,144,2023-07-15,di,2022-11-29 15:24:54,rcarrijo,2022-11-29 15:24:54,rcarrijo
2036,145,2023-04-30,di,2022-11-29 15:18:38,rcarrijo,2022-11-29 15:18:38,rcarrijo
2036,146,2023-02-28,di,2022-11-29 15:19:04,rcarrijo,2022-11-29 15:19:04,rcarrijo
2036,147,2023-04-15,di,2022-11-29 15:19:29,rcarrijo,2022-11-29 15:19:29,rcarrijo
2036,148,2023-11-30,di,2022-11-29 15:34:00,rcarrijo,2022-11-29 15:34:00,rcarrijo
2036,149,2023-10-01,di,2022-11-29 15:34:36,rcarrijo,2022-11-29 15:34:36,rcarrijo
2036,150,2023-11-15,di,2022-11-29 15:35:02,rcarrijo,2022-11-29 15:35:02,rcarrijo
2036,151,2023-08-15,di,2022-11-29 15:41:16,rcarrijo,2022-11-29 15:41:16,rcarrijo
2036,151,2023-10-31,di,2022-11-29 15:37:59,rcarrijo,2022-11-29 15:37:59,rcarrijo
2036,152,2023-07-28,di,2022-11-29 15:40:34,rcarrijo,2022-11-29 15:40:34,rcarrijo
2036,153,2023-07-01,di,2022-11-29 15:40:54,rcarrijo,2022-11-29 15:40:54,rcarrijo
2036,153,2023-10-01,di,2022-11-29 15:38:57,rcarrijo,2022-11-29 15:38:57,rcarrijo
2037,129,2023-02-28,di,2022-11-29 14:51:27,rcarrijo,2022-11-29 14:51:27,rcarrijo
2037,130,2023-08-15,di,2022-11-29 14:51:56,rcarrijo,2022-11-29 14:51:56,rcarrijo
2037,131,2022-08-31,di,2022-11-29 14:51:01,rcarrijo,2022-11-29 14:51:01,rcarrijo
2037,131,2023-08-31,di,2022-11-29 14:52:33,rcarrijo,2022-11-29 14:52:33,rcarrijo
2037,132,2023-02-28,di,2022-11-29 14:55:27,rcarrijo,2022-11-29 14:55:27,rcarrijo
2037,133,2023-05-15,di,2022-11-29 14:55:54,rcarrijo,2022-11-29 14:55:54,rcarrijo
2037,134,2023-05-31,di,2022-11-29 14:54:55,rcarrijo,2022-11-29 14:54:55,rcarrijo
2037,135,2023-05-31,di,2022-11-29 14:57:40,rcarrijo,2022-11-29 14:57:40,rcarrijo
2037,136,2023-08-15,di,2022-11-29 14:58:07,rcarrijo,2022-11-29 14:58:07,rcarrijo
2037,137,2023-08-31,di,2022-11-29 14:57:16,rcarrijo,2022-11-29 14:57:16,rcarrijo
2037,139,2023-12-31,di,2022-11-29 14:59:15,rcarrijo,2022-11-29 14:59:15,rcarrijo
2038,161,2023-06-30,di,2023-01-06 11:20:07,gabriel.g,2023-01-06 11:20:07,gabriel.g
2038,162,2023-03-01,di,2023-01-06 11:19:43,gabriel.g,2023-01-06 11:19:43,gabriel.g
2038,163,2023-06-15,di,2023-01-06 11:19:57,gabriel.g,2023-01-06 11:19:57,gabriel.g
2038,164,2023-12-31,di,2023-01-06 11:20:41,gabriel.g,2023-01-06 11:20:41,gabriel.g
2038,165,2023-03-31,di,2023-01-06 11:20:25,gabriel.g,2023-01-06 11:20:25,gabriel.g
2038,166,2024-01-15,di,2023-01-06 11:20:55,gabriel.g,2023-01-06 11:20:55,gabriel.g
2038,167,2023-09-30,di,2023-01-06 11:21:43,gabriel.g,2023-01-06 11:21:43,gabriel.g
2038,168,2023-04-30,di,2023-01-06 11:21:18,gabriel.g,2023-01-06 11:21:18,gabriel.g
2038,169,2023-09-15,di,2023-01-06 11:21:32,gabriel.g,2023-01-06 11:21:32,gabriel.g
2038,170,2023-08-15,di,2023-01-06 11:22:12,gabriel.g,2023-01-06 11:22:12,gabriel.g
2038,171,2023-08-31,di,2023-01-06 11:22:25,gabriel.g,2023-01-06 11:22:25,gabriel.g
2038,172,2023-03-31,di,2023-01-06 11:21:59,gabriel.g,2023-01-06 11:21:59,gabriel.g
2038,173,2023-05-31,di,2023-01-06 11:22:45,gabriel.g,2023-01-06 11:22:45,gabriel.g
2038,174,2023-11-15,di,2023-01-06 11:23:00,gabriel.g,2023-01-06 11:23:00,gabriel.g
2038,175,2023-11-30,di,2023-01-06 11:23:11,gabriel.g,2023-01-06 11:23:11,gabriel.g
2038,176,2023-06-30,di,2023-01-06 11:23:26,gabriel.g,2023-01-06 11:23:26,gabriel.g
2038,177,2023-10-15,di,2023-01-06 11:23:38,gabriel.g,2023-01-06 11:23:38,gabriel.g
2038,178,2023-10-31,di,2023-01-06 11:23:50,gabriel.g,2023-01-06 11:23:50,gabriel.g
2038,179,2023-08-31,di,2023-01-06 11:25:08,gabriel.g,2023-01-06 11:25:08,gabriel.g
2038,180,2023-09-09,di,2023-01-06 11:24:46,gabriel.g,2023-01-06 11:24:46,gabriel.g
2038,181,2023-10-31,di,2023-01-06 11:25:20,gabriel.g,2023-01-06 11:25:20,gabriel.g
2038,182,2024-01-31,di,2023-01-06 11:25:52,gabriel.g,2023-01-06 11:25:52,gabriel.g
2039,184,2023-03-01,di,2023-01-06 11:09:21,gabriel.g,2023-01-06 11:09:21,gabriel.g
2039,185,2023-10-15,di,2023-01-06 11:09:34,gabriel.g,2023-01-06 11:09:34,gabriel.g
2039,186,2023-10-31,di,2023-01-06 11:09:46,gabriel.g,2023-01-06 11:09:46,gabriel.g
2039,187,2023-03-31,di,2023-01-06 11:10:25,gabriel.g,2023-01-06 11:10:25,gabriel.g
2039,188,2023-05-31,di,2023-01-06 11:10:49,gabriel.g,2023-01-06 11:10:49,gabriel.g
2039,189,2023-04-14,di,2023-01-06 11:10:38,gabriel.g,2023-01-06 11:10:38,gabriel.g
2039,190,2023-05-31,di,2023-01-06 11:11:10,gabriel.g,2023-01-06 11:11:10,gabriel.g
2039,191,2023-10-15,di,2023-01-06 11:11:22,gabriel.g,2023-01-06 11:11:22,gabriel.g
2039,192,2023-10-31,di,2023-01-06 11:11:34,gabriel.g,2023-01-06 11:11:34,gabriel.g
2039,193,2023-07-31,di,2023-01-06 11:11:52,gabriel.g,2023-01-06 11:11:52,gabriel.g
2039,194,2023-12-15,di,2023-01-06 11:12:09,gabriel.g,2023-01-06 11:12:09,gabriel.g
2039,195,2023-12-31,di,2023-01-06 11:12:21,gabriel.g,2023-01-06 11:12:21,gabriel.g
2039,196,2023-06-30,di,2023-01-06 11:15:16,gabriel.g,2023-01-06 11:15:16,gabriel.g
2039,197,2023-10-15,di,2023-01-06 11:15:29,gabriel.g,2023-01-06 11:15:29,gabriel.g
2039,198,2023-10-31,di,2023-01-06 11:15:40,gabriel.g,2023-01-06 11:15:40,gabriel.g
2039,199,2023-04-30,di,2023-01-06 11:15:57,gabriel.g,2023-01-06 11:15:57,gabriel.g
2039,200,2023-10-15,di,2023-01-06 11:16:11,gabriel.g,2023-01-06 11:16:11,gabriel.g
2039,201,2023-10-31,di,2023-01-06 11:16:24,gabriel.g,2023-01-06 11:16:24,gabriel.g
2039,205,2023-02-28,di,2023-01-06 11:14:24,gabriel.g,2023-01-06 11:14:24,gabriel.g
2039,206,2023-12-31,di,2023-01-06 11:14:42,gabriel.g,2023-01-06 11:14:42,gabriel.g
2039,207,2024-01-15,di,2023-01-06 11:14:56,gabriel.g,2023-01-06 11:14:56,gabriel.g
2039,208,2024-01-31,di,2023-01-06 11:17:06,gabriel.g,2023-01-06 11:17:06,gabriel.g
2040,210,2024-01-31,di,2023-01-06 11:05:55,gabriel.g,2023-01-06 11:05:55,gabriel.g
2040,212,2023-07-31,di,2023-01-06 11:04:47,gabriel.g,2023-01-06 11:04:47,gabriel.g
2040,213,2023-12-15,di,2023-01-06 11:05:02,gabriel.g,2023-01-06 11:05:02,gabriel.g
2040,214,2023-12-31,di,2023-01-06 11:05:15,gabriel.g,2023-01-06 11:05:15,gabriel.g
2040,215,2023-03-01,di,2023-01-06 11:03:51,gabriel.g,2023-01-06 11:03:51,gabriel.g
2040,216,2023-12-15,di,2023-01-06 11:04:07,gabriel.g,2023-01-06 11:04:07,gabriel.g
2040,217,2023-12-31,di,2023-01-06 11:04:20,gabriel.g,2023-01-06 11:04:20,gabriel.g
2040,218,2023-10-31,di,2023-01-06 11:03:35,gabriel.g,2023-01-06 11:03:35,gabriel.g
2040,219,2023-10-15,di,2023-01-06 11:03:23,gabriel.g,2023-01-06 11:03:23,gabriel.g
2040,220,2023-03-01,di,2023-01-06 11:03:11,gabriel.g,2023-01-06 11:03:11,gabriel.g
2040,221,2023-03-01,di,2023-01-06 11:02:31,gabriel.g,2023-01-06 11:02:31,gabriel.g
2040,222,2023-07-15,di,2023-01-06 11:02:44,gabriel.g,2023-01-06 11:02:44,gabriel.g
2040,223,2023-07-31,di,2023-01-06 11:02:55,gabriel.g,2023-01-06 11:02:55,gabriel.g
2040,224,2023-09-30,di,2023-01-06 11:02:13,gabriel.g,2023-01-06 11:02:13,gabriel.g
2040,225,2023-09-15,di,2023-01-06 11:01:59,gabriel.g,2023-01-06 11:01:59,gabriel.g
2040,226,2023-04-30,di,2023-01-06 11:01:47,gabriel.g,2023-01-06 11:01:47,gabriel.g
2040,227,2023-06-30,di,2023-01-06 11:01:03,gabriel.g,2023-01-06 11:01:03,gabriel.g
2040,228,2023-11-15,di,2023-01-06 11:01:16,gabriel.g,2023-01-06 11:01:16,gabriel.g
2040,229,2023-11-30,di,2023-01-06 11:01:29,gabriel.g,2023-01-06 11:01:29,gabriel.g
2040,230,2023-10-31,di,2023-01-06 11:00:44,gabriel.g,2023-01-06 11:00:44,gabriel.g
2040,231,2023-10-15,di,2023-01-06 11:00:31,gabriel.g,2023-01-06 11:00:31,gabriel.g
2040,232,2023-05-31,di,2023-01-06 11:00:18,gabriel.g,2023-01-06 11:00:18,gabriel.g
2040,233,2023-04-14,di,2023-01-06 10:59:06,gabriel.g,2023-01-06 10:59:06,gabriel.g
2040,234,2023-05-31,di,2023-01-06 10:59:20,gabriel.g,2023-01-06 10:59:20,gabriel.g
2040,235,2023-03-31,di,2023-01-06 10:58:46,gabriel.g,2023-01-06 10:58:46,gabriel.g
2040,236,2023-09-30,di,2023-01-06 10:57:15,gabriel.g,2023-01-06 10:57:15,gabriel.g
2040,237,2023-12-31,di,2023-01-06 10:58:06,gabriel.g,2023-01-06 10:58:06,gabriel.g
2040,238,2023-11-10,di,2023-01-06 10:57:46,gabriel.g,2023-01-06 10:57:46,gabriel.g
2041,239,2023-03-01,di,2023-01-06 10:45:48,gabriel.g,2023-01-06 10:45:48,gabriel.g
2041,239,2023-03-15,di,2023-02-02 09:57:56,gabriel.g,2023-02-02 09:57:56,gabriel.g
2041,240,2023-07-31,di,2023-02-02 09:58:37,gabriel.g,2023-02-02 09:58:37,gabriel.g
2041,240,2023-11-30,di,2023-01-06 10:46:03,gabriel.g,2023-01-06 10:46:03,gabriel.g
2041,241,2023-08-15,di,2023-02-02 09:58:47,gabriel.g,2023-02-02 09:58:47,gabriel.g
2041,241,2023-12-15,di,2023-01-06 10:46:18,gabriel.g,2023-01-06 10:46:18,gabriel.g
2041,242,2023-05-31,di,2023-02-02 10:00:30,gabriel.g,2023-02-02 10:00:30,gabriel.g
2041,242,2023-07-31,di,2023-01-06 10:46:42,gabriel.g,2023-01-06 10:46:42,gabriel.g
2041,242,2023-08-31,di,2023-02-28 16:34:27,amauger,2023-02-28 16:34:27,amauger
2042,244,2023-03-01,di,2023-01-06 10:43:00,gabriel.g,2023-01-06 10:43:00,gabriel.g
2042,244,2023-03-15,di,2023-02-02 10:04:39,gabriel.g,2023-02-02 10:04:39,gabriel.g
2042,245,2023-07-31,di,2023-02-02 10:05:07,gabriel.g,2023-02-02 10:05:07,gabriel.g
2042,245,2023-11-30,di,2023-01-06 10:43:18,gabriel.g,2023-01-06 10:43:18,gabriel.g
2042,246,2023-08-15,di,2023-02-02 10:05:19,gabriel.g,2023-02-02 10:05:19,gabriel.g
2042,246,2023-12-15,di,2023-01-06 10:43:33,gabriel.g,2023-01-06 10:43:33,gabriel.g
2042,247,2023-05-31,di,2023-02-02 10:06:49,gabriel.g,2023-02-02 10:06:49,gabriel.g
2042,247,2023-06-30,di,2023-02-02 10:08:06,gabriel.g,2023-02-02 10:08:06,gabriel.g
2042,247,2023-07-31,di,2023-01-06 10:44:15,gabriel.g,2023-01-06 10:44:15,gabriel.g
2042,247,2023-09-30,di,2023-03-08 12:10:46,amauger,2023-03-08 12:10:46,amauger
2043,249,2023-04-30,di,2023-02-02 11:26:33,gabriel.g,2023-02-02 11:26:33,gabriel.g
2043,250,2023-10-31,di,2023-02-02 11:27:03,gabriel.g,2023-02-02 11:27:03,gabriel.g
2043,251,2023-05-31,di,2023-02-02 11:26:47,gabriel.g,2023-02-02 11:26:47,gabriel.g
2043,252,2023-12-31,di,2023-02-02 11:27:18,gabriel.g,2023-02-02 11:27:18,gabriel.g
2043,253,2023-03-01,di,2023-01-06 10:36:35,gabriel.g,2023-01-06 10:36:35,gabriel.g
2043,254,2023-12-15,di,2023-01-06 10:36:48,gabriel.g,2023-01-06 10:36:48,gabriel.g
2043,255,2023-12-31,di,2023-01-06 10:37:04,gabriel.g,2023-01-06 10:37:04,gabriel.g
2043,256,2023-03-31,di,2023-01-06 10:37:42,gabriel.g,2023-01-06 10:37:42,gabriel.g
2043,257,2023-10-15,di,2023-01-06 10:37:56,gabriel.g,2023-01-06 10:37:56,gabriel.g
2043,258,2023-10-31,di,2023-01-06 10:38:09,gabriel.g,2023-01-06 10:38:09,gabriel.g
2043,259,2023-03-31,di,2023-01-06 10:38:29,gabriel.g,2023-01-06 10:38:29,gabriel.g
2043,260,2023-07-15,di,2023-01-06 10:38:43,gabriel.g,2023-01-06 10:38:43,gabriel.g
2043,261,2023-07-31,di,2023-01-06 10:38:57,gabriel.g,2023-01-06 10:38:57,gabriel.g
2043,262,2023-06-30,di,2023-01-06 10:39:20,gabriel.g,2023-01-06 10:39:20,gabriel.g
2043,263,2023-11-15,di,2023-01-06 10:39:34,gabriel.g,2023-01-06 10:39:34,gabriel.g
2043,264,2023-11-30,di,2023-01-06 10:39:47,gabriel.g,2023-01-06 10:39:47,gabriel.g
2043,265,2023-03-01,di,2023-01-06 10:40:10,gabriel.g,2023-01-06 10:40:10,gabriel.g
2043,266,2023-10-15,di,2023-01-06 10:40:24,gabriel.g,2023-01-06 10:40:24,gabriel.g
2043,267,2023-10-31,di,2023-01-06 10:40:37,gabriel.g,2023-01-06 10:40:37,gabriel.g
2043,268,2023-06-15,di,2023-01-06 10:41:04,gabriel.g,2023-01-06 10:41:04,gabriel.g
2043,268,2023-06-30,di,2023-01-06 10:41:15,gabriel.g,2023-01-06 10:41:15,gabriel.g
2043,269,2023-12-15,di,2023-01-06 10:41:30,gabriel.g,2023-01-06 10:41:30,gabriel.g
2043,270,2023-12-31,di,2023-01-06 10:41:46,gabriel.g,2023-01-06 10:41:46,gabriel.g
2043,272,2024-01-31,di,2023-01-06 10:42:24,gabriel.g,2023-01-06 10:42:24,gabriel.g
2044,273,2023-04-30,di,2023-01-06 10:23:07,gabriel.g,2023-01-06 10:23:07,gabriel.g
2044,274,2023-07-15,di,2023-01-06 10:23:22,gabriel.g,2023-01-06 10:23:22,gabriel.g
2044,275,2023-07-31,di,2023-01-06 10:23:36,gabriel.g,2023-01-06 10:23:36,gabriel.g
2044,276,2023-03-01,di,2023-01-06 10:23:56,gabriel.g,2023-01-06 10:23:56,gabriel.g
2044,277,2023-07-15,di,2023-01-06 10:24:13,gabriel.g,2023-01-06 10:24:13,gabriel.g
2044,278,2023-07-31,di,2023-01-06 10:24:29,gabriel.g,2023-01-06 10:24:29,gabriel.g
2044,279,2023-05-31,di,2023-01-06 10:24:54,gabriel.g,2023-01-06 10:24:54,gabriel.g
2044,280,2023-12-15,di,2023-01-06 10:25:10,gabriel.g,2023-01-06 10:25:10,gabriel.g
2044,281,2023-12-31,di,2023-01-06 10:25:22,gabriel.g,2023-01-06 10:25:22,gabriel.g
2044,282,2023-03-01,di,2023-01-06 10:25:42,gabriel.g,2023-01-06 10:25:42,gabriel.g
2044,283,2023-12-31,di,2023-01-06 10:26:03,gabriel.g,2023-01-06 10:26:03,gabriel.g
2044,284,2024-01-15,di,2023-01-06 10:26:22,gabriel.g,2023-01-06 10:26:22,gabriel.g
2044,285,2023-07-31,di,2023-01-06 10:26:53,gabriel.g,2023-01-06 10:26:53,gabriel.g
2044,286,2023-12-15,di,2023-01-06 10:27:11,gabriel.g,2023-01-06 10:27:11,gabriel.g
2044,287,2023-12-31,di,2023-01-06 10:27:26,gabriel.g,2023-01-06 10:27:26,gabriel.g
2044,289,2024-01-31,di,2023-01-06 10:28:06,gabriel.g,2023-01-06 10:28:06,gabriel.g
2045,290,2023-05-31,di,2023-01-06 10:16:45,gabriel.g,2023-01-06 10:16:45,gabriel.g
2045,291,2023-10-15,di,2023-01-06 10:17:05,gabriel.g,2023-01-06 10:17:05,gabriel.g
2045,292,2023-10-31,di,2023-01-06 10:17:20,gabriel.g,2023-01-06 10:17:20,gabriel.g
2045,293,2023-03-31,di,2023-01-06 10:17:43,gabriel.g,2023-01-06 10:17:43,gabriel.g
2045,294,2023-07-15,di,2023-01-06 10:18:00,gabriel.g,2023-01-06 10:18:00,gabriel.g
2045,295,2023-07-31,di,2023-01-06 10:18:14,gabriel.g,2023-01-06 10:18:14,gabriel.g
2045,296,2023-03-31,di,2023-01-06 10:18:39,gabriel.g,2023-01-06 10:18:39,gabriel.g
2045,297,2023-08-15,di,2023-01-06 10:18:55,gabriel.g,2023-01-06 10:18:55,gabriel.g
2045,298,2023-08-31,di,2023-01-06 10:19:10,gabriel.g,2023-01-06 10:19:10,gabriel.g
2045,299,2023-02-28,di,2023-01-06 10:19:39,gabriel.g,2023-01-06 10:19:39,gabriel.g
2045,300,2023-12-31,di,2023-01-06 10:20:04,gabriel.g,2023-01-06 10:20:04,gabriel.g
2045,301,2024-01-15,di,2023-01-06 10:20:21,gabriel.g,2023-01-06 10:20:21,gabriel.g
2045,302,2023-05-31,di,2023-01-06 10:20:46,gabriel.g,2023-01-06 10:20:46,gabriel.g
2045,303,2023-09-15,di,2023-01-06 10:21:03,gabriel.g,2023-01-06 10:21:03,gabriel.g
2045,304,2023-09-30,di,2023-01-06 10:21:18,gabriel.g,2023-01-06 10:21:18,gabriel.g
2045,306,2024-01-31,di,2023-01-06 10:22:15,gabriel.g,2023-01-06 10:22:15,gabriel.g
2046,307,2023-03-31,di,2023-01-06 10:10:40,gabriel.g,2023-01-06 10:10:40,gabriel.g
2046,308,2023-10-15,di,2023-01-06 10:11:01,gabriel.g,2023-01-06 10:11:01,gabriel.g
2046,309,2023-10-31,di,2023-01-06 10:11:20,gabriel.g,2023-01-06 10:11:20,gabriel.g
2046,310,2023-03-31,di,2023-01-06 10:11:51,gabriel.g,2023-01-06 10:11:51,gabriel.g
2046,311,2023-09-15,di,2023-01-06 10:12:30,gabriel.g,2023-01-06 10:12:30,gabriel.g
2046,312,2023-09-30,di,2023-01-06 10:12:45,gabriel.g,2023-01-06 10:12:45,gabriel.g
2046,313,2023-03-01,di,2023-01-06 10:13:27,gabriel.g,2023-01-06 10:13:27,gabriel.g
2046,313,2023-03-15,di,2023-02-02 10:19:21,gabriel.g,2023-02-02 10:19:21,gabriel.g
2046,314,2023-09-15,di,2023-01-06 10:13:52,gabriel.g,2023-01-06 10:13:52,gabriel.g
2046,315,2023-09-30,di,2023-01-06 10:14:06,gabriel.g,2023-01-06 10:14:06,gabriel.g
2046,320,2023-12-31,di,2023-01-06 10:16:12,gabriel.g,2023-01-06 10:16:12,gabriel.g
2047,342,2023-04-25,di,2023-03-13 15:08:01,gabriel.g,2023-03-13 15:08:01,gabriel.g
2047,343,2023-05-25,di,2023-03-13 15:08:58,gabriel.g,2023-03-13 15:08:58,gabriel.g
2047,344,2023-05-31,di,2023-03-13 15:10:19,gabriel.g,2023-03-13 15:10:19,gabriel.g
2047,345,2023-05-31,di,2023-03-13 15:13:13,gabriel.g,2023-03-13 15:13:13,gabriel.g
2047,346,2023-07-20,di,2023-03-13 15:14:16,gabriel.g,2023-03-13 15:14:16,gabriel.g
2047,347,2023-07-31,di,2023-03-13 15:14:58,gabriel.g,2023-03-13 15:14:58,gabriel.g
2047,348,2023-04-30,di,2023-03-13 15:17:31,gabriel.g,2023-03-13 15:17:31,gabriel.g
2047,349,2023-07-20,di,2023-03-13 15:18:10,gabriel.g,2023-03-13 15:18:10,gabriel.g
2047,349,2023-08-20,di,2023-03-13 16:10:09,gabriel.g,2023-03-13 16:10:09,gabriel.g
2047,350,2023-07-31,di,2023-03-13 15:18:45,gabriel.g,2023-03-13 15:18:45,gabriel.g
2047,350,2023-08-31,di,2023-03-13 16:10:22,gabriel.g,2023-03-13 16:10:22,gabriel.g
2047,351,2023-09-20,di,2023-03-13 15:23:35,gabriel.g,2023-03-13 15:23:35,gabriel.g
2047,352,2023-10-20,di,2023-03-13 15:27:07,gabriel.g,2023-03-13 15:27:07,gabriel.g
2047,353,2023-10-31,di,2023-03-13 15:27:46,gabriel.g,2023-03-13 15:27:46,gabriel.g
2047,354,2023-07-31,di,2023-03-13 15:30:35,gabriel.g,2023-03-13 15:30:35,gabriel.g
2047,355,2023-11-15,di,2023-03-13 15:31:14,gabriel.g,2023-03-13 15:31:14,gabriel.g
2047,356,2023-11-30,di,2023-03-13 15:31:45,gabriel.g,2023-03-13 15:31:45,gabriel.g
2047,357,2023-08-31,di,2023-03-13 15:39:13,gabriel.g,2023-03-13 15:39:13,gabriel.g
2047,358,2023-11-15,di,2023-03-13 15:39:58,gabriel.g,2023-03-13 15:39:58,gabriel.g
2047,359,2023-11-30,di,2023-03-13 15:40:24,gabriel.g,2023-03-13 15:40:24,gabriel.g
2047,360,2023-09-20,di,2023-03-13 15:48:14,gabriel.g,2023-03-13 15:48:14,gabriel.g
2047,361,2023-09-30,di,2023-03-13 15:49:31,gabriel.g,2023-03-13 15:49:31,gabriel.g
2047,362,2024-03-15,di,2023-03-13 15:51:50,gabriel.g,2023-03-13 15:51:50,gabriel.g
2048,323,2023-03-01,di,2023-02-24 12:04:59,gabriel.g,2023-02-24 12:04:59,gabriel.g
2048,324,2023-03-31,di,2023-02-24 12:06:12,gabriel.g,2023-02-24 12:06:12,gabriel.g
2048,325,2023-04-01,di,2023-02-24 12:06:49,gabriel.g,2023-02-24 12:06:49,gabriel.g
2048,326,2023-03-01,di,2023-02-24 12:10:07,gabriel.g,2023-02-24 12:10:07,gabriel.g
2048,327,2023-11-30,di,2023-02-24 12:11:30,gabriel.g,2023-02-24 12:11:30,gabriel.g
2048,328,2023-11-30,di,2023-02-24 12:12:12,gabriel.g,2023-02-24 12:12:12,gabriel.g
2048,329,2023-03-01,di,2023-02-24 12:18:26,gabriel.g,2023-02-24 12:18:26,gabriel.g
2048,330,2023-03-31,di,2023-02-24 12:19:24,gabriel.g,2023-02-24 12:19:24,gabriel.g
2048,331,2023-04-30,di,2023-02-24 12:20:13,gabriel.g,2023-02-24 12:20:13,gabriel.g
2048,332,2023-03-01,di,2023-02-24 12:23:38,gabriel.g,2023-02-24 12:23:38,gabriel.g
2048,333,2023-08-30,di,2023-02-24 12:24:59,gabriel.g,2023-02-24 12:24:59,gabriel.g
2048,334,2023-08-30,di,2023-02-24 12:25:41,gabriel.g,2023-02-24 12:25:41,gabriel.g
2048,335,2023-03-01,di,2023-02-24 12:27:49,gabriel.g,2023-02-24 12:27:49,gabriel.g
2048,336,2023-09-30,di,2023-02-24 12:28:39,gabriel.g,2023-02-24 12:28:39,gabriel.g
2048,337,2023-09-30,di,2023-02-24 12:29:30,gabriel.g,2023-02-24 12:29:30,gabriel.g
2048,338,2023-03-01,di,2023-02-24 14:51:14,gabriel.g,2023-02-24 14:51:14,gabriel.g
2048,339,2023-09-30,di,2023-02-24 12:32:28,gabriel.g,2023-02-24 12:32:28,gabriel.g
2048,340,2023-10-30,di,2023-02-24 12:33:09,gabriel.g,2023-02-24 12:33:09,gabriel.g
2048,341,2023-12-20,di,2023-02-24 12:36:40,gabriel.g,2023-02-24 12:36:40,gabriel.g
2049,363,2023-04-30,di,2023-03-21 09:48:56,gabriel.g,2023-03-21 09:48:56,gabriel.g
2049,364,2023-06-15,di,2023-03-21 09:49:36,gabriel.g,2023-03-21 09:49:36,gabriel.g
2049,365,2023-06-30,di,2023-03-21 09:50:03,gabriel.g,2023-03-21 09:50:03,gabriel.g
2049,366,2023-06-30,di,2023-03-21 09:50:38,gabriel.g,2023-03-21 09:50:38,gabriel.g
2049,367,2023-08-16,di,2023-03-21 09:51:07,gabriel.g,2023-03-21 09:51:07,gabriel.g
2049,368,2023-08-31,di,2023-03-21 09:51:29,gabriel.g,2023-03-21 09:51:29,gabriel.g
2049,369,2023-05-31,di,2023-03-21 09:52:02,gabriel.g,2023-03-21 09:52:02,gabriel.g
2049,370,2023-10-16,di,2023-03-21 09:52:29,gabriel.g,2023-03-21 09:52:29,gabriel.g
2049,371,2023-10-31,di,2023-03-21 09:52:56,gabriel.g,2023-03-21 09:52:56,gabriel.g
2049,372,2023-07-20,di,2023-03-21 09:53:40,gabriel.g,2023-03-21 09:53:40,gabriel.g
2049,373,2023-08-21,di,2023-03-21 09:54:11,gabriel.g,2023-03-21 09:54:11,gabriel.g
2049,374,2023-08-31,di,2023-03-21 09:54:35,gabriel.g,2023-03-21 09:54:35,gabriel.g
2049,375,2023-04-30,di,2023-03-21 09:55:17,gabriel.g,2023-03-21 09:55:17,gabriel.g
2049,376,2023-06-15,di,2023-03-21 09:56:00,gabriel.g,2023-03-21 09:56:00,gabriel.g
2049,377,2023-06-30,di,2023-03-21 09:56:36,gabriel.g,2023-03-21 09:56:36,gabriel.g
2049,378,2023-12-15,di,2023-03-21 09:57:33,gabriel.g,2023-03-21 09:57:33,gabriel.g