"cd_ubs","tx_ubs_nome","tx_ubs_sigla","cd_regiao","cd_ra","cnes","tipo_ubs","rural","telefone_unidade","endereco_unidade","horario_funcionamento","ponto_eletronico","agd_acesso_avancado","agd_ordem_chegada","agd_bloco_horas","agd_horario_marcado","agd_turno","realiza_ecg_ubs","farmaciafornecimento_usuarios","presenca_supervisao_farmaceutico","dispensacao_psicotropico","coleta_laboratorial","imunizacao","horario_funcionamento_sala_vacina","bcg","formato_uso_esus_ab","cadeiras_odonto_funcionamento","esf_completas","esf_incompletas","total_esf","total_esb","total_nasf","total_ecr","total_prisional","total_equipe_socio_educativo","latitude","longitude","the_geom","cd_gsap","nu_min_ent_inloco","tipologia"
169,"UNIDADE BÁSICA DE SAÚDE Nº 13 - GAMA","UBS Nº 13 - GAMA",8,7,"0470104",NULL,NULL,NULL,NULL,NULL,NULL,NULL,NULL,NULL,NULL,NULL,NULL,NULL,NULL,NULL,NULL,NULL,NULL,NULL,NULL,NULL,NULL,NULL,NULL,NULL,NULL,NULL,NULL,NULL,NULL,NULL,NULL,84,NULL,NULL
14,"UNIDADE BÁSICA DE SAÚDE Nº 01 - JARDINS MANGUEIRAL","UBS Nº 01 - JARDINS MANGUEIRAL",4,21,"736260",NULL,NULL,NULL,NULL,NULL,NULL,NULL,NULL,NULL,NULL,NULL,NULL,NULL,NULL,NULL,NULL,NULL,NULL,NULL,NULL,NULL,NULL,NULL,NULL,NULL,NULL,NULL,NULL,NULL,NULL,NULL,NULL,55,35,NULL
136,"UNIDADE BÁSICA DE SAÚDE Nº 10 - RECANTO DAS EMAS","UBS Nº 10 - RECANTO DAS EMAS",7,16,"3144623","UBS TIPO 1","NÃO","99166-9596","QUADRA 511/311 LOTE 01 AV. MONJOLO","das 07h às 17h de segunda a sexta","NÃO","NÃO","NÃO","NÃO","SIM","NÃO","NÃO","CAUTELA","NÃO","NÃO","NÃO","NÃO","NÃO","NÃO","OFFLINE","1","0","2","2","1","0","0","0","0","-15,933119","-48,106438","0101000020421200009C86A8C29F0D48C06D8D08C6C1DD2FC0",19,9,"E"
8,"UNIDADE BÁSICA DE SAÚDE Nº 01 - CRUZEIRO","UBS Nº 01 - CRUZEIRO",2,5,"10731","UBS TIPO 2","NÃO","2017-1900 RAMAL 4245","SHCES Quadra 601 LT 01 Àrea especial","das 07h às 19h de segunda a sexta, e sábado das 07h às 12h ","SIM","NÃO","NÃO","NÃO","SIM","NÃO","NÃO","SIM","SIM","SIM","SIM - DIÁRIO","SIM","08 às 18:30h segunda a sexta e sábado 08 às 11:30h","QUINTA - FEIRA","ONLINE","2","0","5","5","2","1","0","0","1","-15,800747","-47,942181","010100002042120000CFF4126399F847C07FBDC282FB992FC0",9,59,"B"
153,"UNIDADE BÁSICA DE SAÚDE Nº 13 - SAMAMBAIA","UBS Nº 13 - SAMAMBAIA",7,19,"9647597","UBS TIPO 1","NÃO","não tem","QS 615 A AREA ESPECIAL 1","das 07h às 18h de segunda a sexta","NÃO","NÃO","NÃO","SIM","NÃO","NÃO","NÃO","NÃO","NÃO","NÃO","NÃO","NÃO","NÃO","NÃO","OFFLINE","0","1","2","3","0","0","0","0","0","-15,876583","-48,115639","01010000204212000032923D42CD0E48C08A75AA7CCFC02FC0",41,10,NULL
168,"UNIDADE BÁSICA DE SAÚDE Nº 07 - SOBRADINHO II","UBS Nº 07 - SOBRADINHO II",5,25,"0957755",NULL,NULL,NULL,NULL,NULL,NULL,NULL,NULL,NULL,NULL,NULL,NULL,NULL,NULL,NULL,NULL,NULL,NULL,NULL,NULL,NULL,NULL,NULL,NULL,NULL,NULL,NULL,NULL,NULL,NULL,NULL,NULL,56,35,NULL
9,"UNIDADE BÁSICA DE SAÚDE Nº 01 - ESTRUTURAL","UBS Nº 01 - ESTRUTURAL",3,22,"2779374","UBS TIPO 2","NÃO","2017-1145 (R-4111)","AE 01 Setor Central Vila Estrutural CEP 71.255-030","das 07h às 22h de segunda a sexta","SIM","NÃO","NÃO","NÃO","SIM","NÃO","SIM","SIM","SIM","SIM","SIM - DIÁRIO","SIM","07:30h às 18:30h segunda a sexta e sábado 7:30h às 11:30h ","SEGUNDA, QUARTA E SEXTA","ONLINE","3","5","4","9","5","1","0","0","0","-15,783654","-47,997248","0101000020421200002E008DD2A5FF47C059C2DA183B912FC0",10,54,"B"
10,"UNIDADE BÁSICA DE SAÚDE Nº 01 - FERCAL","UBS Nº 01 - FERCAL",5,6,"2804360","UBS TIPO 1","NÃO","98624-9364","DF 150 KM 12 Quadra 10 Casa 14, Engenho Velho - Fercal","das 07h às 17h de segunda a sexta","NÃO","NÃO","NÃO","NÃO","SIM","NÃO","NÃO","SIM","SIM","SIM","SIM - VOLANTE","SIM","8h às 16:30 - segunda a sexta ","SEXTA - FEIRA","OFFLINE","1","2","0","2","0","0","0","0","0","-15,600348","-47,871589","010100002042120000D446753A90EF47C0227024D060332FC0",87,22,"B"
11,"UNIDADE BÁSICA DE SAÚDE Nº 01 - GAMA","UBS Nº 01 - GAMA",8,7,"10820","UBS TIPO 2","NÃO","2017-5491","Entrequadra 06/12, Área Especial, Setor Sul - Gama","das 07h às 19h de segunda a sexta, e sábado das 07h às 12h ","SIM","NÃO","NÃO","NÃO","SIM","NÃO","SIM","SIM","SIM","NÃO","SIM - DIÁRIO","SIM","08h às 17:30h segunda a sexta, sábados das 8h às 11h30 ","SEGUNDA - FEIRA","ONLINE","4","5","0","5","4","1","0","0","0","-16,020679","-48,084848","010100002042120000C5909C4CDC0A48C0C8B60C384B0530C0",11,35,"B"
12,"UNIDADE BÁSICA DE SAÚDE Nº 01 - GUARÁ","UBS Nº 01 - GUARÁ",3,8,"11118","UBS TIPO 2","NÃO","2017-4195","QE 06-Lote C - Área Especial S/N-Guará I - CEP: 71.010-006","das 07h às 18h de segunda a sexta, e sábado das 07h às 12h","SIM","NÃO","NÃO","NÃO","SIM","NÃO","SIM","SIM","SIM","NÃO","SIM - DIÁRIO","SIM","07:30h às 17:30h segunda a sexta","SEGUNDA E QUARTA","ONLINE","2","6","1","7","3","1","0","0","0","-15,818217","-47,986487","010100002042120000EE76BD3445FE47C0FE0FB056EDA22FC0",12,54,"D"
13,"UNIDADE BÁSICA DE SAÚDE Nº 01 - ITAPOÃ","UBS Nº 01 - ITAPOÃ",4,9,"6268269","UBS TIPO 2","NÃO","TEL. 2017-1048 / RAMAIS: 2181 - GSAP: 2180","QD 378 AE DEL LAGO - ITAPOÃ PROX. ESCOLA ZILDA ARNS","das 07h às 22h de segunda a sexta","SIM","NÃO","NÃO","NÃO","SIM","NÃO","SIM","SIM","SIM","SIM","SIM - DIÁRIO","SIM","07h às 18h de segunda a sexta-feira","QUINTA - FEIRA","ONLINE","4","9","0","9","5","1","0","0","0","-15,740397","-47,763109","0101000020421200004224438EADE147C0EF1CCA50157B2FC0",13,54,"B"
15,"UNIDADE BÁSICA DE SAÚDE Nº 01 - LAGO NORTE","UBS Nº 01 - LAGO NORTE",2,10,"11177","UBS TIPO 2","NÃO","2017-1145 - RAMAL 2150 ou 2151","SHIN QI 03 Área Especial, Lago Norte","das 07h às 19h de segunda a sexta, e sábado das 07h às 12h ","SIM","NÃO","NÃO","NÃO","SIM","NÃO","NÃO","SIM","SIM","SIM","SIM - DIÁRIO","SIM","08 às 18:30h segunda a sexta e sábado 08 às 12:000h","SEGUNDA - FEIRA","ONLINE","2","0","4","4","2","0","0","0","0","-15,725567","-47,87385","01010000204212000007CE1951DAEF47C0191D90847D732FC0",14,59,"B"
71,"UNIDADE BÁSICA DE SAÚDE Nº 04 - CEILÂNDIA","UBS Nº 04 - CEILÂNDIA",6,4,"11002","UBS TIPO 1","NÃO","2017-1145/4454","QNN 16 LOTE F","das 07h às 18h de segunda a sexta","SIM","NÃO","NÃO","NÃO","NÃO","NÃO","NÃO","SIM","NÃO","NÃO","NÃO","NÃO","Volante ","NÃO","ONLINE","3","2","0","2","2","0","0","0","0","-15,835603","-48,105146","01010000204212000011A7936C750D48C005E10A28D4AB2FC0",58,22,"D"
16,"UNIDADE BÁSICA DE SAÚDE Nº 01 - NÚCLEO BANDEIRANTE","UBS Nº 01 - NÚCLEO BANDEIRANTE",3,11,"11126","UBS TIPO 2","NÃO","2017-6531","3ª Avenida - Área Especial nº 03 CEP: 71720-586","das 07h às 19h de segunda a sexta, e sábado das 07h às 12h ","SIM","NÃO","NÃO","NÃO","SIM","NÃO","SIM","SIM","SIM","SIM","SIM - DIÁRIO","SIM","07:30h às 18:30h segunda a sexta e sábado 7:30h às 11:30h ","SEGUNDA, QUARTA E SEXTA","ONLINE","3","1","4","5","2","1","0","0","0","-15,87052436","-47,9655093","010100002042120000EFBD09CF95FB47C08524715EB5BD2FC0",16,35,"B"
17,"UNIDADE BÁSICA DE SAÚDE Nº 01 - PARANOÁ","UBS Nº 01 - PARANOÁ",4,12,"10634","UBS TIPO 2","NÃO","2017 - 1545","QD 21 AREA ESPECIAL CONJUNTO 15 - PARANOÁ","das 07h às 22h de segunda a sexta","SIM","NÃO","NÃO","NÃO","NÃO","SIM","SIM","SIM","SIM","SIM","SIM - DIÁRIO","SIM","07:30h às 18h de segunda a sexta feira","SEGUNDA - FEIRA","OFFLINE","2","7","3","10","5","1","0","0","0","-15,769394","-47,779941","0101000020421200009FE74F1BD5E347C02D7AA702EE892FC0",17,54,"C"
19,"UNIDADE BÁSICA DE SAÚDE Nº 01 - PLANALTINA","UBS Nº 01 - PLANALTINA",5,14,"5167817","UBS TIPO 1","NÃO","Não possui linha telefônica","Quadra 18 Conjunto H AE 1, St Residencial Leste, Buritis IV, Planaltina, antigo prédio do SEDEST","das 07h às 17h de segunda a sexta","NÃO","NÃO","NÃO","NÃO","SIM","NÃO","NÃO","SIM","NÃO","NÃO","NÃO","SIM","8h às 16:30 - segunda a sexta","SEXTA - FEIRA","OFFLINE","1","2","1","3","1","0","0","0","0","-15,618292","-47,640293","010100002042120000CA6DFB1EF5D147C0C2C1DEC4903C2FC0",18,22,"D"
21,"UNIDADE BÁSICA DE SAÚDE Nº 01 - RIACHO FUNDO I","UBS Nº 01 - RIACHO FUNDO I",3,17,"11169","UBS TIPO 2","NÃO","2017-1287","QN 09 - Área Especial nº 11 Riacho Fundo I CEP: 71.805-739","das 07h às 22h de segunda a sexta","SIM","NÃO","NÃO","NÃO","SIM","NÃO","SIM","SIM","SIM","SIM","SIM - DIÁRIO","SIM","07:30h às 18:30h segunda a sexta","TERÇA E SEXTA","OFFLINE","1","4","3","7","3","1","0","0","0","-15,885214","-48,02341","0101000020421200001E335019FF0248C035ECF7C43AC52FC0",20,54,"B"
22,"UNIDADE BÁSICA DE SAÚDE Nº 01 - RIACHO FUNDO II","UBS Nº 01 - RIACHO FUNDO II",3,18,"5038669","UBS TIPO 2","NÃO","2017-1291 (R-6422) 2017-1293 (R-6424)","QC 06 Conj. 16 - Área Esp. Lt. 01- Riacho F. II CEP: 71.882-266","das 07h às 22h de segunda a sexta","SIM","NÃO","NÃO","NÃO","SIM","NÃO","SIM","SIM","SIM","NÃO","SIM - DIÁRIO","SIM","07:30h às 18:30h segunda a sexta","TERÇA E QUARTA","OFFLINE","3","7","0","7","3","1","0","0","0","-15,923025","-48,043917","010100002042120000855E7F129F0548C0E3C798BB96D82FC0",21,35,"C"
23,"UNIDADE BÁSICA DE SAÚDE Nº 01 - SAMAMBAIA","UBS Nº 01 - SAMAMBAIA",7,19,"10642","UBS TIPO 1","NÃO","98587-1283","QR 408-ÁREA ESPECIAL Nº 1","das 07h às 22h de segunda a sexta","NÃO","NÃO","NÃO","SIM","NÃO","NÃO","NÃO","NÃO","NÃO","NÃO","NÃO","NÃO","NÃO","NÃO","OFFLINE","0","7","2","9","1","0","0","0","0","-15,862819","-48,078827","0101000020421200005985CD00170A48C01FBC7669C3B92FC0",95,26,"E"
24,"UNIDADE BÁSICA DE SAÚDE Nº 01 - SANTA MARIA","UBS Nº 01 - SANTA MARIA",8,20,"10782","UBS TIPO 2","NÃO","2017-1145 - Ramal 6070","QR 207/307, Conjunto T, Área Especial, Santa Maria","das 07h às 22h de segunda a sexta","SIM","NÃO","NÃO","NÃO","SIM","NÃO","NÃO","SIM","SIM","SIM","SIM - DIÁRIO","SIM","08:00h às 18:30h segunda a sexta e sábado de 08:00h às 11:30h","SEGUNDA E QUARTA","OFFLINE","4","3","8","11","6","1","0","0","0","-16,026851","-48,026468","010100002042120000FD31AD4D630348C06ADD06B5DF0630C0",23,54,"C"
79,"UNIDADE BÁSICA DE SAÚDE Nº 04 - SÃO SEBASTIÃO","UBS Nº 04 - SÃO SEBASTIÃO",4,21,"3212033","UBS TIPO 1","NÃO","6310 TEL. 99147-1013 GSAP: 6322 / 6323","VILA OLÍMPICA (MORRO AZUL) DE SÃO SEBASTIÃO","das 07h às 17h de segunda a sexta","NÃO","NÃO","NÃO","NÃO","SIM","NÃO","NÃO","CAUTELA","NÃO","NÃO","NÃO","NÃO","NÃO","NÃO","OFFLINE","0","1","0","1","0","0","0","0","0","-15,891723","-47,782025","010100002042120000C3D32B6519E447C0992EC4EA8FC82FC0",55,7,"E"
118,"UNIDADE BÁSICA DE SAÚDE Nº 08 - BRAZLÂNDIA","UBS Nº 08 - BRAZLÂNDIA",6,2,"9571280","UBS TIPO 1","SIM","Não possui linha telefônica","RADIOBRAS CHACARA ST. HELENA CAPELA RURAL OESTE","das 07h às 17h de segunda a sexta","NÃO","NÃO","NÃO","NÃO","NÃO","NÃO","NÃO","SIM","NÃO","NÃO","SIM - VOLANTE","VOLANTE (quinta - feira)","Volante - quinta-feira","NÃO","OFFLINE","1","1","0","1","1","0","0","0","0","-15,677292","-48,155364","010100002042120000E57CB1F7E21348C053AF5B04C65A2FC0",47,7,"C"
48,"UNIDADE BÁSICA DE SAÚDE Nº 02 - SANTA MARIA","UBS Nº 02 - SANTA MARIA",8,20,"10669","UBS TIPO 2","NÃO","2017-1500 - Ramal 5840","EQ 217/317 - Área Especial Lote E, Santa Maria","das 07h às 19h de segunda a sexta, e sábado das 07h às 12h ","SIM","NÃO","NÃO","NÃO","SIM","NÃO","SIM","SIM","SIM","SIM","SIM - DIÁRIO","SIM","08:00h às 18:30h segunda a sexta e sábado de 08:00h às 11:30h","TERÇA E QUINTA","ONLINE","1","6","2","8","6","1","0","0","0","-16,007455","-47,989946","0101000020421200002C67EF8CB6FE47C012312592E80130C0",42,54,"B"
128,"UNIDADE BÁSICA DE SAÚDE Nº 09 - BRAZLÂNDIA","UBS Nº 09 - BRAZLÂNDIA",6,2,"9548203","UBS TIPO 1","SIM","Não possui linha telefônica","CAAG Q 15 - BRAZLÂNDIA","das 07h às 17h de segunda a sexta","NÃO","NÃO","NÃO","NÃO","NÃO","NÃO","NÃO","SIM","NÃO","NÃO","SIM - VOLANTE","VOLANTE (terça - feira)","Volante - terça-feira","NÃO","ONLINE","0","1","0","1","0","0","0","0","0","-15,742987","-48,17041","010100002042120000A774B0FECF1548C0D0B4C4CA687C2FC0",47,7,"D"
155,"UNIDADE BÁSICA DE SAÚDE Nº 14 - PLANALTINA","UBS Nº 14 - PLANALTINA",5,14,"11584","UBS TIPO 1","SIM","99877-2644","Núcleo Rural Tabatinga, S/N, Planaltina","das 07h às 17h de segunda a sexta","NÃO","NÃO","NÃO","NÃO","SIM","NÃO","NÃO","SIM","NÃO","NÃO","SIM - VOLANTE","VOLANTE (segunda a sexta - feira)","8h às 16:30 - segunda a sexta","NÃO","OFFLINE","1","1","0","1","0","0","0","0","0","-15,820625","-47,569871","0101000020421200002BF86D88F1C847C05C8FC2F528A42FC0",70,7,"C"
156,"UNIDADE BÁSICA DE SAÚDE Nº 15 - CEILÂNDIA","UBS Nº 15 - CEILÂNDIA",6,4,"7347723","UBS TIPO 1","NÃO","2017-1145/4590","QNP 21 AREA ESPECIAL SEM NÚMERO - 72.242-000","das 07h às 17h de segunda a sexta","NÃO","NÃO","NÃO","NÃO","NÃO","NÃO","NÃO","NÃO","NÃO","NÃO","NÃO","NÃO","NÃO","NÃO","ONLINE","0","1","1","2","0","0","0","0","0","-15,80952778","-48,13736111","0101000020421200009C98810C951148C0629BD86C7A9E2FC0",101,35,"E"
157,"UNIDADE BÁSICA DE SAÚDE Nº 15 - PLANALTINA","UBS Nº 15 - PLANALTINA",5,14,"2672227","UBS TIPO 1","SIM","99844-7759","Núcleo Rural Rio Preto, 01, Planaltina","das 07h às 17h de segunda a sexta","NÃO","NÃO","NÃO","NÃO","SIM","NÃO","NÃO","SIM","NÃO","NÃO","SIM - VOLANTE","VOLANTE (segunda a sexta - feira)","8h às 16:30 - segunda a sexta","NÃO","OFFLINE","1","1","0","1","0","0","0","0","0","-15,762539","-47,492673","010100002042120000A54FABE80FBF47C05ED905836B862FC0",70,7,"D"
32,"UNIDADE BÁSICA DE SAÚDE Nº 02 - ASA NORTE","UBS Nº 02 - ASA NORTE",2,15,"10723","UBS TIPO 2","NÃO","2017-1900 Ramal 7610 ou 7611","EQN 114/115 AE - Asa Norte","das 07h às 22h de segunda a sexta","SIM","NÃO","NÃO","NÃO","SIM","NÃO","NÃO","SIM","SIM","SIM","SIM - DIÁRIO","SIM","08 às 17:30h segunda a sexta ","QUARTA - FEIRA","ONLINE","3","0","6","6","3","1","0","0","0","-15,7429114","-47,8915111","010100002042120000B04225091DF247C0B2A60DE25E7C2FC0",28,59,"A"
131,"UNIDADE BÁSICA DE SAÚDE Nº 09 - PLANALTINA","UBS Nº 09 - PLANALTINA",5,14,"2672235","UBS TIPO 1","NÃO","2017-1145 Ramal 1401","Núcleo Rural de Santos Dumont DF 130 KM 25, Planaltina","das 07h às 17h de segunda a sexta","NÃO","NÃO","NÃO","NÃO","SIM","NÃO","NÃO","CAUTELA","NÃO","NÃO","SIM - VOLANTE","VOLANTE (segunda a sexta - feira)","9:30 às 16:30 - segunda a sexta","NÃO","OFFLINE","1","1","0","1","1","0","0","0","0","-15,679269","-47,64829","0101000020421200007429AE2AFBD247C08D5F7825C95B2FC0",78,7,"B"
132,"UNIDADE BÁSICA DE SAÚDE Nº 09 - SAMAMBAIA","UBS Nº 09 - SAMAMBAIA",7,19,"3742857","UBS TIPO 1","NÃO","2017-1145, Ramal: 4922/4923","QN 317 AE 01","das 07h às 18h de segunda a sexta","NÃO","NÃO","NÃO","SIM","NÃO","NÃO","NÃO","NÃO","NÃO","NÃO","NÃO","NÃO","NÃO","NÃO","ONLINE","0","2","0","2","0","0","0","0","0","-15,892962","-48,113025","010100002042120000B1506B9A770E48C03A24B55032C92FC0",72,9,"E"
133,"UNIDADE BÁSICA DE SAÚDE Nº 09 - SÃO SEBASTIÃO","UBS Nº 09 - SÃO SEBASTIÃO",4,21,"3742873","UBS TIPO 1","NÃO","6340/ 6341 TEL. 2017-1384 GSAP: 6232/ 6233","RUA DA ESCOLA 540 - VILA NOVA - SSB","das 07h às 17h de segunda a sexta","NÃO","NÃO","NÃO","NÃO","SIM","NÃO","NÃO","SIM","SIM","SIM","NÃO","SIM","Toda segunda e terça-feira de 9h às 16h","NÃO","OFFLINE","1","1","1","2","1","1","0","0","0","-15,905074","-47,755795","0101000020421200007BBDFBE3BDE047C079EBFCDB65CF2FC0",66,22,"B"
158,"UNIDADE BÁSICA DE SAÚDE Nº 16 - CEILÂNDIA","UBS Nº 16 - CEILÂNDIA",6,4,"9475931","UBS TIPO 2","NÃO","2017 - 4595 / 4596 (VOIP)","QD 500 A/E S/N TRECHO 01 SOL NASCENTE","das 07h às 19h de segunda a sexta, e sábado das 07h às 12h ","SIM","NÃO","NÃO","NÃO","NÃO","NÃO","NÃO","SIM","NÃO","NÃO","SIM - VOLANTE","SIM","07:30h às 17:30h segunda a sexta","SEGUNDA - FEIRA","ONLINE","4","2","2","4","4","1","0","0","0","-15,834317","-48,133572","010100002042120000A6D425E3181148C061FE0A992BAB2FC0",102,35,"B"
134,"UNIDADE BÁSICA DE SAÚDE Nº 10 - CEILÂNDIA","UBS Nº 10 - CEILÂNDIA",6,4,"11207","UBS TIPO 2","NÃO","2017-2079","QNN 12 ÁREA ESPECIAL 01","das 07h às 19h de segunda a sexta, e sábado das 07h às 12h ","SIM","NÃO","NÃO","NÃO","NÃO","NÃO","NÃO","SIM","SIM","SIM","SIM - DIÁRIO","SIM","08h às 17:30h segunda a sexta","TERÇA - FEIRA","ONLINE","3","3","2","5","4","1","0","0","0","-15,82455556","-48,11347222","010100002042120000C7F3F841860E48C0B4DE77252CA62FC0",96,35,"C"
34,"UNIDADE BÁSICA DE SAÚDE Nº 02 - CEILÂNDIA","UBS Nº 02 - CEILÂNDIA",6,4,"10987","UBS TIPO 2","NÃO","2017-2064","QNN 15 LOTE F ÁREA ESPECIAL","das 07h às 19h de segunda a sexta, e sábado das 07h às 12h ","SIM","#REF!","#REF!","#REF!","#REF!","#REF!","NÃO","SIM","SIM","SIM","SIM ","SIM","07:30h às 18:00h segunda a sexta e sábado 07:30h às 11:30h","SEXTA - FEIRA","ONLINE","3","5","0","5","3","1","0","0","0","-15,80775","-48,12041667","01010000204212000088C53DD0690F48C021B07268919D2FC0",30,35,"B"
45,"UNIDADE BÁSICA DE SAÚDE Nº 02 - RIACHO FUNDO I","UBS Nº 02 - RIACHO FUNDO I",3,17,"3781437","UBS TIPO 1","NÃO","2017-1281","QN 01 Área Especial 01 Conjunto 32 CEP: 71.805.132","das 07h às 18h de segunda a sexta","SIM","NÃO","NÃO","SIM","NÃO","NÃO","NÃO","SIM","SIM","NÃO","SIM - DIÁRIO","NÃO","NÃO","NÃO","OFFLINE","1","3","0","3","1","0","0","0","0","-15,879364","-48,00064","010100002042120000E388B5F8140048C03B8F8AFF3BC22FC0",38,22,"C"
120,"UNIDADE BÁSICA DE SAÚDE Nº 10 - SANTA MARIA","UBS Nº 08 - GAMA",8,20,"2673894","UBS TIPO 1","NÃO","2017-1700 - Ramal 5891","Travessa Eucaliptos nº 04 - Área Especial - DVO - Gama","das 07h às 17h de segunda a sexta","NÃO","NÃO","NÃO","NÃO","SIM","NÃO","NÃO","SIM","NÃO","NÃO","NÃO","VOLANTE (quinzenal âs quintas feiras)","08:30h às 16:30h (de 15 em 15 dias - quinta feira)","NÃO","ONLINE","1","1","0","1","1","0","0","0","0","-16,043986","-48,043311","0101000020421200004E4700378B0548C05B7B9FAA420B30C0",65,7,"C"
38,"UNIDADE BÁSICA DE SAÚDE Nº 02 - GAMA","UBS Nº 02 - GAMA",8,7,"10839","UBS TIPO 2","NÃO","2017-1145 - Ramal 5763 e 5764","Quadra 11, Área Especial, Lotes A, B, C e D, Setor Sul - Gama","das 07h às 19h de segunda a sexta, e sábado das 07h às 12h ","SIM","NÃO","NÃO","NÃO","SIM","NÃO","NÃO","SIM","SIM","SIM","SIM - DIÁRIO","SIM","08h às 17:30h segunda a sexta, sábados das 8h às 11h31","QUARTA - FEIRA","ONLINE","4","4","1","5","3","1","0","0","0","-16,036695","-48,06098","010100002042120000E4DA5031CE0748C03EEDF0D7640930C0",32,35,"B"
70,"UNIDADE BÁSICA DE SAÚDE Nº 04 - BRAZLÂNDIA","UBS Nº 04 - BRAZLÂNDIA",6,2,"3742865","UBS TIPO 1","NÃO","Não possui linha telefônica","QUADRA 01 AREA ESPECIAL 1 SETOR VEREDAS II","das 07h às 17h de segunda a sexta","NÃO","NÃO","NÃO","NÃO","NÃO","NÃO","NÃO","SIM","NÃO","NÃO","SIM - VOLANTE","VOLANTE ( quarta - feira)","Volante - quarta-feira","NÃO","ONLINE","0","1","0","1","0","0","0","0","0","-15,67283333","-48,20033333","0101000020421200000B53C685A41948C07E04389C7D582FC0",47,7,"D"
151,"UNIDADE BÁSICA DE SAÚDE Nº 13 - CEILÂNDIA","UBS Nº 13 - CEILÂNDIA",6,4,"3144542","UBS TIPO 1","SIM",NULL,"NÚCLEO RURAL BOA ESPERANÇA","das 07h às 17h de segunda a sexta","SIM","NÃO","NÃO","NÃO","NÃO","NÃO","NÃO","NÃO","NÃO","NÃO","NÃO",NULL,"VOLANTE","NÃO","ONLINE","1","2","0","2","1","0","0","0","0","-15,828394","-48,24648","0101000020421200001D8F19A88C1F48C0BE67244223A82FC0",99,22,"D"
39,"UNIDADE BÁSICA DE SAÚDE Nº 02 - GUARÁ","UBS Nº 02 - GUARÁ",3,8,"11266","UBS TIPO 2","NÃO","2017-4810","QE 23 Lote C - Área Especial S/N - Guará II CEP 71.050-230","das 07h às 22h de segunda a sexta","SIM","NÃO","NÃO","NÃO","SIM","NÃO","SIM","SIM","SIM","SIM","SIM - DIÁRIO","SIM","07:30h às 18:30h segunda a sexta e sábado 7:30h às 11:30h ","QUARTA E SEXTA","ONLINE","2","4","3","7","3","1","0","0","0","-15,832933","-47,973326","0101000020421200005A2C45F295FC47C0B284B53176AA2FC0",33,54,"B"
41,"UNIDADE BÁSICA DE SAÚDE Nº 02 - NÚCLEO BANDEIRANTE","UBS Nº 02 - NÚCLEO BANDEIRANTE",3,11,"7236778","UBS TIPO 1","NÃO","2017-6531","Rua 2 Setor dos Engenheiros AE Metropolitana CEP: 71730-020","das 07h às 17h de segunda a sexta","NÃO","NÃO","NÃO","NÃO","SIM","NÃO","NÃO","NÃO","NÃO","NÃO","NÃO","NÃO","NÃO","NÃO","ONLINE","0","1","1","2","1","1","0","0","0","-15,879377","-47,973962","010100002042120000FCC56CC9AAFC47C08DB5BFB33DC22FC0",16,22,"E"
43,"UNIDADE BÁSICA DE SAÚDE Nº 02 - PLANALTINA","UBS Nº 02 - PLANALTINA",5,14,"10650","UBS TIPO 2","NÃO","Não possui linha telefônica","Entre Quadras 1/10 Área Especial S/N, Vila Buritis, Planaltina","das 07h às 18h de segunda a sexta, e sábado das 07h às 12h","SIM","NÃO","NÃO","NÃO","SIM","NÃO","NÃO","NÃO","NÃO","NÃO","NÃO","SIM","8h às 18h - segunda a sexta","SEGUNDA E QUINTA","OFFLINE","2","4","0","4","4","1","0","0","0","-15,612332","-47,643199","010100002042120000F3E8465854D247C0AB96749483392FC0",36,35,"D"
49,"UNIDADE BÁSICA DE SAÚDE Nº 02 - SÃO SEBASTIÃO","UBS Nº 02 - SÃO SEBASTIÃO",4,21,"3254887","UBS TIPO 1","NÃO","2017-1389 GSAP :6252/ 6253","QD 101, CONJ. 02, LOTE 01, RESIDENCIAL OESTE","das 07h às 17h de segunda a sexta","NÃO","NÃO","NÃO","NÃO","SIM","NÃO","NÃO","CAUTELA","NÃO","NÃO","NÃO","SIM","Todas as terças, quartas e quintas-feiras de 09h às 16h","NÃO","OFFLINE","0","2","0","2","0","0","0","0","0","-15,889998","-47,778177","010100002042120000ECBFCE4D9BE347C0C5025FD1ADC72FC0",43,22,"D"
50,"UNIDADE BÁSICA DE SAÚDE Nº 02 - SOBRADINHO","UBS Nº 02 - SOBRADINHO",5,24,"11231","UBS TIPO 2","NÃO","2017-1145 Ramal 1821","Quadra 03 Área Especial entre os Conjunto D/E, Sobradinho","das 07h às 19h de segunda a sexta, e sábado das 07h às 12h ","SIM","NÃO","NÃO","NÃO","SIM","NÃO","NÃO","SIM","SIM","SIM","SIM - DIÁRIO","SIM","8h às 18h - segunda a sexta ","SEGUNDA E QUINTA","OFFLINE","3","7","1","8","4","0","0","0","0","-15,654486","-47,809496","010100002042120000151F9F909DE747C03561FBC9184F2FC0",44,54,"C"
51,"UNIDADE BÁSICA DE SAÚDE Nº 02 - SOBRADINHO II","UBS Nº 02 - SOBRADINHO II",5,25,"7368895","UBS TIPO 2","NÃO","98485-0732","Rodovia DF 420, Complexo de Saúde, Setor de Mansões, ao lado da UPA Sobradinho","das 07h às 19h de segunda a sexta, e sábado das 07h às 12h ","SIM","NÃO","NÃO","NÃO","SIM","NÃO","SIM","SIM","SIM","SIM","SIM - DIÁRIO","SIM","8h às 18h - segunda a sexta","TERÇA E QUINTA
(8h às 12h)","ONLINE","4","5","2","7","4","0","0","0","0","-15,639134","-47,819946","010100002042120000363E93FDF3E847C0F98557923C472FC0",74,54,"C"
52,"UNIDADE BÁSICA DE SAÚDE Nº 02 - TAGUATINGA","UBS Nº 02 - TAGUATINGA",7,26,"10928","UBS TIPO 2","NÃO","2017-1145, Ramal: 4600","QND LOTE ""A"" PRAÇA DO BICALHO","das 07h às 19h de segunda a sexta, e sábado das 07h às 12h ","SIM","#REF!","#REF!","#REF!","#REF!","#REF!","NÃO","SIM","SIM","SIM","SIM","SIM"," 7:30h às 18:30h segunda a sexta e sábado 07:30h às 11:30h","QUARTA - FEIRA","ONLINE","3","5","3","8","5","1","0","0","0","-15,810552","-48,063188","010100002042120000F4BF5C8B160848C02F6AF7AB009F2FC0",45,26,"B"
53,"UNIDADE BÁSICA DE SAÚDE Nº 03 - ASA NORTE","UBS Nº 03 - ASA NORTE",2,15,"11355","UBS TIPO 2","NÃO","2017-1145 Ramal 7621","Rua Piauí, área especial s/nº - Vila Planalto","das 07h às 19h de segunda a sexta, e sábado das 07h às 12h ","SIM","NÃO","NÃO","NÃO","SIM","NÃO","NÃO","SIM","SIM","SIM","SIM - DIÁRIO","SIM","08 às 18:30h segunda à sexta e sábado 08 às 12:00h","QUARTA - FEIRA","ONLINE","2","1","4","5","2","1","0","0","0","-15,7953438","-47,848469","010100002042120000BD55D7A19AEC47C01927744D37972FC0",46,59,"B"
94,"UNIDADE BÁSICA DE SAÚDE Nº 05 - SOBRADINHO","UBS Nº 05 - SOBRADINHO",5,24,"6770657","UBS TIPO 1","SIM","98582-5469","Área Especial 01, Lote 01, Associação de Moradores, Vila BASEVI, Sobradinho","das 07h às 17h de segunda a sexta","NÃO","NÃO","NÃO","NÃO","NÃO","SIM","NÃO","CAUTELA","NÃO","NÃO","SIM - VOLANTE","SIM","8h às 16:30 - segunda a sexta ","NÃO","ONLINE","1","1","0","1","1","0","0","0","0","-15,646025","-47,889136","0101000020421200001FD95C35CFF147C0FBCBEEC9C34A2FC0",25,7,"B"
57,"UNIDADE BÁSICA DE SAÚDE Nº 03 - GAMA","UBS Nº 03 - GAMA",8,7,"10847","UBS TIPO 2","NÃO","2017-1800 - Ramais 1885 e 5761","EQ 3/5, Área Especial, Setor Leste -Gama","das 07h às 19h de segunda a sexta, e sábado das 07h às 12h ","SIM","NÃO","NÃO","NÃO","SIM","NÃO","SIM","SIM","SIM","SIM","SIM - DIÁRIO","SIM","08h às 17:30h segunda a sexta, e a partir de outubro, também aos sábados das 8h as 12h","SEGUNDA E QUARTA","ONLINE","4","5","1","6","3","1","0","0","0","-16,005841","-48,052746","010100002042120000567F8461C00648C0D7F9B7CB7E0130C0",49,35,"B"
58,"UNIDADE BÁSICA DE SAÚDE Nº 03 - GUARÁ","UBS Nº 03 - GUARÁ",3,8,"11274","UBS TIPO 2","NÃO","2017-4751","QE 38 - Área Especial S/N - Guará II CEP 71.070-380","das 07h às 18h de segunda a sexta, e sábado das 07h às 12h","SIM","NÃO","NÃO","NÃO","SIM","NÃO","NÃO","SIM","SIM","SIM","SIM - DIÁRIO","SIM","07:30h às 17:30h segunda a sexta","TERÇA E QUINTA","OFFLINE","3","6","0","6","4","1","0","0","0","-15,848998","-47,970083","010100002042120000EAB303AE2BFC47C023BDA8DDAFB22FC0",50,35,"B"
59,"UNIDADE BÁSICA DE SAÚDE Nº 03 - ITAPOÃ","UBS Nº 03 - ITAPOÃ",4,9,"9572481","UBS TIPO 2","NÃO","2017 - 2241","QUADRA 378, CONJUNTO A, LOTE 4 - CEP 71593620","das 07h às 17h de segunda a sexta","NÃO","NÃO","NÃO","SIM","NÃO","NÃO","NÃO","CAUTELA","NÃO","NÃO","NÃO","NÃO","NÃO","NÃO","ONLINE","0","4","0","4","2","0","0","0","0","-15,744625","-47,761213","0101000020421200002025766D6FE147C06891ED7C3F7D2FC0",34,35,"C"
60,"UNIDADE BÁSICA DE SAÚDE Nº 03 - PARANOÁ","UBS Nº 03 - PARANOÁ",4,12,"9572511","UBS TIPO 2","NÃO","2017 - 2220/ 2221","QUADRA 02, Conjunto ""A"", AREA ESPECIAL S/N, Antiga Biblioteca, Paranoá, CEP 71.570-201","das 07h às 19h de segunda a sexta, e sábado das 07h às 12h ","NÃO","NÃO","NÃO","SIM","NÃO","NÃO","NÃO","SIM","SIM","SIM","NÃO","SIM","07h às 18h de segunda a sexta feira","NÃO","ONLINE","2","5","1","6","3","1","0","0","0","-15,779826","-47,781357","01010000204212000016C0948103E447C018247D5A458F2FC0",51,35,"C"
62,"UNIDADE BÁSICA DE SAÚDE Nº 03 - RECANTO DAS EMAS","UBS Nº 03 - RECANTO DAS EMAS",7,16,"7170939","UBS TIPO 2","NÃO","3404-2964","QUADRA 104/105 ÁREA ESPECIAL","das 07h às 19h de segunda a sexta, e sábado das 07h às 12h ","SIM","#REF!","#REF!","#REF!","#REF!","#REF!","SIM","SIM","NÃO","SIM","SIM","SIM"," 7:30h às 18:30h segunda a sexta e sábado 07:30h às 11:30h","TERÇA - FEIRA","ONLINE","5","3","4","7","7","1","0","0","0","-15,902435","-48,074176","010100002042120000F51263997E0948C01288D7F50BCE2FC0",53,26,"B"
63,"UNIDADE BÁSICA DE SAÚDE Nº 03 - RIACHO FUNDO II","UBS Nº 03 - RIACHO FUNDO II",3,18,"2660199","UBS TIPO 2","NÃO","2017-1145 (R-6200/6201)","QN 07 A e B Lts. 1 e 2 A/E Riacho Fundo II CEP: 71880-203","das 07h às 18h de segunda a sexta","NÃO","NÃO","NÃO","NÃO","SIM","NÃO","NÃO","SIM","SIM","NÃO","NÃO","NÃO","NÃO","NÃO","ONLINE","0","3","1","4","0","1","0","0","0","-15,905892","-48,045933","0101000020421200005167EE21E10548C0836A8313D1CF2FC0",40,35,"D"
64,"UNIDADE BÁSICA DE SAÚDE Nº 03 - SAMAMBAIA","UBS Nº 03 - SAMAMBAIA",7,19,"10677","UBS TIPO 2","NÃO","2017-2200, Ramal: 5021","QN 429 CONJ F LOTE 1 EXPANSÃO","das 07h às 18h de segunda a sexta","SIM","#REF!","#REF!","#REF!","#REF!","#REF!","NÃO","SIM","SIM","SIM","SIM","SIM","07:30h às 17:30h segunda a sexta","TERÇA - FEIRA","ONLINE","2","3","0","3","2","0","0","0","0","-15,890241","-48,142062","0101000020421200008F006E162F1248C0DE1D19ABCDC72FC0",54,10,"A"
65,"UNIDADE BÁSICA DE SAÚDE Nº 03 - SANTA MARIA","UBS Nº 03 - SANTA MARIA",8,20,"3144550","UBS TIPO 1","NÃO","2017-1700 - Ramal 5880","QD 100 Conjunto I, Lote 1 Área Especial - Santa Maria","das 07h às 17h de segunda a sexta","NÃO","NÃO","NÃO","NÃO","SIM","NÃO","NÃO","SIM","NÃO","NÃO","NÃO","VOLANTE (quinze dias a cada quarta feira)","08:30h às 16:00 (de 15 em 15 dias âs quartas feiras)","NÃO","ONLINE","0","1","0","1","1","0","0","0","0","-16,04734","-48,03692","010100002042120000BF4868CBB90448C0EACA67791E0C30C0",65,7,"C"
66,"UNIDADE BÁSICA DE SAÚDE Nº 03 - SÃO SEBASTIÃO","UBS Nº 03 - SÃO SEBASTIÃO",4,21,"3212068","UBS TIPO 1","NÃO","6300 / 99198-7650 - GSAP :6252/ 6253","QD 301 CONJ 6 LOTE 1 - SÃO SEBASTIÃO","das 07h às 17h de segunda a sexta","NÃO","NÃO","NÃO","SIM","NÃO","NÃO","NÃO","CAUTELA","NÃO","NÃO","NÃO","SIM","Todas as terças, quartas e quintas-feiras de 09h às 16h","NÃO","OFFLINE","1","2","0","2","1","0","0","0","0","-15,907718","-47,777617","01010000204212000025E82FF488E347C026FBE769C0D02FC0",43,22,"D"
67,"UNIDADE BÁSICA DE SAÚDE Nº 03 - SOBRADINHO","UBS Nº 03 - SOBRADINHO",5,24,"11568","UBS TIPO 2","NÃO","Não possui linha telefônica","Área Especial Novo Setor de Mansões Nova Colina, Sobradinho","das 07h às 19h de segunda a sexta, e sábado das 07h às 12h ","SIM","NÃO","NÃO","NÃO","SIM","NÃO","NÃO","SIM","SIM","NÃO","SIM - DIÁRIO","SIM","8h às 18h - segunda a sexta ","QUARTA - FEIRA
(8h às 12h)","OFFLINE","3","6","0","6","5","1","0","0","0","-15,647957","-47,755315","010100002042120000D1967329AEE047C0B56D1805C14B2FC0",67,35,"B"
68,"UNIDADE BÁSICA DE SAÚDE Nº 03 - SOBRADINHO II","UBS Nº 03 - SOBRADINHO II",5,25,"6770681","UBS TIPO 1","NÃO","Não possui linha telefônica","Condomínio Vale dos Pinheiros, Quadra 45 A, Conjunto A, Lote 56, Sobradinho II,","das 07h às 17h de segunda a sexta","NÃO","NÃO","NÃO","NÃO","SIM","NÃO","NÃO","CAUTELA","NÃO","NÃO","NÃO","SIM","8h às 16:30 - segunda a sexta","NÃO","OFFLINE","2","1","0","1","1","0","0","0","0","-15,620906","-47,821668","010100002042120000BA15C26A2CE947C0C5C72764E73D2FC0",81,7,"B"
69,"UNIDADE BÁSICA DE SAÚDE Nº 03 - TAGUATINGA","UBS Nº 03 - TAGUATINGA",7,26,"10936","UBS TIPO 1","NÃO","2017-4611","QNL 01 AE 02","das 07h às 19h de segunda a sexta, e sábado das 07h às 12h ","SIM","#REF!","#REF!","#REF!","#REF!","#REF!","SIM","SIM","SIM","SIM","SIM","SIM","07:30h às 17:30h segunda a sexta","QUARTA - FEIRA","ONLINE","3","3","3","6","3","1","0","0","0","-15,833137","-48,077682","01010000204212000073BED87BF10948C0D42CD0EE90AA2FC0",57,20,"B"
73,"UNIDADE BÁSICA DE SAÚDE Nº 04 - GUARÁ","UBS Nº 04 - GUARÁ",3,8,"11657","UBS TIPO 1","NÃO","2017-1145 (R-4874)","QELC - EQ 2 /3 - Conjunto Lúcio Costa CEP: 71.100-100","das 07h às 17h de segunda a sexta","SIM","NÃO","NÃO","NÃO","SIM","NÃO","NÃO","SIM","SIM","NÃO","NÃO","SIM","07:30h às 16:30h segunda a sexta","TERÇA - FEIRA","OFFLINE","1","2","0","2","1","0","0","0","0","-15,810198","-47,988598","0101000020421200000D7217618AFE47C0B891B245D29E2FC0",60,22,"B"
74,"UNIDADE BÁSICA DE SAÚDE Nº 04 - PARANOÁ","UBS Nº 04 - PARANOÁ",4,12,"11606","UBS TIPO 1","SIM","2017 - 2210/ 2211","DF 285 KM 23 AE NR JARDIM II - PARANOÁ","das 07h às 17h de segunda a sexta","NÃO","NÃO","NÃO","SIM","NÃO","NÃO","NÃO","CAUTELA","NÃO","NÃO","NÃO","VOLANTE (quarta - feira)","Às quartas-feiras de 09 às 11:30h; 13:30h às 16h","NÃO","OFFLINE","1","1","0","1","0","0","0","0","0","-16,016937","-47,380063","010100002042120000B7B585E7A5B047C0A417B5FB550430C0",35,7,"D"
75,"UNIDADE BÁSICA DE SAÚDE Nº 04 - PLANALTINA","UBS Nº 04 - PLANALTINA",5,14,"6216013","UBS TIPO 2","NÃO","2017-1350 Ramais 1290 e 1291","Estância Nova Planaltina Quadra 02 Rua A Área Especial, Estância","das 07h às 18h de segunda a sexta, e sábado das 07h às 12h","SIM","NÃO","NÃO","NÃO","SIM","NÃO","SIM","SIM","SIM","SIM","SIM - DIÁRIO","SIM","8h às 18h - segunda a sexta-feira","TERÇA E QUINTA
(8h às 12h)","OFFLINE","3","8","0","8","5","1","0","0","0","-15,619782","-47,680616","0101000020421200003291D26C1ED747C0884CF910543D2FC0",90,54,"B"
76,"UNIDADE BÁSICA DE SAÚDE Nº 04 - RECANTO DAS EMAS","UBS Nº 04 - RECANTO DAS EMAS",7,16,"7417632","UBS TIPO 2","NÃO","3331-4773","QUADRA 308 ÁREA ESPECIAL","das 07h às 19h de segunda a sexta, e sábado das 07h às 12h ","SIM","#REF!","#REF!","#REF!","#REF!","#REF!","NÃO","SIM","SIM","SIM","SIM","SIM"," 7:30h às 18:30h segunda a sexta e sábado 07:30h às 11:30h","QUARTA - FEIRA","ONLINE","4","4","2","6","5","1","0","0","0","-15,919922","-48,101999","010100002042120000C39CA04D0E0D48C0E8BD310400D72FC0",62,20,"A"
77,"UNIDADE BÁSICA DE SAÚDE Nº 04 - RIACHO FUNDO II","UBS Nº 04 - RIACHO FUNDO II",3,18,"2673924","UBS TIPO 1","SIM","2017-1291 (R-6422) 2017-1293 (R-6424)","Área Especial 01 - CAUB 1 - Ao lado da Escola","das 07h às 17h de segunda a sexta","NÃO","NÃO","NÃO","NÃO","SIM","NÃO","NÃO","NÃO","NÃO","NÃO","NÃO","NÃO","NÃO","NÃO","OFFLINE","1","0","1","1","1","0","0","0","0","-15,947478","-48,015149","01010000204212000097C80567F00148C0E65B1FD61BE52FC0",21,7,"C"
78,"UNIDADE BÁSICA DE SAÚDE Nº 04 - SAMAMBAIA","UBS Nº 04 - SAMAMBAIA",7,19,"10685","UBS TIPO 2","NÃO","3358-1335","QN 512 CONJ. 2 LT 1/2/3","das 07h às 19h de segunda a sexta, e sábado das 07h às 12h ","SIM","#REF!","#REF!","#REF!","#REF!","#REF!","SIM","SIM","SIM","SIM","SIM","SIM"," 7:30h às 18:30h segunda a sexta e sábado 07:30h às 11:30h","QUINTA - FEIRA","ONLINE","3","4","2","6","3","0","0","0","0","-15,878564","-48,069142","010100002042120000D86322A5D90848C0CAE2FE23D3C12FC0",63,20,"C"
84,"UNIDADE BÁSICA DE SAÚDE Nº 05 - CEILÂNDIA","UBS Nº 05 - CEILÂNDIA",6,4,"11010","UBS TIPO 2","NÃO","2017-2076/ 4460/4461/4462","QNM 16 MÓDULO F ÁREA ESPECIAL SEM NÚMERO","9 às 22h segunda a sexta e sábado 07 às 12h","SIM","#REF!","#REF!","#REF!","#REF!","#REF!","NÃO","SIM","NÃO","NÃO","SIM ","SIM","07:30h às 17:30h segunda a sexta","QUINTA - FEIRA","ONLINE","3","4","2","6","2","0","0","0","0","-15,80327778","-48,11177778","0101000020421200007EC2FABB4E0E48C02F68A539479B2FC0",68,35,"C"
85,"UNIDADE BÁSICA DE SAÚDE Nº 05 - GAMA","UBS Nº 05 - GAMA",8,7,"10863","UBS TIPO 2","NÃO","2017-5980","Área Especial, Lote 38 - Setor Central - Lado Leste - Gama","das 07h às 19h de segunda a sexta, e sábado das 07h às 12h ","SIM","NÃO","NÃO","NÃO","SIM","NÃO","SIM","SIM","SIM","NÃO","SIM - DIÁRIO","SIM","08h às 17:30h segunda a sexta","TERÇA E SEXTA","ONLINE","4","3","1","4","4","1","0","0","0","-16,023375","-48,061551","0101000020421200009F0436E7E00748C0448B6CE7FB0530C0",69,35,"B"
87,"UNIDADE BÁSICA DE SAÚDE Nº 05 - PARANOÁ","UBS Nº 05 - PARANOÁ",4,12,"11614","UBS TIPO 1","SIM","2017 - 2190/ 2191","DF 130 KM 54, Quebrada Dos Neres, Paranoá","das 07h às 17h de segunda a sexta","NÃO","NÃO","NÃO","SIM","NÃO","NÃO","NÃO","CAUTELA","NÃO","NÃO","NÃO","VOLANTE (quinta e sexta - feira)","Às quintas e sextas-feiras de 09 às 11:30h; 13:30h às 16h","NÃO","OFFLINE","1","1","0","1","1","0","0","0","0","-15,963007","-47,557766","0101000020421200000E6954E064C747C05DA3E5400FED2FC0",35,7,"B"
88,"UNIDADE BÁSICA DE SAÚDE Nº 05 - PLANALTINA","UBS Nº 05 - PLANALTINA",5,14,"6216021","UBS TIPO 2","NÃO","2017-1145 Ramal 1294","Quadra 12 D Conjunto A Área Especial, Arapoanga, Planaltina","das 07h às 19h de segunda a sexta, e sábado das 07h às 12h ","SIM","NÃO","NÃO","NÃO","SIM","NÃO","NÃO","SIM","SIM","SIM","SIM - DIÁRIO","SIM","8h às 18h - segunda a sexta-feira","TERÇA E QUINTA
(8h às 12h)","OFFLINE","4","7","1","8","7","1","0","0","0","-15,63932","-47,647083","0101000020421200001766A19DD3D247C0815B77F354472FC0",94,54,"B"
91,"UNIDADE BÁSICA DE SAÚDE Nº 05 - SAMAMBAIA","UBS Nº 05 - SAMAMBAIA",7,19,"6921736","UBS TIPO 2","NÃO","2017-1145, Ramal: 4851/5050","QN 523 AE 01","das 07h às 18h de segunda a sexta","NÃO","NÃO","NÃO","SIM","NÃO","NÃO","NÃO","SIM","NÃO","NÃO","NÃO","NÃO","NÃO","NÃO","ONLINE","3","4","0","4","4","0","0","0","0","-15,898576","-48,120967","0101000020421200009772BED87B0F48C0E5F0492712CC2FC0",72,20,"C"
98,"UNIDADE BÁSICA DE SAÚDE Nº 06 - CEILÂNDIA","UBS Nº 06 - CEILÂNDIA",6,4,"11029","UBS TIPO 2","NÃO","2017-1145","EQNP 10/14 MÓDULO E,F,G, H -","das 07h às 19h de segunda a sexta, e sábado das 07h às 12h ","SIM","#REF!","#REF!","#REF!","#REF!","#REF!","SIM","SIM","SIM","SIM","SIM ","SIM","07:30h às 18:30h segunda a sexta e sábado 07:30h às 11:30h","QUINTA - FEIRA","ONLINE","3","5","1","6","4","1","0","0","0","-15,84019444","-48,11419444","010100002042120000AF9764EC9D0E48C07D2934F72DAE2FC0",76,35,"B"
99,"UNIDADE BÁSICA DE SAÚDE Nº 06 - GAMA","UBS Nº 06 - GAMA",8,7,"10871","UBS TIPO 2","NÃO","2017-5791 - Ramal 5790","Entrequadra 12/16, Área Especial - Setor Oeste - Gama","das 07h às 22h de segunda a sexta","SIM","NÃO","NÃO","NÃO","SIM","NÃO","SIM","SIM","SIM","SIM","SIM - DIÁRIO","SIM","08h às 18:30h segunda a sexta e sábado de 08h às 11:30h","TERÇA - FEIRA","ONLINE","2","6","0","6","3","1","0","0","0","-16,011394","-48,073777","01010000204212000037195586710948C0E15E99B7EA0230C0",77,35,"B"
102,"UNIDADE BÁSICA DE SAÚDE Nº 06 - SAMAMBAIA","UBS Nº 06 - SAMAMBAIA",7,19,"7053754","UBS TIPO 1","NÃO","3458-7559","QS 122 CONJ. 06 LOTE 01","das 07h às 18h de segunda a sexta","NÃO","NÃO","NÃO","NÃO","SIM","NÃO","NÃO","SIM","NÃO","NÃO","NÃO","NÃO","NÃO","NÃO","ONLINE","3","3","1","4","3","0","0","0","0","-15,870118","-48,058478","0101000020421200008BC404357C0748C06552431B80BD2FC0",79,20,"D"
103,"UNIDADE BÁSICA DE SAÚDE Nº 06 - SANTA MARIA","UBS Nº 06 - SANTA MARIA",8,20,"3144607","UBS TIPO 1","NÃO","2017-1700 - Ramal 5870","QR 202/203, Área Especial - Santa Maria","das 07h às 17h de segunda a sexta","NÃO","NÃO","NÃO","SIM","NÃO","NÃO","NÃO","SIM","NÃO","NÃO","NÃO","VOLANTE (semanal âs quarta feiras)","08:30h às 16:30h - quarta-feira","NÃO","ONLINE","0","1","1","2","0","0","0","0","0","-16,0401","-48,03064","01010000204212000087F9F202EC0348C0D1915CFE430A30C0",65,22,"C"
104,"UNIDADE BÁSICA DE SAÚDE Nº 06 - SÃO SEBASTIÃO","UBS Nº 06 - SÃO SEBASTIÃO",4,21,"3212017","UBS TIPO 1","NÃO","6320/ 6321 TEL. 2017-1381 GSAP: 6322/ 6323","CONJUNTO 5 CASA 1 SÃO FRANCISCO - SÃO SEBASTIÃO","das 07h às 17h de segunda a sexta","NÃO","NÃO","NÃO","NÃO","NÃO","SIM","NÃO","CAUTELA","NÃO","NÃO","NÃO","SIM","Toda quarta feira de 9h às 16h","NÃO","ONLINE","0","1","0","1","0","0","0","0","0","-15,914607","-47,760687","01010000204212000005BF0D315EE147C0A662635E47D42FC0",55,7,"D"
105,"UNIDADE BÁSICA DE SAÚDE Nº 06 - SOBRADINHO","UBS Nº 06 - SOBRADINHO",5,24,"2804387","UBS TIPO 1","SIM","98656-7738","DF 001 KM 120 Rua 08 Chácara 187 Lago Oeste, Sobradinho","das 07h às 17h de segunda a sexta","NÃO","NÃO","NÃO","NÃO","SIM","NÃO","NÃO","CAUTELA","NÃO","NÃO","SIM - VOLANTE","SIM","8h às 16:30 - segunda a sexta ","NÃO","ONLINE","1","1","0","1","1","0","0","0","0","-15,618981","-47,948493","01010000204212000012BEF73768F947C0D5B0DF13EB3C2FC0",25,7,"B"
106,"UNIDADE BÁSICA DE SAÚDE Nº 06 - SOBRADINHO II","UBS Nº 06 - SOBRADINHO II",5,25,"7041594","UBS TIPO 1","NÃO","Não possui linha telefônica","Condomínio Vale das Acácias, Quadra 12, Lote 01, Sobradinho II","das 07h às 17h de segunda a sexta","NÃO","NÃO","NÃO","NÃO","NÃO","SIM","NÃO","NÃO","NÃO","NÃO","NÃO","SIM","8h às 16:30 - segunda a sexta","NÃO","OFFLINE","0","1","0","1","0","0","0","0","0","-15,62289","-47,836444","010100002042120000BC77D49810EB47C0C9022670EB3E2FC0",81,7,"D"
107,"UNIDADE BÁSICA DE SAÚDE Nº 06 - TAGUATINGA","UBS Nº 06 - TAGUATINGA",7,26,"10952","UBS TIPO 2","NÃO","3352-8508","SETOR C SUL AE 01","das 07h às 19h de segunda a sexta, e sábado das 07h às 12h ","SIM","#REF!","#REF!","#REF!","#REF!","#REF!","NÃO","SIM","SIM","SIM","SIM","SIM"," 7:30h às 18:30h segunda a sexta e sábado 07:30h às 11:30h","QUINTA - FEIRA","ONLINE","2","7","2","9","3","1","0","0","0","-15,836387","-48,062946","010100002042120000FEB4519D0E0848C05F99B7EA3AAC2FC0",82,26,"C"
109,"UNIDADE BÁSICA DE SAÚDE Nº 07 - CEILÂNDIA","UBS Nº 07 - CEILÂNDIA",6,4,"11037","UBS TIPO 2","NÃO","2017-2065","QNO 10 ÁREA ESPECIAL D/E - 72.255-000","10 às 22h segunda a sexta e sábado 07 às 12h","SIM","#REF!","#REF!","#REF!","#REF!","#REF!","NÃO","SIM","SIM","SIM","SIM ","SIM","07:30h às 18:30h segunda a sexta e sábado 07:30h às 11:30h","QUARTA - FEIRA","ONLINE","3","5","1","6","3","1","0","0","0","-15,795757","-48,131051","010100002042120000D68D7747C61048C04B2025766D972FC0",83,35,"B"
110,"UNIDADE BÁSICA DE SAÚDE Nº 07 - GAMA","UBS Nº 07 - GAMA",8,7,"10898","UBS TIPO 1","NÃO","2017-1145 - Ramal 5486 e 5485","Área Especial - Estádio Bezerrão - Setor Central - Gama","das 07h às 17h de segunda a sexta","SIM","NÃO","NÃO","SIM","NÃO","NÃO","NÃO","NÃO","NÃO","NÃO","NÃO","NÃO","NÃO","NÃO","ONLINE","0","2","1","3","0","1","0","0","0","-16,013508","-48,067649","010100002042120000B64DF1B8A80848C0003CA242750330C0",84,22,"E"
111,"UNIDADE BÁSICA DE SAÚDE Nº 07 - PARANOÁ","UBS Nº 07 - PARANOÁ",4,12,"7075596","UBS TIPO 1","SIM","99253-2431","DF 270 KM 02 CAFÉ SEM TROCO - PARANOÁ","das 07h às 17h de segunda a sexta","NÃO","NÃO","NÃO","NÃO","SIM","NÃO","NÃO","CAUTELA","NÃO","NÃO","SIM - DIÁRIO","VOLANTE (terça - feira)","Às terças-feiras de 09 às 11:30h; 13:00h às 16h","NÃO","OFFLINE","0","1","0","1","1","1","0","0","0","-15,939568","-47,599129","010100002042120000E78A5242B0CC47C07BBC900E0FE12FC0",35,7,"B"
112,"UNIDADE BÁSICA DE SAÚDE Nº 07 - PLANALTINA","UBS Nº 07 - PLANALTINA",5,14,"2360233","UBS TIPO 1","NÃO","Não possui linha telefônica","Entrequadras 03/04 Área Especial 02, Jardim Roriz, Planaltina","das 07h às 18h de segunda a sexta","NÃO","NÃO","NÃO","NÃO","SIM","NÃO","NÃO","SIM","NÃO","NÃO","NÃO","SIM","8h às 16:30 - segunda a sexta","QUARTA - FEIRA","OFFLINE","0","3","0","3","0","0","0","0","0","-15,602764","-47,648284","010100002042120000914259F8FAD247C08C69A67B9D342FC0",36,22,"D"
114,"UNIDADE BÁSICA DE SAÚDE Nº 07 - SAMAMBAIA","UBS Nº 07 - SAMAMBAIA",7,19,"7299877","UBS TIPO 2","NÃO","não tem","QD 302 CONJ. 05 LOTE 01","das 07h às 19h de segunda a sexta, e sábado das 07h às 12h ","NÃO","NÃO","NÃO","NÃO","SIM","NÃO","NÃO","SIM","SIM","NÃO","NÃO","SIM"," 7:30h às 18:30h segunda a sexta e sábado 07:30h às 11:30h","TERÇA - FEIRA","ONLINE","5","4","2","6","5","0","0","0","0","-15,877945","-48,082666","010100002042120000DE3EABCC940A48C09A5FCD0182C12FC0",86,26,"C"
3,"UNIDADE BÁSICA DE SAÚDE Nº 01 - ASA NORTE","UBS Nº 01 - ASA NORTE",2,15,"10707","UBS TIPO 2","NÃO","2017-1900 ramal 7606 ou 7608","SGAN 905 modulo D - Asa Norte","das 07h às 19h de segunda a sexta, e sábado das 07h às 12h ","SIM","NÃO","SIM","NÃO","NÃO","NÃO","SIM","SIM","SIM","SIM","SIM - DIÁRIO","SIM","08 às 18:30h segunda a sexta e sábado 08 às 11:30h","TERÇA E SEXTA","ONLINE","2","0","5","5","3","0","0","0","0","-15,7733019","-47,8924184","010100002042120000A02C21C43AF247C08CDE043AEE8B2FC0",4,59,"C"
4,"UNIDADE BÁSICA DE SAÚDE Nº 01 - ASA SUL","UBS Nº 01 - ASA SUL",2,15,"11150","UBS TIPO 2","NÃO","20171900 ramal 7448","SGAS 612 - Lotes 38/39 CEP: 70200-700","das 07h às 22h de segunda a sexta","SIM","NÃO","NÃO","NÃO","SIM","NÃO","NÃO","SIM","SIM","SIM","NÃO","SIM","08 às 18:30h segunda à sexta ","TERÇA E SEXTA","ONLINE","2","0","7","7","4","1","1","0","0","-15,832798","-47,90942","010100002042120000062AE3DF67F447C03259DC7F64AA2FC0",5,94,"C"
116,"UNIDADE BÁSICA DE SAÚDE Nº 07 - SÃO SEBASTIÃO","UBS Nº 07 - SÃO SEBASTIÃO",4,21,"3781402","UBS TIPO 1","SIM","6330/ 6331 TEL. 2017-1382 GSAP: 6322/ 6323","CHÁCARA 10 - MORRO DA CRUZ - SSB","das 07h às 17h de segunda a sexta","NÃO","NÃO","NÃO","NÃO","NÃO","SIM","NÃO","CAUTELA","NÃO","NÃO","NÃO","SIM","Toda terça-feira de 09h às 16h","NÃO","OFFLINE","0","1","0","1","0","0","0","0","0","-15,916379","-47,771105","0101000020421200001B649291B3E247C07C7BD7A02FD52FC0",55,7,"D"
26,"UNIDADE BÁSICA DE SAÚDE Nº 01 - SOBRADINHO","UBS Nº 01 - SOBRADINHO",5,24,"11223","UBS TIPO 2","NÃO","98638-6759","Quadra 14 Área Especial nº 22/23, Sobradinho","das 07h às 19h de segunda a sexta, e sábado das 07h às 12h ","SIM","NÃO","NÃO","NÃO","SIM","NÃO","NÃO","SIM","SIM","SIM","SIM - DIÁRIO","SIM","8h às 18h - segunda a sexta ","QUARTA E QUINTA
(8h às 12h)","OFFLINE","2","6","1","7","5","0","0","0","0","-15,650685","-47,782041","010100002042120000C99063EB19E447C0DAFE9595264D2FC0",25,54,"C"
44,"UNIDADE BÁSICA DE SAÚDE Nº 02 - RECANTO DAS EMAS","UBS Nº 02 - RECANTO DAS EMAS",7,16,"11134","UBS TIPO 2","NÃO","3333-6323","QUADRA 102 ÁREA ESPECIAL 01","das 07h às 22h de segunda a sexta","SIM","#REF!","#REF!","#REF!","#REF!","#REF!","NÃO","SIM","SIM","SIM","SIM","SIM"," 7:30h às 18:30h segunda a sexta e sábado 07:30h às 11:30h","SEGUNDA - FEIRA","ONLINE","3","7","1","8","3","1","0","0","0","-15,902186","-48,060234","010100002042120000BB0D6ABFB50748C070D1C952EBCD2FC0",37,26,"B"
46,"UNIDADE BÁSICA DE SAÚDE Nº 02 - RIACHO FUNDO II","UBS Nº 02 - RIACHO FUNDO II",3,18,"3410196","UBS TIPO 1","NÃO","2017-1145 (R-6200/6201)","QC 1 Conj. 10 Lt 01- Riacho Fundo II CEP:71.882-110","das 07h às 17h de segunda a sexta","NÃO","NÃO","NÃO","NÃO","SIM","NÃO","NÃO","NÃO","NÃO","NÃO","NÃO","NÃO","NÃO","NÃO","OFFLINE","0","2","0","2","0","0","0","0","0","-15,909386","-48,049338","0101000020421200009B3924B5500648C069E1B20A9BD12FC0",40,22,"E"
61,"UNIDADE BÁSICA DE SAÚDE Nº 03 - PLANALTINA","UBS Nº 03 - PLANALTINA",5,14,"11096","UBS TIPO 1","NÃO","Não possui linha telefônica","Setor Hospitalar Area Especial, CEP SAUDE, Planaltina-DF;","das 07h às 17h de segunda a sexta","NÃO","NÃO","NÃO","NÃO","SIM","NÃO","NÃO","SIM","NÃO","NÃO","SIM - VOLANTE","VOLANTE (terça e quinta - feira)","9h às 16:30 - terça e quinta","NÃO","OFFLINE","1","1","0","1","1","0","0","0","0","-15,624705","-47,655044","01010000204212000073B8567BD8D347C09D4B7155D93F2FC0",18,7,"C"
80,"UNIDADE BÁSICA DE SAÚDE Nº 04 - SOBRADINHO","UBS Nº 04 - SOBRADINHO",5,24,"7687079","UBS TIPO 1","SIM","98452-8650","DF 440 Condomínio Residencial Serra Verde, KM 12, Sala anexa à Paroquia, Sobradinho","das 07h às 17h de segunda a sexta","NÃO","NÃO","NÃO","SIM","NÃO","NÃO","NÃO","CAUTELA","NÃO","NÃO","SIM - VOLANTE","VOLANTE (segunda a sexta - feira)","8h às 16:30 - segunda a sexta ","NÃO","OFFLINE","1","1","0","1","1","0","0","0","0","-15,702454","-47,758675","0101000020421200007AA52C431CE147C086E3F90CA8672FC0",67,7,"B"
100,"UNIDADE BÁSICA DE SAÚDE Nº 06 - PARANOÁ","UBS Nº 06 - PARANOÁ",4,12,"2804107","UBS TIPO 1","SIM","2017 - 2200","COL AGRIC CARIRU DF 120 AE - PARANOÁ","das 07h às 17h de segunda a sexta","NÃO","NÃO","NÃO","SIM","NÃO","NÃO","NÃO","CAUTELA","NÃO","NÃO","NÃO","VOLANTE (terça - feira)","Às terças-feiras de 09 às 11:30h; 13:00h às 16h","NÃO","OFFLINE","2","1","0","1","1","0","0","0","0","-15,90691927","-47,51657724","01010000204212000037D4F7331FC247C03E86F9B857D02FC0",35,7,"C"
101,"UNIDADE BÁSICA DE SAÚDE Nº 06 - PLANALTINA","UBS Nº 06 - PLANALTINA",5,14,"5050340","UBS TIPO 1","NÃO","2017-1145 Ramal 1294","Quadra 08 Conjunto 1, S/N Arapoanga, Planaltina","das 07h às 18h de segunda a sexta","NÃO","NÃO","NÃO","NÃO","SIM","NÃO","NÃO","NÃO","NÃO","NÃO","NÃO","NÃO","NÃO","NÃO","OFFLINE","0","3","0","3","0","0","0","0","0","-15,6407456","-47,6402785","0101000020421200007DEA58A5F4D147C09F1CAACE0F482FC0",94,22,"E"
40,"UNIDADE BÁSICA DE SAÚDE Nº 02 - ITAPOÃ","UBS Nº 02 - ITAPOÃ",4,9,"3286959","UBS TIPO 1","NÃO","2017-1049 / RAMAL: 2240","QD 61 AE DEL LAGO - ITAPOÃ - PROX. QUADRA POLIESPORTIVA","das 07h às 17h de segunda a sexta","NÃO","NÃO","NÃO","SIM","NÃO","NÃO","NÃO","CAUTELA","NÃO","NÃO","NÃO","NÃO","NÃO","NÃO","ONLINE","1","1","1","2","1","0","0","0","0","-15,74573","-47,769759","0101000020421200009D66817687E247C0CB4A9352D07D2FC0",34,22,"C"
127,"UNIDADE BÁSICA DE SAÚDE Nº 08 - TAGUATINGA","UBS Nº 08 - TAGUATINGA",7,26,"2617269","UBS TIPO 2","NÃO","3475-2912","QNL 24 AE - TAG. NORTE NOVA QNL","das 07h às 18h de segunda a sexta","SIM","#REF!","#REF!","#REF!","#REF!","#REF!","NÃO","SIM","SIM","NÃO","SIM","SIM","07:30h às 17:30h segunda a sexta","QUINTA - FEIRA","ONLINE","2","4","1","5","3","1","0","0","0","-15,821107","-48,092253","0101000020421200009CFA40F2CE0B48C08908FF2268A42FC0",92,20,"B"
129,"UNIDADE BÁSICA DE SAÚDE Nº 09 - CEILÂNDIA","UBS Nº 09 - CEILÂNDIA",6,4,"11053","UBS TIPO 2","NÃO","2017-2078","EQNP 28/32 - P SUL LOTE A, B, C e D","das 07h às 19h de segunda a sexta, e sábado das 07h às 12h ","SIM","#REF!","#REF!","#REF!","#REF!","#REF!","NÃO","SIM","SIM","NÃO","SIM ","SIM","07:30h às 18:30h segunda a sexta e sábado 07:30 h às 11:30h","QUARTA - FEIRA","ONLINE","4","4","2","6","4","0","0","0","0","-15,846605","-48,123492","010100002042120000A8A8FA95CE0F48C09A42E73576B12FC0",93,35,"C"
83,"UNIDADE BÁSICA DE SAÚDE Nº 05 - BRAZLÂNDIA","UBS Nº 05 - BRAZLÂNDIA",6,2,"3144631","UBS TIPO 1","SIM","Não possui linha telefônica","RESERVA A DF 240 DF 008 DF 445 KM 4 VINCENAL AE 1","das 07h às 17h de segunda a sexta","NÃO","NÃO","NÃO","NÃO","NÃO","NÃO","NÃO","SIM","NÃO","NÃO","SIM - VOLANTE","VOLANTE (segunda - feira)","Volante - segunda-feira","NÃO","ONLINE","0","1","0","1","0","0","0","0","0","-15,674537","-48,15158","010100002042120000255D33F9661348C048E2E5E95C592FC0",47,7,"D"
97,"UNIDADE BÁSICA DE SAÚDE Nº 06 - BRAZLÂNDIA","UBS Nº 06 - BRAZLÂNDIA",6,2,"11495","UBS TIPO 1","SIM","Não possui linha telefônica","FAZENDA ALMECEGAS BR 180 DF 205 KM 05 - ALMECEGAS","das 07h às 17h de segunda a sexta","NÃO","NÃO","NÃO","NÃO","NÃO","NÃO","NÃO","SIM","NÃO","NÃO","SIM - VOLANTE","VOLANTE (sexta - feira)","Volante - sexta-feira","NÃO","OFFLINE","0","1","0","1","1","0","0","0","0","-15,53888889","-48,16847222","0101000020421200009E97697F901548C09B749D3EE9132FC0",47,7,"D"
108,"UNIDADE BÁSICA DE SAÚDE Nº 07 - BRAZLÂNDIA","UBS Nº 07 - BRAZLÂNDIA",6,2,"11509","UBS TIPO 1","SIM","Não possui linha telefônica","QUADRA 15 LOTE 02 LJ 01 AREA ESPECIAL 02 INCRA 08","das 07h às 17h de segunda a sexta","NÃO","NÃO","NÃO","NÃO","NÃO","NÃO","NÃO","SIM","NÃO","NÃO","SIM - VOLANTE","VOLANTE (terça - feira)","Volante - terça-feira","NÃO","ONLINE","1","1","0","1","1","0","0","0","0","-15,742334","-48,16957","010100002042120000FD304278B41548C0F06AB933137C2FC0",47,7,"C"
135,"UNIDADE BÁSICA DE SAÚDE Nº 10 - PLANALTINA","UBS Nº 10 - PLANALTINA",5,14,"2804174","UBS TIPO 1","SIM","99617-5951","Núcleo Rural Taquara, Quadra 1, Área Especial, Planaltina/DF.","das 07h às 17h de segunda a sexta","NÃO","NÃO","NÃO","NÃO","NÃO","SIM","NÃO","CAUTELA","NÃO","NÃO","SIM - VOLANTE","VOLANTE (segunda a sexta - feira)","8h às 16:30 - segunda a sexta","NÃO","ONLINE","1","1","0","1","1","0","0","0","0","-15,629319","-47,518272","0101000020421200005D37A5BC56C247C0BB80971936422FC0",61,7,"C"
137,"UNIDADE BÁSICA DE SAÚDE Nº 10 - SAMAMBAIA","UBS Nº 10 - SAMAMBAIA",7,19,"3633845","UBS TIPO 1","NÃO","3357-0465","QN 501 CONJ. 07 CASA 31","das 07h às 17h de segunda a sexta","NÃO","NÃO","NÃO","NÃO","SIM","NÃO","NÃO","CAUTELA","NÃO","NÃO","NÃO","NÃO","NÃO","NÃO","ONLINE","0","1","0","1","0","0","0","0","0","-15,884218","-48,08701","0101000020421200006536C824230B48C0AE11C138B8C42FC0",86,9,"E"
138,"UNIDADE BÁSICA DE SAÚDE Nº 10 - SÃO SEBASTIÃO","UBS Nº 10 - SÃO SEBASTIÃO",4,21,"3286932","UBS TIPO 1","NÃO","6230/ 6231 TEL. 2017-1385 GSAP: 6232/ 6233","RUA 14 LOTE 21 LOJA 1, 2, 3 JOÃO CANDIDO - SSB","das 07h às 17h de segunda a sexta","NÃO","NÃO","NÃO","NÃO","SIM","NÃO","NÃO","CAUTELA","NÃO","NÃO","NÃO","SIM","Toda terça e quarta-feira de 09h às 16h","NÃO","OFFLINE","0","1","0","1","0","0","0","0","0","-15,897911","-47,76124","0101000020421200001A34F44F70E147C0F46F97FDBACB2FC0",66,7,"C"
139,"UNIDADE BÁSICA DE SAÚDE Nº 11 - CEILÂNDIA","UBS Nº 11 - CEILÂNDIA",6,4,"11061","UBS TIPO 2","NÃO","Não possui linha telefônica","EQNO 17/18 - Expansão do Setor ""O"" ÁREA ESPECIAL","das 07h às 19h de segunda a sexta, e sábado das 07h às 12h ","SIM","NÃO","NÃO","NÃO","NÃO","NÃO","NÃO","SIM","SIM"," NÃO","SIM - DIÁRIO","SIM","07:30h às 18:30h segunda a sexta e sábado 07:30h às 11:30h","SEGUNDA - FEIRA","ONLINE","7","4","2","6","3","0","0","0","0","-15,79828262","-48,13342094","01010000204212000067F3F6EF131148C0FBBAE37FB8982FC0",97,35,"C"
140,"UNIDADE BÁSICA DE SAÚDE Nº 11 - GAMA","UBS Nº 11 - GAMA",8,7,"3144577","UBS TIPO 1","SIM","9 8582-9774","DF 457, Ponte Alta. Associação dos Produtores Rurais. GAMA DF","das 07h às 17h de segunda a sexta","NÃO","NÃO","NÃO","NÃO","SIM","NÃO","NÃO","SIM","NÃO","NÃO","NÃO","NÃO","NÃO","NÃO","ONLINE","1","1","1","2","1","0","0","0","0","-15,980404","-48,072199","010100002042120000E6E61BD13D0948C034BC5983F7F52FC0",77,22,"C"
152,"UNIDADE BÁSICA DE SAÚDE Nº 13 - PLANALTINA","UBS Nº 13 - PLANALTINA",5,14,"11622","UBS TIPO 1","SIM","99306-0319","Núcleo Rural São José, Área Especial, Planaltina","das 07h às 17h de segunda a sexta","NÃO","NÃO","NÃO","NÃO","SIM","NÃO","NÃO","CAUTELA","NÃO","NÃO","SIM - VOLANTE","VOLANTE (segunda a sexta - feira)","8h às 16:30 - segunda a sexta","NÃO","OFFLINE","0","1","0","1","0","0","0","0","0","-15,704136","-47,373487","010100002042120000963D096CCEAF47C05DDF878384682FC0",70,7,"C"
154,"UNIDADE BÁSICA DE SAÚDE Nº 14 - CEILÂNDIA","UBS Nº 14 - CEILÂNDIA",6,4,"3677044","UBS TIPO 1","NÃO","2017-2069","CONDOMÍNIO PRIVÉ LUCENA RORIZ RUA 01 A/E 03 MOD. 12 LT 01","das 07h às 17h de segunda a sexta","SIM","NÃO","NÃO","NÃO","NÃO","NÃO","NÃO","SIM","NÃO","NÃO","NÃO","NÃO","NÃO","NÃO","ONLINE","1","1","1","2","1","0","0","0","0","-15,78527778","-48,13655556","010100002042120000BB2410A77A1148C03FC0DEED0F922FC0",100,22,"C"
159,"UNIDADE BÁSICA DE SAÚDE Nº 16 - PLANALTINA","UBS Nº 16 - PLANALTINA",5,14,"11592","UBS TIPO 1","SIM","99691-5196","Núcleo Rural Pipiripau II, Área Administrativa, Planaltina/DF","das 07h às 17h de segunda a sexta","NÃO","NÃO","NÃO","NÃO","NÃO","SIM","NÃO","CAUTELA","NÃO","NÃO","SIM - VOLANTE","VOLANTE (segunda a sexta - feira)","8h às 16:30 - segunda a sexta","NÃO","OFFLINE","0","1","0","1","0","0","0","0","0","-15,534618","-47,511097","010100002042120000B70A62A06BC147C0B3B45373B9112FC0",61,7,"D"
42,"UNIDADE BÁSICA DE SAÚDE Nº 02 - PARANOÁ","UBS Nº 02 - PARANOÁ",4,12,"3286975","UBS TIPO 1","NÃO","2017 - 2230/ 2231","QD 18 AE - PARANOÁ","das 07h às 17h de segunda a sexta","NÃO","NÃO","NÃO","SIM","NÃO","NÃO","NÃO","NÃO","NÃO","NÃO","NÃO","NÃO","NÃO","NÃO","ONLINE","1","2","0","2","1","1","0","0","0","-15,770585","-47,778523","010100002042120000871744A4A6E347C08A93FB1D8A8A2FC0",35,22,"D"
29,"UNIDADE BÁSICA DE SAÚDE Nº 01 - VARJÃO","UBS Nº 01 - VARJÃO",2,27,"2617358","UBS TIPO 1","NÃO","2017-1900 Ramal 2160","Vila Varjão Quadra 05 conj. A lt. 17 -Área Especial - Varjão do Torto","das 07h às 17h de segunda a sexta","SIM","NÃO","NÃO","NÃO","SIM","NÃO","NÃO","SIM","SIM","NÃO","SIM - DIÁRIO","SIM","08 às 16:00 segunda a sexta","TERÇA - FEIRA","ONLINE","2","0","3","3","2","1","0","0","0","-15,7109471","-47,87622929","010100002042120000742C084828F047C0415F1F42016C2FC0",2,38,"B"
55,"UNIDADE BÁSICA DE SAÚDE Nº 03 - CEILÂNDIA","UBS Nº 03 - CEILÂNDIA",6,4,"10995","UBS TIPO 2","NÃO","2017 - 2074","QNM 15 LOTE D ÁREA ESPECIAL","8 às 22h segunda a sexta e sábado 07 às 12h","SIM","#REF!","#REF!","#REF!","#REF!","#REF!","NÃO","SIM","SIM","NÃO","SIM ","SIM","07:30 h às 18:00h segunda a sexta e sábado 07h às 11:30h","SEGUNDA - FEIRA","ONLINE","3","4","1","5","3","0","0","0","0","-15,83098504","-48,09668541","010100002042120000A5F90030600C48C0CF8704DF76A92FC0",48,35,"C"
56,"UNIDADE BÁSICA DE SAÚDE Nº 03 - FERCAL","UBS Nº 03 - FERCAL",5,6,"161616","UBS TIPO 1","SIM","Não possui linha telefônica","Sítio Patrícia, DF 326, KM 8, Núcleo Rural Lobeiral, FercaL.","das 07h às 17h de segunda a sexta","NÃO","NÃO","NÃO","NÃO","SIM","NÃO","NÃO","CAUTELA","NÃO","NÃO","SIM - VOLANTE","SIM","8h às 16:30 - segunda a sexta ","NÃO","OFFLINE","1","1","0","1","1","1","0","0","0","-15,592532","-47,837186","010100002042120000A4552DE928EB47C0BDAAB35A602F2FC0",87,7,"B"
72,"UNIDADE BÁSICA DE SAÚDE Nº 04 - GAMA","UBS Nº 04 - GAMA",8,7,"10855","UBS TIPO 2","NÃO","3556-6878/2017-5770 - Ramal 5771/2017-1886","Praça 3 - Área Especial 2 - Setor Leste - Gama","das 07h às 19h de segunda a sexta, e sábado das 07h às 12h ","SIM","NÃO","NÃO","NÃO","NÃO","NÃO","NÃO","SIM","SIM","NÃO","SIM - DIÁRIO","SIM","08h às 17:30h segunda a sexta e, a partir de outubro, e sábado de 08h às 11:30h","QUINTA - FEIRA","ONLINE","4","3","2","5","3","0","0","0","0","-16,026052","-48,056946","010100002042120000ABD1AB014A0748C0D2FE0758AB0630C0",59,35,"C"
90,"UNIDADE BÁSICA DE SAÚDE Nº 05 - RIACHO FUNDO II","UBS Nº 05 - RIACHO FUNDO II",3,18,"7526504","UBS TIPO 1","NÃO","2017-1145 (R-6200/6201)","CAUB II, Lote 13 CEP: 71884-300","das 07h às 17h de segunda a sexta","NÃO","NÃO","NÃO","NÃO","SIM","NÃO","NÃO","NÃO","NÃO","NÃO","NÃO","NÃO","NÃO","NÃO","OFFLINE","1","2","0","2","1","0","0","0","0","-15,938581","-48,034864","01010000204212000064E76D6C760448C0404B57B08DE02FC0",40,22,"E"
144,"UNIDADE BÁSICA DE SAÚDE Nº 11 - SÃO SEBASTIÃO","UBS Nº 11 - SÃO SEBASTIÃO",4,21,"3212025","UBS TIPO 1","NÃO","6240/ 6241 TEL. 2017-1386 GSAP: 6232/ 6233","RUA 26 CONJ B CASA 17 - BOSQUE - SÃO SEBASTIÃO","das 07h às 17h de segunda a sexta","NÃO","NÃO","NÃO","NÃO","SIM","NÃO","NÃO","CAUTELA","NÃO","NÃO","NÃO","SIM","Toda quarta e sexta-feira de 09h às 16h","NÃO","OFFLINE","0","1","0","1","0","0","0","0","0","-15,912092","-47,751652","0101000020421200008BFCFA2136E047C0EFE2FDB8FDD22FC0",66,7,"D"
145,"UNIDADE BÁSICA DE SAÚDE Nº 12 - CEILÂNDIA","UBS Nº 12 - CEILÂNDIA",6,4,"2617293","UBS TIPO 2","NÃO","2017-2063","EQNQ 03/04 ÁREA ESPECIAL - CEILÂNDIA NORTE","07 às 22h segunda a sexta e sábado 07 às 12h","SIM","NÃO","NÃO","NÃO","NÃO","NÃO","NÃO","SIM","NÃO","NÃO","SIM - DIÁRIO","SIM","07:30h às 18h segunda a sexta e sábado 07:30h às 11h","SEXTA - FEIRA","ONLINE","3","8","3","11","4","1","0","0","0","-15,80469","-48,143466","010100002042120000410B09185D1248C024D6E253009C2FC0",98,35,"C"
147,"UNIDADE BÁSICA DE SAÚDE Nº 12 - GAMA","UBS Nº 12 - GAMA",8,7,"3144615","UBS TIPO 1","SIM","2017-5487","DF 290, Antigo Posto Fiscal, Ponte Alta - Gama","das 07h às 17h de segunda a sexta","NÃO","NÃO","NÃO","NÃO","NÃO","NÃO","NÃO","SIM","NÃO","NÃO","SIM - VOLANTE","VOLANTE (15 em 15 dias, quinta-feira)","09h as 16h30 - quinta feira","NÃO","ONLINE","1","0","2","2","1","0","0","0","0","-16,008947","-48,159738","010100002042120000D7F6764B721448C0B665C0594A0230C0",11,22,"C"
148,"UNIDADE BÁSICA DE SAÚDE Nº 12 - PLANALTINA","UBS Nº 12 - PLANALTINA",5,14,"2804123","UBS TIPO 1","NÃO","4052-7314","DF-128, KM 21, Setor Residencial Mestre D'armas, Planaltina","das 07h às 17h de segunda a sexta","NÃO","NÃO","NÃO","NÃO","NÃO","SIM","NÃO","CAUTELA","NÃO","NÃO","SIM - VOLANTE","VOLANTE (segunda a sexta - feira)","8h às 16:30 - segunda a sexta","NÃO","OFFLINE","0","1","0","1","0","0","0","0","0","-15,633893","-47,674468","0101000020421200006919A9F754D647C0A053909F8D442FC0",85,7,"C"
149,"UNIDADE BÁSICA DE SAÚDE Nº 12 - SAMAMBAIA","UBS Nº 12 - SAMAMBAIA",7,19,"9480587","UBS TIPO 2","NÃO","Ramal: 5190","QD 210 CONJ. 22 LOTE 01","das 07h às 19h de segunda a sexta, e sábado das 07h às 12h ","SIM","#REF!","#REF!","#REF!","#REF!","#REF!","NÃO","SIM","SIM","SIM","SIM","SIM"," 7:30h às 18:30h segunda a sexta e sábado 07:30h às 11:30h","QUARTA - FEIRA","ONLINE","4","6","0","6","5","0","0","0","0","-15,865917","-48,074603","0101000020421200007D9752978C0948C0D219187959BB2FC0",22,20,"B"
150,"UNIDADE BÁSICA DE SAÚDE Nº 12 - SÃO SEBASTIÃO","UBS Nº 12 - SÃO SEBASTIÃO",4,21,"7423489","UBS TIPO 1","NÃO","6260/ 6261 TEL. 2017-1387 GSAP: 6232/ 6233","QD 31 CASA 6 SÃO JOSÉ - SÃO SEBASTIÃO","das 07h às 17h de segunda a sexta","NÃO","NÃO","NÃO","NÃO","NÃO","SIM","NÃO","CAUTELA","NÃO","NÃO","NÃO","SIM","Toda quarta-feira de 09 às 16h","NÃO","ONLINE","0","1","0","1","0","0","0","0","0","-15,90968448","-47,76488543","010100002042120000B98409C4E7E147C0BA8E062AC2D12FC0",66,7,"C"
160,"UNIDADE BÁSICA DE SAÚDE Nº 17 - CEILÂNDIA","UBS Nº 17 - CEILÂNDIA",6,4,"9509356","UBS TIPO 2","NÃO","2017-2071","EQNP 16/20 AREA ESPECIAL - SETOR P SUL","das 07h às 19h de segunda a sexta, e sábado das 07h às 12h ","SIM","#REF!","#REF!","#REF!","#REF!","#REF!","NÃO","SIM","NÃO","NÃO","SIM ","SIM","07:30h às 17:30h segunda a sexta","SEXTA - FEIRA","ONLINE","4","3","1","4","4","0","0","0","0","-15,847128","-48,114353","01010000204212000089997D1EA30E48C0410DDFC2BAB12FC0",103,35,"B"
161,"UNIDADE BÁSICA DE SAÚDE Nº 17 - PLANALTINA","UBS Nº 17 - PLANALTINA",5,14,"3144666","UBS TIPO 1","SIM","99154-9467","Núcleo Rural Jardim Morumbi, Rodovia DF 128, KM 4, Gleba N, Chácara Vale do Sol Nº 15, Planaltina/DF","das 07h às 17h de segunda a sexta","NÃO","NÃO","NÃO","NÃO","NÃO","SIM","NÃO","CAUTELA","NÃO","NÃO","SIM - VOLANTE","VOLANTE (segunda a sexta - feira)","8h às 16:30 - segunda a sexta","NÃO","OFFLINE","1","1","0","1","1","0","0","0","0","-15,523615","-47,618887","010100002042120000B47570B037CF47C0DC63E943170C2FC0",61,7,"B"
162,"UNIDADE BÁSICA DE SAÚDE Nº 18 - CEILÂNDIA","UBS Nº 18 - CEILÂNDIA",6,4,"9643338","UBS TIPO 1","NÃO","Não possui linha telefônica","QNN 28 lote H, I, J,K GUARIROBA - Caíque","das 07h às 17h de segunda a sexta","NÃO","NÃO","NÃO","NÃO","NÃO","NÃO","NÃO","NÃO","NÃO","NÃO","NÃO","NÃO","NÃO","NÃO","ONLINE","1","1","0","1","1","0","0","0","0","-15,832169","-48,114475","010100002042120000D49AE61DA70E48C0747D1F0E12AA2FC0",104,7,"E"
95,"UNIDADE BÁSICA DE SAÚDE Nº 05 - SOBRADINHO II","UBS Nº 05 - SOBRADINHO II",5,25,"7686730","UBS TIPO 1","NÃO","2017-1200 Ramal 1930/1931","Condomínio Mini-Chácaras, QMS 16 Rua 14 Casa 01, Sobradinho II","das 07h às 17h de segunda a sexta","NÃO","NÃO","NÃO","NÃO","SIM","NÃO","NÃO","NÃO","NÃO","NÃO","NÃO","SIM","8h às 16:30 - segunda a sexta","NÃO","ONLINE","1","2","0","2","1","1","0","0","0","-15,635707","-47,837388","0101000020421200000B08AD872FEB47C032AD4D637B452FC0",81,22,"D"
163,"UNIDADE BÁSICA DE SAÚDE Nº 18 - PLANALTINA","UBS Nº 18 - PLANALTINA",5,14,"9566961","UBS TIPO 1","NÃO","98577 3942","Setor Recreativo e Cultural, Módulo Esportivo S/N, Centro Olímpico, Planaltina-DF;","das 07h às 17h de segunda a sexta","NÃO","NÃO","NÃO","NÃO","SIM","NÃO","NÃO","NÃO","NÃO","NÃO","SIM - VOLANTE","VOLANTE (segunda a sexta - feira)","8h às 16:30 - segunda a sexta","NÃO","ONLINE","0","0","1","1","0","0","0","0","0","-15,616921","-47,651111","0101000020421200006E88F19A57D347C0656EBE11DD3B2FC0",52,7,"D"
6,"UNIDADE BÁSICA DE SAÚDE Nº 01 - CANDANGOLÂNDIA","UBS Nº 01 - CANDANGOLÂNDIA",3,3,"11185","UBS TIPO 2","NÃO","2017-1265 (R-6110) 2017-1266 (R-6460)","EQR 5/7 - Área Especial 1 Candangolândia CEP: 71725-510","das 07h às 19h de segunda a sexta, e sábado das 07h às 12h ","SIM","NÃO","NÃO","NÃO","SIM","NÃO","SIM","SIM","SIM","SIM","SIM - DIÁRIO","SIM","07:30h às 18:30h segunda a sexta","QUINTA - FEIRA","ONLINE","2","2","3","5","3","1","0","0","0","-15,84981","-47,95139","010100002042120000E8DEC325C7F947C0A5A0DB4B1AB32FC0",7,35,"B"
7,"UNIDADE BÁSICA DE SAÚDE Nº 01 - CEILÂNDIA","UBS Nº 01 - CEILÂNDIA",6,4,"7347715","UBS TIPO 2","NÃO","2017 - 2067","EQNP 7/11, ÁREA ESPECIAL, CEILÂNDIA NORTE","das 07h às 19h de segunda a sexta, e sábado das 07h às 12h ","SIM","NÃO","NÃO","NÃO","NÃO","NÃO","NÃO","NÃO","NÃO","NÃO","NÃO","SIM","VOLANTE - Segunda e quinta-feira 08:00 às 17:00","NÃO","ONLINE","1","4","0","4","2","0","0","0","0","-15,81894444","-48,12986111","010100002042120000733CF2499F1048C0021586AF4CA32FC0",8,35,"D"
115,"UNIDADE BÁSICA DE SAÚDE Nº 07 - SANTA MARIA","UBS Nº 07 - SANTA MARIA",8,20,"3144569","UBS TIPO 1","NÃO","2017-5950","Av. Brigadeiro Pinto de Moura, S/N, Área Especial, Santos Dumont - Santa Maria","das 07h às 17h de segunda a sexta","NÃO","NÃO","NÃO","NÃO","SIM","NÃO","NÃO","SIM","NÃO","NÃO","NÃO","VOLANTE (quinzenal âs tercas feiras)","09h às 16:30 (de 15 em 15 dias)","NÃO","ONLINE","0","1","0","1","0","0","0","0","0","-15,99324","-47,98801","0101000020421200007C0F971C77FE47C078280AF489FC2FC0",80,22,"C"
117,"UNIDADE BÁSICA DE SAÚDE Nº 07 - TAGUATINGA","UBS Nº 07 - TAGUATINGA",7,26,"10960","UBS TIPO 2","NÃO","3371-2888","QNM 36 AE 10","das 07h às 18h de segunda a sexta","SIM","#REF!","#REF!","#REF!","#REF!","#REF!","NÃO","SIM","SIM","SIM","SIM","SIM","07:30h às 17:30h segunda a sexta","QUARTA - FEIRA","ONLINE","3","4","3","7","3","0","0","0","0","-15,801127","-48,094193","0101000020421200008D4127840E0C48C09BE271512D9A2FC0",88,26,"C"
141,"UNIDADE BÁSICA DE SAÚDE Nº 11 - PLANALTINA","UBS Nº 11 - PLANALTINA",5,14,"11576","UBS TIPO 1","SIM","99462-2349","Núcleo Rural Rajadinha II, Rua 02, Lote 16/17, Chácara Riacho Doce, Planaltina","das 07h às 17h de segunda a sexta","NÃO","NÃO","NÃO","NÃO","NÃO","SIM","NÃO","CAUTELA","NÃO","NÃO","SIM - VOLANTE","VOLANTE (segunda - feira)","9h às 16:30 - segunda ","NÃO","OFFLINE","0","1","0","1","0","0","0","0","0","-15,746663","-47,662715","010100002042120000C9C859D8D3D447C03944DC9C4A7E2FC0",85,7,"C"
142,"UNIDADE BÁSICA DE SAÚDE Nº 11 - RECANTO DAS EMAS","UBS Nº 11 - RECANTO DAS EMAS",7,16,"9543945","UBS TIPO 1","SIM","3359-7664","QUADRA 01 LOTE 23 Salomão Elias","das 07h às 18h de segunda a sexta","NÃO","NÃO","NÃO","SIM","NÃO","NÃO","NÃO","NÃO","NÃO","NÃO","NÃO","NÃO","NÃO","NÃO","OFFLINE","0","2","0","2","0","0","0","0","0","-15,94217","-48,240685","010100002042120000A2D11DC4CE1E48C06E8B321B64E22FC0",71,9,"E"
119,"UNIDADE BÁSICA DE SAÚDE Nº 08 - CEILÂNDIA","UBS Nº 08 - CEILÂNDIA",6,4,"11045","UBS TIPO 2","NÃO","2017-2066","EQNP 13/17 ÁREA ESPECIAL A,B,C,D P. NORTE","das 07h às 19h de segunda a sexta, e sábado das 07h às 12h ","SIM","#REF!","#REF!","#REF!","#REF!","#REF!","NÃO","SIM","SIM","SIM","SIM ","SIM","07:30h às 18:30h segunda a sexta e sábado 07:30 h às 11:30h","TERÇA - FEIRA","ONLINE","2","4","2","6","4","1","0","0","0","-15,806957","-48,129921","01010000204212000025085740A11048C07A8EC877299D2FC0",89,35,"C"
124,"UNIDADE BÁSICA DE SAÚDE Nº 08 - SAMAMBAIA","UBS Nº 08 - SAMAMBAIA",7,19,"7114397","UBS TIPO 2","NÃO","2017-1145, Ramal: 4910","QS 314 CONJ 05 LOTE 01","das 07h às 19h de segunda a sexta, e sábado das 07h às 12h ","NÃO","NÃO","NÃO","SIM","NÃO","NÃO","NÃO","NÃO","NÃO","NÃO","NÃO","NÃO","NÃO","NÃO","ONLINE","3","4","0","4","3","0","0","0","0","-15,876741","-48,067785","0101000020421200006614CB2DAD0848C0EB1F4432E4C02FC0",91,20,"E"
5,"UNIDADE BÁSICA DE SAÚDE Nº 01 - BRAZLÂNDIA","UBS Nº 01 - BRAZLÂNDIA",6,2,"11215","UBS TIPO 2","NÃO","2017-1324","EQ 6/8 SETOR NORTE ÁREA ESPECIAL 3","das 07h às 19h de segunda a sexta, e sábado das 07h às 12h ","SIM","#REF!","#REF!","#REF!","#REF!","#REF!","SIM","SIM","SIM","SIM","SIM ","SIM","07:30 h às 17:30h segunda a sexta","SEGUNDA E QUARTA","ONLINE","3","2","3","5","2","1","0","0","0","-15,677194","-48,194854","01010000204212000055BFD2F9F01848C04818062CB95A2FC0",6,35,"B"
2,"UNIDADE BÁSICA DE SAÚDE Nº 01 - ÁGUAS CLARAS","UBS Nº 01 - ÁGUAS CLARAS",7,1,"7108923","UBS TIPO 2","NÃO","3356-2296","QS 05 LT 24 AV. AREAL","das 07h às 22h de segunda a sexta","SIM","#REF!","#REF!","#REF!","#REF!","#REF!","NÃO","SIM","SIM","SIM","SIM","SIM"," 7:30h às 18:30h segunda a sexta e sábado 07:30h às 11:30h","QUINTA - FEIRA","ONLINE","3","6","0","6","3","1","0","0","0","-15,854389","-48,035669","010100002042120000923D42CD900448C0D11F9A7972B52FC0",3,20,NULL
20,"UNIDADE BÁSICA DE SAÚDE Nº 01 - RECANTO DAS EMAS","UBS Nº 01 - RECANTO DAS EMAS",7,16,"10804","UBS TIPO 1","NÃO","2017-2304","QUADRA 307 ÁREA ESPECIAL 01 CONJUNTO D","das 07h às 17h de segunda a sexta","NÃO","NÃO","NÃO","NÃO","SIM","NÃO","NÃO","NÃO","NÃO","NÃO","NÃO","NÃO","NÃO","NÃO","ONLINE","3","1","2","3","3","0","0","0","0","-15,919496","-48,101932","0101000020421200003B35971B0C0D48C00B9B012EC8D62FC0",19,10,"E"
130,"UNIDADE BÁSICA DE SAÚDE Nº 09 - GAMA","UBS Nº 09 - GAMA",8,7,"2779404","UBS TIPO 1","SIM","2017-1892","Rua libânio, Casa nº 13, Engenho das Lages - Gama","das 07h às 17h de segunda a sexta","NÃO","NÃO","SIM","NÃO","NÃO","NÃO","NÃO","SIM","NÃO","NÃO","SIM - VOLANTE","VOLANTE (1 vez uma por semana na quinta feira)","08:30h às 15h - quinta feira","NÃO","ONLINE","1","1","0","1","1","0","0","0","0","-16,04388","-48,254283","010100002042120000E27668588C2048C0D0F23CB83B0B30C0",11,7,"B"
25,"UNIDADE BÁSICA DE SAÚDE Nº 01 - SÃO SEBASTIÃO","UBS Nº 01 - SÃO SEBASTIÃO",4,21,"10790","UBS TIPO 2","NÃO","6221 GESAP: 6223/ 6220 TEL. 2017-1376","CENTRO DE MULTIPLAS ATIV CONJ 10 - CENTRO - SSB","das 07h às 22h de segunda a sexta","SIM","NÃO","NÃO","NÃO","SIM","NÃO","SIM","SIM","SIM","SIM","SIM - DIÁRIO","SIM","08h às 18:30h de segunda a quinta-feira e 08hs as 12h sexta-feira","SEXTA - FEIRA (MANHÃ)","OFFLINE","5","8","2","10","9","1","0","0","0","-15,902241","-47,772632","010100002042120000EAEBF99AE5E247C07E384888F2CD2FC0",24,54,"B"
27,"UNIDADE BÁSICA DE SAÚDE Nº 01 - SOBRADINHO II","UBS Nº 01 - SOBRADINHO II",5,25,"11258","UBS TIPO 2","NÃO","98586-4397","AR 13 Conjunto 07 Lote 01, Área Especial, Sobradinho II","das 07h às 19h de segunda a sexta, e sábado das 07h às 12h ","SIM","NÃO","NÃO","NÃO","SIM","NÃO","NÃO","SIM","NÃO","NÃO","SIM - DIÁRIO","SIM","8h às 18h - segunda a sexta ","TERÇA E QUINTA
(8h às 12h)","OFFLINE","2","2","7","9","5","0","0","0","0","-15,644548","-47,824431","0101000020421200007F677BF486E947C088670932024A2FC0",56,35,"D"
28,"UNIDADE BÁSICA DE SAÚDE Nº 01 - TAGUATINGA","UBS Nº 01 - TAGUATINGA",7,26,"10901","UBS TIPO 2","NÃO","2017-1756 / 2017-1781/ 4290","QNG AE 18 /19","das 07h às 19h de segunda a sexta, e sábado das 07h às 12h ","SIM","#REF!","#REF!","#REF!","#REF!","#REF!","NÃO","SIM","SIM","SIM","SIM","SIM"," 7:30h às 18:30h segunda a sexta e sábado 07:30h às 11:30h","TERÇA - FEIRA","ONLINE","2","5","2","7","4","1","0","0","0","-15,795407","-48,059483","01010000204212000080D591239D0748C0DA0418963F972FC0",26,26,"B"
30,"UNIDADE BÁSICA DE SAÚDE Nº 01 - VICENTE PIRES","UBS Nº 01 - VICENTE PIRES",7,28,"9056963","UBS TIPO 2","NÃO","2017-4300","RUA 4C CHAARA 12 - COLONIA AGRICOLA SAMAMBAIA","das 07h às 22h de segunda a sexta","SIM","#REF!","#REF!","#REF!","#REF!","#REF!","NÃO","SIM","SIM","SIM","SIM","SIM"," 7:30h às 18:30h segunda a sexta e sábado 07:30h às 11:30h","TERÇA - FEIRA","ONLINE","0","2","6","8","3","0","0","0","0","-15,819197","-48,02213","0101000020421200005721E527D50248C06FF607CA6DA32FC0",27,26,"B"
35,"UNIDADE BÁSICA DE SAÚDE Nº 02 - CRUZEIRO","UBS Nº 02 - CRUZEIRO",2,5,"10758","UBS TIPO 2","NÃO","2017-1900 Ramal 4240","Setor Escolar Lote 04 - Cruzeiro Velho","das 07h às 19h de segunda a sexta, e sábado das 07h às 12h ","SIM","NÃO","NÃO","NÃO","SIM","NÃO","NÃO","SIM","SIM","SIM","SIM - DIÁRIO","SIM","08h às 12h e de 13hs às 17:30 segunda a sexta e sábado 08 às 11:30h","SEGUNDA - FEIRA","ONLINE","2","0","5","5","2","1","0","0","0","-15,7835622","-47,9358883","010100002042120000C29A1430CBF747C07DC38E102F912FC0",31,59,"B"
36,"UNIDADE BÁSICA DE SAÚDE Nº 02 - ESTRUTURAL","UBS Nº 02 - ESTRUTURAL",3,22,"3513564","UBS TIPO 1","NÃO","2017-1145 (R-4111)","AE 19 s/n - Antigo TRE - CEP: 71255-230","das 07h às 17h de segunda a sexta","NÃO","NÃO","NÃO","NÃO","SIM","NÃO","NÃO","SIM","NÃO","NÃO","NÃO","NÃO","NÃO","NÃO","OFFLINE","2","3","0","3","2","1","0","0","0","-15,781925","-47,998773","0101000020421200005C902DCBD7FF47C07FD93D7958902FC0",10,22,"D"
37,"UNIDADE BÁSICA DE SAÚDE Nº 02 - FERCAL","UBS Nº 02 - FERCAL",5,6,"11517","UBS TIPO 1","SIM","Não possui linha telefônica","Rodovia DF 205 Oeste Km 13 Núcleo Rural 13, Fercal, Catingueiro","das 07h às 17h de segunda a sexta","NÃO","NÃO","NÃO","NÃO","SIM","NÃO","NÃO","CAUTELA","NÃO","NÃO","SIM - VOLANTE","SIM","8h às 16:30 - segunda a sexta ","NÃO","ONLINE","1","1","0","1","1","0","0","0","0","-15,588392","-47,922476","01010000204212000026AC8DB113F647C0C1745AB7412D2FC0",87,7,"B"
164,"UNIDADE BÁSICA DE SAÚDE Nº 19 - PLANALTINA","UBS Nº 19 - PLANALTINA",5,14,"9566988","UBS TIPO 1","NÃO","98457-2489","Setor Residencial Oeste, Vila Nossa Senhora de Fátima, Parque Sucupira, Planaltina-DF;","das 07h às 17h de segunda a sexta","NÃO","NÃO","NÃO","NÃO","SIM","NÃO","NÃO","CAUTELA","NÃO","NÃO","SIM - VOLANTE","VOLANTE (segunda a sexta - feira)","8h às 16:30 - segunda a sexta","NÃO","OFFLINE","0","1","0","1","0","0","0","0","0","-15,604537","-47,660106","0101000020421200005AF2785A7ED447C0A471A8DF85352FC0",85,7,"C"
165,"UNIDADE BÁSICA DE SAÚDE Nº 19 - SÃO SEBASTIÃO","UBS Nº 19 - SÃO SEBASTIÃO",4,21,"3254909","UBS TIPO 1","NÃO","Não possui linha telefônica","RUA 7 CASA 400 VILA DO BOA - SSB","das 07h às 17h de segunda a sexta","NÃO","NÃO","NÃO","NÃO","SIM","NÃO","NÃO","CAUTELA","NÃO","NÃO","NÃO","SIM","Todas as terças, quartas e quintas-feiras de 09h às 16h","NÃO","OFFLINE","0","0","1","1","0","0","0","0","0","-15,876576","-47,793017","0101000020421200000516C09481E547C0C0EAC891CEC02FC0",43,7,"E"
166,"UNIDADE BÁSICA DE SAÚDE Nº 20 - PLANALTINA","UBS Nº 20 - PLANALTINA",5,14,"9768637","UBS TIPO 2","NÃO","2017-1350 Ramal 1297","Área Especial 9 A, Setor Norte, Planaltina","das 07h às 18h de segunda a sexta, e sábado das 07h às 12h","SIM","NÃO","NÃO","NÃO","SIM","NÃO","NÃO","SIM","SIM","SIM","SIM - DIÁRIO","SIM","8h às 18h - segunda a sexta","NÃO","OFFLINE","2","3","1","4","4","0","0","0","0","-15,611736","-47,651985","010100002042120000C53D963E74D347C05C92037635392FC0",52,35,"B"
82,"UNIDADE BÁSICA DE SAÚDE Nº 05 - ASA NORTE","UBS Nº 05 - ASA NORTE",2,10,"5117666","UBS TIPO 1","NÃO","20171145, ramal 2171 ou 2170","Vila Weslian Roriz Área especial 01 - Lago Norte","das 07h às 17h de segunda a sexta","SIM","NÃO","NÃO","NÃO","SIM","NÃO","NÃO","SIM","NÃO","NÃO","NÃO","VOLANTE (terça - feira)","09 às 12h e 13 às 16:00h Terça feira","NÃO","ONLINE","1","1","0","1","1","0","0","0","0","-15,7087085","-47,9136441","01010000204212000078D7344AF2F447C060CB2BD7DB6A2FC0",14,14,"C"
18,"UNIDADE BÁSICA DE SAÚDE Nº 01 - PARK WAY","UBS Nº 01 - PARK WAY",3,17,"11681","UBS TIPO 1","SIM","2017-1281","Área Especial - Vargem Bonita CEP: 71.750-000","das 07h às 18h de segunda a sexta","NÃO","NÃO","NÃO","SIM","NÃO","NÃO","NÃO","CAUTELA","NÃO","NÃO","SIM - VOLANTE","NÃO","NÃO","NÃO","OFFLINE","1","1","0","1","1","0","0","0","0","-15,93361535","-47,93970645","0101000020421200008E4B0B4D48F847C05296C6D402DE2FC0",38,7,"C"
86,"UNIDADE BÁSICA DE SAÚDE Nº 05 - GUARÁ","UBS Nº 05 - GUARÁ",3,8,"9263632","UBS TIPO 1","NÃO","2017-4751","QE 38 - Conjunto ""O"" - Área Especial - Horta Comunitária","das 07h às 17h de segunda a sexta","SIM","NÃO","NÃO","NÃO","SIM","NÃO","NÃO","NÃO","NÃO","NÃO","NÃO","NÃO","NÃO","TERÇA E QUINTA","OFFLINE","0","1","0","1","0","0","0","0","0","-15,848998","-47,970083","010100002042120000EAB303AE2BFC47C023BDA8DDAFB22FC0",50,7,"E"
92,"UNIDADE BÁSICA DE SAÚDE Nº 05 - SANTA MARIA","UBS Nº 05 - SANTA MARIA",8,20,"3144593","UBS TIPO 1","NÃO","2017-1145 - Ramal 5851","QR 212/213, Área Especial - Santa Maria","das 07h às 17h de segunda a sexta","NÃO","NÃO","NÃO","SIM","NÃO","NÃO","NÃO","SIM","NÃO","NÃO","NÃO","VOLANTE (quinzenal)","08:30h às 16:30 (de 15 em 15 dias)","NÃO","ONLINE","0","1","1","2","1","0","0","0","0","-16,0104389","-48,002336","0101000020421200003ECDC98B4C0048C0311BAE1FAC0230C0",73,22,"D"
93,"UNIDADE BÁSICA DE SAÚDE Nº 05 - SÃO SEBASTIÃO","UBS Nº 05 - SÃO SEBASTIÃO",4,21,"11363","UBS TIPO 1","SIM","6250/ 6251 TEL. 2017-1380 GSAP: 6322/ 6323","DF 140 KM 7,5 - AO LADO DA EMATER - SSB","das 07h às 17h de segunda a sexta","NÃO","NÃO","NÃO","NÃO","NÃO","SIM","NÃO","CAUTELA","NÃO","NÃO","NÃO","SIM","Toda terça feira de 8h às 16h","NÃO","OFFLINE","2","1","1","2","1","0","0","0","0","-15,990927","-47,813177","010100002042120000016E162F16E847C06072A3C85AFB2FC0",55,22,"C"
96,"UNIDADE BÁSICA DE SAÚDE Nº 05 - TAGUATINGA","UBS Nº 05 - TAGUATINGA",7,26,"10626","UBS TIPO 2","NÃO","2017-4331","SETOR D SUL AE 23","das 07h às 22h de segunda a sexta","SIM","#REF!","#REF!","#REF!","#REF!","#REF!","NÃO","SIM","SIM","SIM","SIM","SIM","07:30h às 17:30h segunda a sexta","SEGUNDA - FEIRA","ONLINE","2","6","1","7","3","1","1","0","0","-15,85101627","-48,04710209","010100002042120000C70FF870070648C01F079067B8B32FC0",75,26,"B"
81,"UNIDADE BÁSICA DE SAÚDE Nº 04 - SOBRADINHO II","UBS Nº 04 - SOBRADINHO II",5,25,"6770665","UBS TIPO 1","NÃO","Não possui linha telefônica","Condomínio Mini-Chácaras, QMS 30 Área Especial 01, Sobradinho II","das 07h às 17h de segunda a sexta","NÃO","NÃO","NÃO","NÃO","SIM","NÃO","NÃO","NÃO","NÃO","NÃO","NÃO","SIM","8h às 16:30 - segunda a sexta","NÃO","OFFLINE","1","1","0","1","1","0","0","0","0","-15,635683","-47,837392","0101000020421200004DF73AA92FEB47C0103FFF3D78452FC0",81,7,NULL
33,"UNIDADE BÁSICA DE SAÚDE Nº 02 - BRAZLÂNDIA","UBS Nº 02 - BRAZLÂNDIA",6,2,"6662358","UBS TIPO 2","NÃO","2017-1145/5142","QD 45 AE 01 - VILA SÃO JOSÉ - BRAZLÂNDIA/DF","das 07h às 19h de segunda a sexta, e sábado das 07h às 12h ","SIM","#REF!","#REF!","#REF!","#REF!","#REF!","NÃO","SIM","SIM","SIM","SIM ","SIM","07:30 h às 17:30h segunda a sexta","TERÇA E QUINTA","ONLINE","3","3","2","5","3","0","0","0","0","-15,65894444","-48,19266667","010100002042120000F1562B4DA91848C0B15C672A61512FC0",29,35,"B"
113,"UNIDADE BÁSICA DE SAÚDE Nº 07 - RECANTO DAS EMAS","UBS Nº 07 - RECANTO DAS EMAS",7,16,"2779331","UBS TIPO 1","SIM","3404-3846","NÚCLEO RURAL CASA GRANDE - MONJOLO","das 07h às 18h de segunda a sexta","NÃO","NÃO","NÃO","SIM","NÃO","NÃO","NÃO","CAUTELA","NÃO","NÃO","NÃO",NULL,"VOLANTE","NÃO","ONLINE","1","1","0","1","1","0","0","0","0","-15,964549","-48,099852","010100002042120000583849F3C70C48C06DC7D45DD9ED2FC0",71,9,"C"
143,"UNIDADE BÁSICA DE SAÚDE Nº 11 - SAMAMBAIA","UBS Nº 11 - SAMAMBAIA",7,19,"7771479","UBS TIPO 2","NÃO","98678-9952","QR 831 CONJUNTO 02","das 07h às 18h de segunda a sexta","NÃO","NÃO","NÃO","NÃO","SIM","NÃO","NÃO","SIM","SIM","NÃO","NÃO","NÃO","08:30 às 17:00","SEGUNDA E QUARTA","OFFLINE","4","3","1","4","3","1","0","0","0","-15,885891","-48,150507","010100002042120000D76839D0431348C038A4518193C52FC0",54,20,NULL
31,"UNIDADE BÁSICA DE SAÚDE Nº 02 - ÁGUAS CLARAS","UBS Nº 02 - ÁGUAS CLARAS",7,1,"3742822","UBS TIPO 1","NÃO","não tem","QS 08 CONJ. 410 A LOTE 15","das 07h às 17h de segunda a sexta","NÃO","NÃO","NÃO","SIM","NÃO","NÃO","NÃO","CAUTELA","NÃO","NÃO","NÃO","NÃO","NÃO","NÃO","ONLINE","1","1","0","1","1","0","0","0","0","-15,859553","-48,023901","010100002042120000BDAB1E300F0348C07D5BB05417B82FC0",3,9,NULL
47,"UNIDADE BÁSICA DE SAÚDE Nº 02 - SAMAMBAIA","UBS Nº 02 - SAMAMBAIA",7,19,"10774","UBS TIPO 2","NÃO","3459-9316","QS 611 AE 02","das 07h às 19h de segunda a sexta, e sábado das 07h às 12h ","SIM","#REF!","#REF!","#REF!","#REF!","#REF!","NÃO","SIM","SIM","SIM","SIM","SIM"," 7:30h às 18:30h segunda a sexta e sábado 07:30h às 11:30h","SEGUNDA - FEIRA","ONLINE","2","6","1","7","7","1","0","0","0","-15,875666","-48,109902","010100002042120000EBE1CB44110E48C03370404B57C02FC0",41,26,NULL
89,"UNIDADE BÁSICA DE SAÚDE Nº 05 - RECANTO DAS EMAS","UBS Nº 05 - RECANTO DAS EMAS",7,16,"7059892","UBS TIPO 2","NÃO","3331-1719","QUADRA 804 CONJUNTO 20B LOTE 01","das 07h às 18h de segunda a sexta","NÃO","#REF!","#REF!","#REF!","#REF!","#REF!","NÃO","SIM","SIM","NÃO","SIM","NÃO","NÃO","NÃO","ONLINE","1","4","1","5","2","0","0","0","0","-15,923448","-48,054167","010100002042120000DFC2BAF1EE0648C0FC1C1F2DCED82FC0",71,20,NULL
54,"UNIDADE BÁSICA DE SAÚDE Nº 03 - BRAZLÂNDIA","UBS Nº 03 - BRAZLÂNDIA",6,2,"3144658","UBS TIPO 1","NÃO","2017-1326","QUADRA 3 LOTE 6 AREA ESPECIAL Nº 02 SETOR VEREDAS","das 07h às 17h de segunda a sexta","NÃO","NÃO","NÃO","NÃO","NÃO","NÃO","NÃO","SIM","SIM","NÃO","SIM - VOLANTE","VOLANTE ( quarta - feira)","Volante - quarta-feira","NÃO","ONLINE","1","0","1","1","1","0","0","0","0","-15,66986111","-48,20044444","010100002042120000863BD529A81948C0E09F1009F8562FC0",47,7,"D"
122,"UNIDADE BÁSICA DE SAÚDE Nº 08 - PLANALTINA","UBS Nº 08 - PLANALTINA",5,14,"5050359","UBS TIPO 1","NÃO","2017-1145 Ramal 1400","CR 61 Casa 17, Vale do Amanhecer, Planaltina","das 07h às 17h de segunda a sexta","NÃO","NÃO","NÃO","NÃO","SIM","NÃO","NÃO","NÃO ","NÃO","NÃO","SIM - VOLANTE","VOLANTE (segunda a sexta - feira)","9:30 às 16:30 - segunda a sexta","NÃO","OFFLINE","0","3","0","3","1","0","0","0","0","-15,677358","-47,652592","010100002042120000CCD0782288D347C0315EF3AACE5A2FC0",78,22,"C"
123,"UNIDADE BÁSICA DE SAÚDE Nº 08 - RECANTO DAS EMAS","UBS Nº 08 - RECANTO DAS EMAS",7,16,"2804247","UBS TIPO 1","SIM","3359-7003","DF 280 KM 03 QUADRA 04 SETOR HABITACIONAL AGUA QUENTE","das 07h às 18h de segunda a sexta","NÃO","NÃO","NÃO","SIM","NÃO","NÃO","NÃO","CAUTELA","NÃO","NÃO","NÃO",NULL,"VOLANTE","NÃO","ONLINE","0","2","0","2","1","0","0","0","0","-15,937712","-48,228196","010100002042120000FC89CA86351D48C02D228AC91BE02FC0",71,9,"E"
125,"UNIDADE BÁSICA DE SAÚDE Nº 08 - SANTA MARIA","UBS Nº 08 - SANTA MARIA",8,20,"7559194","UBS TIPO 1","NÃO","2017-1145 - Ramal 5960","EQ 417/517 Módulo E, Centro Comunitário Cora Coralina - Santa Maria","das 07h às 17h de segunda a sexta","NÃO","NÃO","NÃO","SIM","NÃO","NÃO","NÃO","NÃO","NÃO","NÃO","NÃO","VOLANTE (quinzenal)","NÃO","NÃO","ONLINE","0","2","0","2","0","0","0","0","0","-16,0145","-47,98846","010100002042120000BCB376DB85FE47C0C1CAA145B60330C0",73,22,"E"
126,"UNIDADE BÁSICA DE SAÚDE Nº 08 - SÃO SEBASTIÃO","UBS Nº 08 - SÃO SEBASTIÃO",4,21,"7975295","UBS TIPO 1","SIM","6270 TEL. 99133-7620 GSAP: 6322/ 6323","BR 251 KM29- ESPAÇO NR N. P CAVAS DE BAIXO","das 07h às 17h de segunda a sexta","NÃO","NÃO","NÃO","SIM","NÃO","NÃO","NÃO","CAUTELA","NÃO","NÃO","NÃO","SIM","Toda terça e quarta-feira de 09h às 16h","NÃO","OFFLINE","0","1","0","1","0","0","0","0","0","-15,971361","-47,708768","010100002042120000C539EAE8B8DA47C03F389F3A56F12FC0",55,7,"D"
121,"UNIDADE BÁSICA DE SAÚDE Nº 08 - PARANOÁ","UBS Nº 08 - PARANOÁ",4,12,"11630","UBS TIPO 1","SIM","99208-5419","BR 251 KM 07 PAD DF - PARANOÁ","das 07h às 17h de segunda a sexta","NÃO","NÃO","NÃO","SIM","NÃO","NÃO","NÃO","CAUTELA","NÃO","NÃO","SIM - DIÁRIO","VOLANTE  (sexta - feira)","Às sextas-feiras de 09 às 11:30h; 13:00h às 16h","NÃO","ONLINE","1","1","0","1","1","0","0","0","0","-15,999592","-47,563356","010100002042120000B000A60C1CC847C0BCAFCA85CAFF2FC0",35,7,NULL
