"cd_equipe","tx_ine","tx_esf","tx_esf_nome_completo","cd_regiao","cd_ra","cd_ubs","cd_gsap","cd_instrumento","st_ciclo_1","tp_equipe"
971,"2272466","EQUIPE SAFIRA",NULL,2,10,15,14,NULL,NULL,"esf"
972,"2272458","EQUIPE CRISTAL",NULL,2,10,15,14,NULL,NULL,"esf"
973,"2272431","EQUIPE AMETISTA",NULL,2,10,15,14,NULL,NULL,"esf"
974,"17998804","EQUIPE 07 - VERMELHA - AREA 0699",NULL,7,26,69,57,NULL,NULL,"esf"
365," 0468657"," EQUIPE 1 - VERMELHA ÁREA 0058",NULL,6,4,156,101,NULL,True,"esf"
26," 1554263","UBS2 - EQUIPE 01",NULL,3,11,41,16,NULL,True,"esf"
906," 2062763"," ESB CINZA",NULL,5,25,168,56,NULL,False,"esb"
616,"2259206","ESF 2005/50 - CINZA - PL",NULL,5,14,75,90,NULL,False,"esf"
617,"2259214","ESF 2006/51 - VIOLETA - PL",NULL,5,14,75,90,NULL,False,"esf"
618,"2239965","ESF 09 - UBS 10 SAM - ÁREA 3235",NULL,7,19,137,86,NULL,False,"esf"
619,"2193949","EQUIPE 1224/60",NULL,8,7,72,59,NULL,False,"esf"
620,"2236168","EQUIPE 1225/61",NULL,8,20,48,42,NULL,False,"esf"
621,"2198908","EQUIPE 1226/62",NULL,8,20,115,80,NULL,False,"esf"
603,"2235196","EQUIPE 3 - AMARELA",NULL,6,2,5,6,NULL,True,"esf"
604,"2235218","EQUIPE 5 - ROXA",NULL,6,2,5,6,NULL,True,"esf"
975," 2268817"," EQUIPE 17",NULL,3,18,90,40,NULL,NULL,"esf"
326," 2018160"," EQUIPE 2 - VINHA ÁREA 0122",NULL,6,4,156,101,NULL,True,"esf"
248," 1670441"," UBS2 - EQUIPE 02",NULL,3,11,41,16,NULL,True,"esf"
976," "," EQUIPE 07",NULL,3,8,58,50,NULL,NULL,"esf"
879,"1880160","EQUIPE 1201/43",NULL,8,7,38,32,NULL,False,"esb"
880,"1880233","EQUIPE 1202/44",NULL,8,7,57,49,NULL,False,"esb"
945,"2068877","eNASF-AB Ipê Amarelo",NULL,4,21,133,66,NULL,False,"nasf"
260,"2063433","EQUIPE 05",NULL,3,8,58,50,NULL,True,"esf"
605,"2235188","EQUIPE 6 - VIOLETA",NULL,6,4,98,76,NULL,True,"esf"
622,"2203103","EQUIPE ARATICUM",NULL,2,5,8,9,NULL,False,"esb"
623,"2203111","EQUIPE INGÁ",NULL,2,5,8,9,NULL,False,"esb"
624,"2203138","EQUIPE LÍRIO",NULL,2,5,35,31,NULL,False,"esb"
625,"2203073","EQUIPE RUBI",NULL,2,10,15,14,NULL,False,"esb"
626,"2203057","EQUIPE ESTRELA",NULL,2,15,3,4,NULL,False,"esb"
627,"2203022","EQUIPE LARANJA",NULL,2,15,4,5,NULL,False,"esb"
628,"2203030","EQUIPE LILÁS",NULL,2,15,4,5,NULL,False,"esb"
629,"2203049","EQUIPE ROSA",NULL,2,15,4,5,NULL,False,"esb"
630,"2203065","EQUIPE VERMELHA",NULL,2,15,32,28,NULL,False,"esb"
631,"2203081","EQUIPE HARMONIA",NULL,2,27,29,2,NULL,False,"esb"
632,"2117762","ESB 1",NULL,3,3,6,7,NULL,False,"esb"
633,"2117797","ESB 2",NULL,3,3,6,7,NULL,False,"esb"
634,"2117312","ESB 01",NULL,3,8,12,12,NULL,False,"esb"
635,"2117320","ESB 02",NULL,3,8,12,12,NULL,False,"esb"
636,"2117339","ESB 03",NULL,3,8,12,12,NULL,False,"esb"
637,"2117371","ESB 01",NULL,3,8,39,33,NULL,False,"esb"
638,"2117452","ESB 02",NULL,3,8,39,33,NULL,False,"esb"
639,"2117479","ESB 03",NULL,3,8,39,33,NULL,False,"esb"
640,"2117525","ESB 01",NULL,3,8,58,50,NULL,False,"esb"
641,"2117533","ESB 02",NULL,3,8,58,50,NULL,False,"esb"
642,"2117541","ESB 03",NULL,3,8,58,50,NULL,False,"esb"
643,"2117576","ESB 04",NULL,3,8,58,50,NULL,False,"esb"
644,"2171708","ESB 01",NULL,3,8,73,60,NULL,False,"esb"
645,"2117681","ESB 01",NULL,3,11,16,16,NULL,False,"esb"
646,"2117703","ESB 02",NULL,3,11,16,16,NULL,False,"esb"
647,"1880934","EQUIPE 1207/49",NULL,8,7,85,69,NULL,False,"esb"
648,"2117711","ESB",NULL,3,11,41,16,NULL,False,"esb"
649,"2117894","ESB 01",NULL,3,13,18,38,NULL,False,"esb"
650,"2117843","ESB 02",NULL,3,17,21,20,NULL,False,"esb"
651,"2117819","ESB 01",NULL,3,17,21,20,NULL,False,"esb"
652,"2117878","ESB 03",NULL,3,17,21,20,NULL,False,"esb"
653,"2117886","ESB 01",NULL,3,17,45,38,NULL,False,"esb"
654,"2117908","ESB 03",NULL,3,18,22,21,NULL,False,"esb"
655,"2117916","ESB 04",NULL,3,18,22,21,NULL,False,"esb"
656,"2117932","ESB 06",NULL,3,18,22,21,NULL,False,"esb"
657,"2117924","ESB 01",NULL,3,18,77,21,NULL,False,"esb"
658,"2117606","ESB 01",NULL,3,22,9,10,NULL,False,"esb"
659,"2117622","ESB 02",NULL,3,22,9,10,NULL,False,"esb"
660,"2117630","ESB 03",NULL,3,22,9,10,NULL,False,"esb"
661,"2117649","ESB 04",NULL,3,22,9,10,NULL,False,"esb"
662,"2117665","ESB 05",NULL,3,22,9,10,NULL,False,"esb"
663,"2117673","ESB 04",NULL,3,22,36,10,NULL,False,"esb"
664,"1909851","ESB 2 ITAPOÃ",NULL,4,9,13,13,NULL,False,"esb"
665,"1909827","ESB 1 ITAPOÃ",NULL,4,9,13,13,NULL,False,"esb"
666,"1909916","ESB 3 ITAPOÃ",NULL,4,9,13,13,NULL,False,"esb"
667,"1909940","ESB 4 ITAPOÃ",NULL,4,9,13,13,NULL,False,"esb"
668,"1909991","ESB 5 ITAPOÃ",NULL,4,9,13,13,NULL,False,"esb"
669,"1910035","ESB 6 ITAPOÃ",NULL,4,9,40,34,NULL,False,"esb"
670,"1910051","ESB 7 ITAPOÃ",NULL,4,9,59,34,NULL,False,"esb"
671,"1910086","ESB 8 ITAPOÃ",NULL,4,9,59,34,NULL,False,"esb"
672,"2018950","ESB 22",NULL,6,4,109,83,NULL,False,"esb"
675,"1905716","ESB 1 PARANOÁ",NULL,4,12,17,17,NULL,False,"esb"
676,"1905872","ESB 2 PARANOÁ",NULL,4,12,17,17,NULL,False,"esb"
677,"1905902","ESB 3 PARANOÁ",NULL,4,12,17,17,NULL,False,"esb"
678,"1905953","ESB 4 PARANOÁ",NULL,4,12,17,17,NULL,False,"esb"
679,"1906046","ESB 5 PARANOÁ",NULL,4,12,17,17,NULL,False,"esb"
680,"1906135","ESB QD 18",NULL,4,12,42,35,NULL,False,"esb"
681,"1906240","ESB 1 PARANOÁ PARQUE",NULL,4,12,60,51,NULL,False,"esb"
682,"1909371","ESB 2 PARANOÁ PARQUE",NULL,4,12,60,51,NULL,False,"esb"
683,"1909444","ESB 3 PARANOÁ PARQUE",NULL,4,12,60,51,NULL,False,"esb"
684,"1909568","ESB QUEBRADA DOS NERES",NULL,4,12,87,35,NULL,False,"esb"
685,"1909584","ESB CARIRU",NULL,4,12,100,35,NULL,False,"esb"
686,"1909746","ESB CAFÉ SEM TROCO",NULL,4,12,111,35,NULL,False,"esb"
687,"1909797","ESB PADDF",NULL,4,12,121,35,NULL,False,"esb"
688,"1910116","ESB 1 SÃO SEBASTIÃO",NULL,4,21,25,24,NULL,False,"esb"
689,"1910140","ESB 2 SÃO SEBASTIÃO",NULL,4,21,25,24,NULL,False,"esb"
690,"1910167","ESB 3 SÃO SEBASTIÃO",NULL,4,21,25,24,NULL,False,"esb"
691,"1910183","ESB 4 SÃO SEBASTIÃO",NULL,4,21,25,24,NULL,False,"esb"
692,"1910221","ESB 5 SÃO SEBASTIÃO",NULL,4,21,25,24,NULL,False,"esb"
693,"1910248","ESB 6 SÃO SEBASTIÃO",NULL,4,21,25,24,NULL,False,"esb"
694,"1910302","ESB 9 SÃO SEBASTIÃO",NULL,4,21,25,24,NULL,False,"esb"
695,"1910345","ESB OESTE SSB",NULL,4,21,66,43,NULL,False,"esb"
696,"1910361","ESB NOVA BETÂNIA SSB",NULL,4,21,93,55,NULL,False,"esb"
697,"1910485","ESB BOSQUE 1 SSB",NULL,4,21,133,66,NULL,False,"esb"
698,"2062569","ESB BÁLSAMO",NULL,5,6,37,87,NULL,False,"esb"
699,"2062550","ESB JERIVÁ",NULL,5,6,56,87,NULL,False,"esb"
700,"2062887","ESB MICO-LEÃO-DOURADO",NULL,5,14,19,18,NULL,False,"esb"
701,"2062895","ESB ORQUÍDEA",NULL,5,14,43,36,NULL,False,"esb"
702,"2062909","ESB AZALÉIA",NULL,5,14,43,36,NULL,False,"esb"
703,"2062917","ESB DÁLIA",NULL,5,14,43,36,NULL,False,"esb"
704,"2062925","ESB VALERIANA",NULL,5,14,75,90,NULL,False,"esb"
705,"2062933","ESB SÁLVIA",NULL,5,14,75,90,NULL,False,"esb"
706,"2062941","ESB CAMOMILA",NULL,5,14,75,90,NULL,False,"esb"
970,"SEM INE","  eNASF-AB",NULL,2,10,15,14,NULL,NULL,"nasf"
330,"471593","ESF 0610/02 - LOBEIRA",NULL,5,6,56,87,NULL,True,"esf"
707,"2062968","ESB MARCELA",NULL,5,14,75,90,NULL,False,"esb"
708,"2062976","ESB GARÇA",NULL,5,14,88,94,NULL,False,"esb"
709,"2062984","ESB TRINCA-FERRO",NULL,5,14,88,94,NULL,False,"esb"
710,"2062992","ESB FÊNIX",NULL,5,14,88,94,NULL,False,"esb"
711,"2063026","ESB CORUJA - PL",NULL,5,14,88,94,NULL,False,"esb"
712,"2063034","ESB FALCÃO",NULL,5,14,88,94,NULL,False,"esb"
713,"2063042","ESB TUCANO - PL",NULL,5,14,88,94,NULL,False,"esb"
714,"2063050","ESB UNIVERSO",NULL,5,14,122,78,NULL,False,"esb"
715,"2063069","ESB LIBÉLULA",NULL,5,14,131,78,NULL,False,"esb"
716,"2063077","ESB TAQUARA",NULL,5,14,135,61,NULL,False,"esb"
717,"2177013","ESB UOM",NULL,5,14,152,70,NULL,False,"esb"
718,"2063085","ESB JARDIM MORUMBI",NULL,5,14,161,61,NULL,False,"esb"
719,"2063093","ESB GAMA",NULL,5,14,166,52,NULL,False,"esb"
720,"1880632","EQUIPE 1206/48",NULL,8,7,85,69,NULL,False,"esb"
721,"2062577","ESB ANDORINHA - SOB",NULL,5,24,26,25,NULL,False,"esb"
722,"2062585","ESB GAIVOTA - SOB",NULL,5,24,26,25,NULL,False,"esb"
723,"2062593","ESB CANÁRIO - SOB",NULL,5,24,26,25,NULL,False,"esb"
724,"2062607","ESB TUCANO - SOB",NULL,5,24,26,25,NULL,False,"esb"
725,"2062615","ESB ÔNIX",NULL,5,24,50,44,NULL,False,"esb"
726,"2062623","ESB ÁGATA",NULL,5,24,50,44,NULL,False,"esb"
727,"2062658","ESB OPALA",NULL,5,24,50,44,NULL,False,"esb"
728,"2062666","ESB CRISTAL",NULL,5,24,50,44,NULL,False,"esb"
729,"2062674","ESB FLAMBOYANT",NULL,5,24,67,67,NULL,False,"esb"
730,"2062682","ESB CEREJEIRA",NULL,5,24,67,67,NULL,False,"esb"
731,"2062690","ESB JACARANDÁ",NULL,5,24,67,67,NULL,False,"esb"
732,"2062704","ESB HARAS DO SOL",NULL,5,24,80,67,NULL,False,"esb"
733,"2062712","ESB BASEVI",NULL,5,24,94,25,NULL,False,"esb"
734,"2062720","ESB FLOR DO CERRADO",NULL,5,24,105,25,NULL,False,"esb"
735,"2062747","ESB SALMÃO",NULL,5,25,27,56,NULL,False,"esb"
736,"2062755","ESB LILÁS - SOB",NULL,5,25,27,56,NULL,False,"esb"
737,"2062771","ESB MARSALA",NULL,5,25,27,56,NULL,False,"esb"
738,"2062801","ESB LÍRIO",NULL,5,25,51,74,NULL,False,"esb"
739,"2062828","ESB BEM-ME-QUER",NULL,5,25,51,74,NULL,False,"esb"
740,"2062836","ESB ERVA-DOCE",NULL,5,25,51,74,NULL,False,"esb"
741,"2062844","ESB ALECRIM",NULL,5,25,51,74,NULL,False,"esb"
742,"2062852","ESB VALE DOS PINHEIROS",NULL,5,25,68,81,NULL,False,"esb"
743,"2062860","ESB CALIANDRA",NULL,5,25,81,81,NULL,False,"esb"
744,"2062879","ESB DENTE-DE-LEÃO",NULL,5,25,95,81,NULL,False,"esb"
745,"2018349","ESB 1",NULL,6,2,5,6,NULL,False,"esb"
746,"2018381","ESB 2",NULL,6,2,5,6,NULL,False,"esb"
747,"0468517","ESB 2",NULL,6,2,33,29,NULL,False,"esb"
748,"2018446","ESB 3",NULL,6,2,33,29,NULL,False,"esb"
749,"2156253","ESB 43",NULL,6,2,33,29,NULL,False,"esb"
750,"2018527","ESB 4",NULL,6,2,54,47,NULL,False,"esb"
751,"2018578","ESB 5",NULL,6,2,108,47,NULL,False,"esb"
752,"2018586","ESB 6",NULL,6,2,118,47,NULL,False,"esb"
753,"2018594","ESB 7",NULL,6,4,7,8,NULL,False,"esb"
754,"2018608","ESB 8",NULL,6,4,7,8,NULL,False,"esb"
755,"2018624","ESB 9",NULL,6,4,34,30,NULL,False,"esb"
756,"2018659","ESB 10",NULL,6,4,34,30,NULL,False,"esb"
757,"2018667","ESB 11",NULL,6,4,34,30,NULL,False,"esb"
758,"2018683","ESB 12",NULL,6,4,55,48,NULL,False,"esb"
759,"2018691","ESB 13",NULL,6,4,55,48,NULL,False,"esb"
760,"2018721","ESB 14",NULL,6,4,55,48,NULL,False,"esb"
761,"2019310","ESB 42",NULL,6,4,71,58,NULL,False,"esb"
762,"2018764","ESB 15",NULL,6,4,84,68,NULL,False,"esb"
763,"2018772","ESB 16",NULL,6,4,84,68,NULL,False,"esb"
764,"2018829","ESB 17",NULL,6,4,98,76,NULL,False,"esb"
765,"2018853","ESB 18",NULL,6,4,98,76,NULL,False,"esb"
766,"2018926","ESB 19",NULL,6,4,98,76,NULL,False,"esb"
767,"2018934","ESB 20",NULL,6,4,98,76,NULL,False,"esb"
768,"2018942","ESB 21",NULL,6,4,109,83,NULL,False,"esb"
769,"2018969","ESB 23",NULL,6,4,109,83,NULL,False,"esb"
770,"2018977","ESB 24",NULL,6,4,119,89,NULL,False,"esb"
771,"2018985","ESB 25",NULL,6,4,119,89,NULL,False,"esb"
772,"2018993","ESB 26",NULL,6,4,119,89,NULL,False,"esb"
773,"2019027","ESB 28",NULL,6,4,129,93,NULL,False,"esb"
774,"2019043","ESB 29",NULL,6,4,129,93,NULL,False,"esb"
775,"2019051","ESB 30",NULL,6,4,134,96,NULL,False,"esb"
776,"2019078","ESB 31",NULL,6,4,134,96,NULL,False,"esb"
777,"2156288","ESB 44",NULL,6,4,134,96,NULL,False,"esb"
778,"2019094","ESB 32",NULL,6,4,139,97,NULL,False,"esb"
779,"2019108","ESB 33",NULL,6,4,139,97,NULL,False,"esb"
780,"2019116","ESB 34",NULL,6,4,139,97,NULL,False,"esb"
781,"2019124","ESB 35",NULL,6,4,145,98,NULL,False,"esb"
782,"2019140","ESB 36",NULL,6,4,151,99,NULL,False,"esb"
783,"2019175","ESB 37",NULL,6,4,154,100,NULL,False,"esb"
784,"2019191","ESB 38",NULL,6,4,160,103,NULL,False,"esb"
785,"2019213","ESB 39",NULL,6,4,160,103,NULL,False,"esb"
786,"2019272","ESB 40",NULL,6,4,160,103,NULL,False,"esb"
787,"2019280","ESB 41",NULL,6,4,160,103,NULL,False,"esb"
788,"1917994","ESB 01 - UBS 01 AC",NULL,7,1,2,3,NULL,False,"esb"
789,"1918281","ESB 02 - UBS 01 AC",NULL,7,1,2,3,NULL,False,"esb"
790,"1918346","ESB 03 - UBS 01 AC",NULL,7,1,2,3,NULL,False,"esb"
791,"2064146","ESB 01 - UBS 02 AC",NULL,7,1,31,3,NULL,False,"esb"
792,"2064316","ESB 01 - UBS 01 REC",NULL,7,16,20,19,NULL,False,"esb"
793,"2064324","ESB 02 - UBS 01 REC",NULL,7,16,20,19,NULL,False,"esb"
794,"2064332","ESB 03 - UBS 01 REC",NULL,7,16,20,19,NULL,False,"esb"
795,"2064340","ESB 02 - UBS 02 REC",NULL,7,16,44,37,NULL,False,"esb"
796,"2064359","ESB 03 - UBS 02 REC",NULL,7,16,44,37,NULL,False,"esb"
797,"2064367","ESB 04 - UBS 02 REC",NULL,7,16,44,37,NULL,False,"esb"
798,"1925083","ESB 01 - UBS 03 REC",NULL,7,16,62,53,NULL,False,"esb"
799,"1925172","ESB 02 - UBS 03 REC",NULL,7,16,62,53,NULL,False,"esb"
800,"1925326","ESB 03 - UBS 03 REC",NULL,7,16,62,53,NULL,False,"esb"
801,"1925393","ESB 04 - UBS 03 REC",NULL,7,16,62,53,NULL,False,"esb"
802,"1925504","ESB 05 - UBS 03 REC",NULL,7,16,62,53,NULL,False,"esb"
803,"1925571","ESB 06 - UBS 03 REC",NULL,7,16,62,53,NULL,False,"esb"
804,"1925628","ESB 07 - UBS 03 REC",NULL,7,16,62,53,NULL,False,"esb"
805,"1925660","ESB 01 - UBS 04 REC",NULL,7,16,76,62,NULL,False,"esb"
806,"1925717","ESB 02 - UBS 04 REC",NULL,7,16,76,62,NULL,False,"esb"
807,"1925733","ESB 03 - UBS 04 REC",NULL,7,16,76,62,NULL,False,"esb"
808,"2064375","ESB 04 - UBS 04 REC",NULL,7,16,76,62,NULL,False,"esb"
809,"2064383","ESB 05 - UBS 04 REC",NULL,7,16,76,62,NULL,False,"esb"
810,"1924982","ESB 01 - UBS 05 REC",NULL,7,16,89,71,NULL,False,"esb"
811,"1925830","ESB 01 - UBS 07 REC",NULL,7,16,113,71,NULL,False,"esb"
812,"1924931","ESB 01 - UBS 10 REC",NULL,7,16,136,19,NULL,False,"esb"
813,"2138468","ESB 01 - UBS 01 SAM",NULL,7,19,23,95,NULL,False,"esb"
814,"1923676","ESB 01 - UBS 02 SAM",NULL,7,19,47,41,NULL,False,"esb"
815,"1923692","ESB 02 - UBS 02 SAM",NULL,7,19,47,41,NULL,False,"esb"
816,"2064154","ESB 03 - UBS 02 SAM",NULL,7,19,47,41,NULL,False,"esb"
817,"2064162","ESB 04 - UBS 02 SAM",NULL,7,19,47,41,NULL,False,"esb"
818,"2064170","ESB 05 - UBS 02 SAM",NULL,7,19,47,41,NULL,False,"esb"
819,"2064189","ESB 06 - UBS 02 SAM",NULL,7,19,47,41,NULL,False,"esb"
820,"2064197","ESB 07 - UBS 02 SAM",NULL,7,19,47,41,NULL,False,"esb"
821,"1923803","ESB 01 - UBS 03 SAM",NULL,7,19,64,54,NULL,False,"esb"
822,"2064219","ESB 03 - UBS 03 SAM",NULL,7,19,64,54,NULL,False,"esb"
823,"1923846","ESB 01 - UBS 04 SAM",NULL,7,19,78,63,NULL,False,"esb"
824,"1923870","ESB 02 - UBS 04 SAM",NULL,7,19,78,63,NULL,False,"esb"
825,"1923900","ESB 03 - UBS 04 SAM",NULL,7,19,78,63,NULL,False,"esb"
826,"1924273","ESB 01 - UBS 05 SAM",NULL,7,19,91,72,NULL,False,"esb"
827,"2064243","ESB 02 - UBS 05 SAM",NULL,7,19,91,72,NULL,False,"esb"
828,"2064251","ESB 03 - UBS 05 SAM",NULL,7,19,91,72,NULL,False,"esb"
829,"2064278","ESB 04 - UBS 05 SAM",NULL,7,19,91,72,NULL,False,"esb"
830,"1924400","ESB 01 - UBS 06 SAM",NULL,7,19,102,79,NULL,False,"esb"
831,"1924443","ESB 02 - UBS 06 SAM",NULL,7,19,102,79,NULL,False,"esb"
832,"1924478","ESB 03 - UBS 06 SAM",NULL,7,19,102,79,NULL,False,"esb"
833,"1924508","ESB 01 - UBS 07 SAM",NULL,7,19,114,86,NULL,False,"esb"
834,"1924540","ESB 02 - UBS 07 SAM",NULL,7,19,114,86,NULL,False,"esb"
835,"1924575","ESB 03 - UBS 07 SAM",NULL,7,19,114,86,NULL,False,"esb"
836,"1924605","ESB 04 - UBS 07 SAM",NULL,7,19,114,86,NULL,False,"esb"
837,"1924613","ESB 05 - UBS 07 SAM",NULL,7,19,114,86,NULL,False,"esb"
838,"1924656","ESB 01 - UBS 08 SAM",NULL,7,19,124,91,NULL,False,"esb"
839,"1924702","ESB 02 - UBS 08 SAM",NULL,7,19,124,91,NULL,False,"esb"
840,"2064286","ESB 03 - UBS 08 SAM",NULL,7,19,124,91,NULL,False,"esb"
841,"2064200","ESB 02 - UBS 11 SAM",NULL,7,19,143,54,NULL,False,"esb"
842,"2064227","ESB 03 - UBS 11 SAM",NULL,7,19,143,54,NULL,False,"esb"
843,"2064294","ESB 01 - UBS 11 SAM",NULL,7,19,143,54,NULL,False,"esb"
844,"2235153","ESB 04 - UBS11 SAM",NULL,7,19,143,54,NULL,False,"esb"
845,"1924753","ESB 01 - UBS 12 SAM",NULL,7,19,149,22,NULL,False,"esb"
846,"1924796","ESB 02 - UBS 12 SAM",NULL,7,19,149,22,NULL,False,"esb"
847,"1924834","ESB 03 - UBS 12 SAM",NULL,7,19,149,22,NULL,False,"esb"
848,"1924869","ESB 04 - UBS 12 SAM",NULL,7,19,149,22,NULL,False,"esb"
849,"2064308","ESB 05 - UBS 12 SAM",NULL,7,19,149,22,NULL,False,"esb"
850,"1918389","ESB 01 - UBS 01 TAG",NULL,7,26,28,26,NULL,False,"esb"
851,"1918478","ESB 02 - UBS 01 TAG",NULL,7,26,28,26,NULL,False,"esb"
852,"1918508","ESB 03 - UBS 01 TAG",NULL,7,26,28,26,NULL,False,"esb"
853,"1918621","ESB 01 - UBS 02 TAG",NULL,7,26,52,45,NULL,False,"esb"
854,"1918788","ESB 02 - UBS 02 TAG",NULL,7,26,52,45,NULL,False,"esb"
855,"2064022","ESB 03 - UBS 02 TAG",NULL,7,26,52,45,NULL,False,"esb"
856,"2064030","ESB 04 - UBS 02 TAG",NULL,7,26,52,45,NULL,False,"esb"
857,"1923412","ESB 01 - UBS 03 TAG",NULL,7,26,69,57,NULL,False,"esb"
858,"1923447","ESB 02 - UBS 03 TAG",NULL,7,26,69,57,NULL,False,"esb"
859,"1923471","ESB 01 - UBS 05 TAG",NULL,7,26,96,75,NULL,False,"esb"
860,"1923501","ESB 02 - UBS 05 TAG",NULL,7,26,96,75,NULL,False,"esb"
861,"2064049","ESB 03 - UBS 05 TAG",NULL,7,26,96,75,NULL,False,"esb"
862,"1923544","ESB 01 - UBS 06 TAG",NULL,7,26,107,82,NULL,False,"esb"
863,"1923552","ESB 02 - UBS 06 TAG",NULL,7,26,107,82,NULL,False,"esb"
864,"2064057","ESB 03 - UBS 06 TAG",NULL,7,26,107,82,NULL,False,"esb"
865,"1923560","ESB 01 - UBS 07 TAG",NULL,7,26,117,88,NULL,False,"esb"
866,"2064065","ESB 02 - UBS 07 TAG",NULL,7,26,117,88,NULL,False,"esb"
867,"2064073","ESB 03 - UBS 07 TAG",NULL,7,26,117,88,NULL,False,"esb"
868,"1923617","ESB 01 - UBS 08 TAG",NULL,7,26,127,92,NULL,False,"esb"
869,"1923625","ESB 02 - UBS 08 TAG",NULL,7,26,127,92,NULL,False,"esb"
870,"2064081","ESB 03 - UBS 08 TAG",NULL,7,26,127,92,NULL,False,"esb"
871,"1917870","ESB 01 - UBS 01 VP",NULL,7,28,30,27,NULL,False,"esb"
872,"2064103","ESB 02 - UBS 01 VP",NULL,7,28,30,27,NULL,False,"esb"
873,"2064111","ESB 03 - UBS 01 VP",NULL,7,28,30,27,NULL,False,"esb"
874,"1879979","EQUIPE 252/40",NULL,8,7,11,11,NULL,False,"esb"
875,"2220784","EQUIPE 1223/59",NULL,8,7,11,11,NULL,False,"esb"
876,"2256789","EQUIPE 1230/66",NULL,8,7,11,11,NULL,False,"esb"
877,"1880055","EQUIPE 253/41",NULL,8,7,38,32,NULL,False,"esb"
878,"1880128","EQUIPE 1200/42",NULL,8,7,38,32,NULL,False,"esb"
881,"1880330","EQUIPE 1203/45",NULL,8,7,57,49,NULL,False,"esb"
882,"1880411","EQUIPE 1204/46",NULL,8,7,57,49,NULL,False,"esb"
883,"1880489","EQUIPE 1205/47",NULL,8,7,72,59,NULL,False,"esb"
884,"2170914","EQUIPE 1221/57",NULL,8,7,72,59,NULL,False,"esb"
885,"2256797","EQUIPE 1231/67",NULL,8,7,72,59,NULL,False,"esb"
886,"2256800","EQUIPE 1232/68",NULL,8,7,85,69,NULL,False,"esb"
887,"1881051","EQUIPE 1209/51",NULL,8,7,99,77,NULL,False,"esb"
888,"2169002","EQUIPE 1222/58",NULL,8,7,99,77,NULL,False,"esb"
889,"2235846","EQUIPE 1228/64",NULL,8,7,130,11,NULL,False,"esb"
890,"1881019","EQUIPE 1208/50",NULL,8,7,140,77,NULL,False,"esb"
891,"1881329","EQUIPE 1212/53",NULL,8,7,147,11,NULL,False,"esb"
892,"1879731","EQUIPE 552/33",NULL,8,20,24,23,NULL,False,"esb"
893,"1879774","EQUIPE 553/34",NULL,8,20,24,23,NULL,False,"esb"
894,"1879820","EQUIPE 554/35",NULL,8,20,24,23,NULL,False,"esb"
895,"1879898","EQUIPE 555/36",NULL,8,20,24,23,NULL,False,"esb"
896,"2125358","EQUIPE 0026/39",NULL,8,20,24,23,NULL,False,"esb"
897,"2125366","EQUIPE 0027/40",NULL,8,20,24,23,NULL,False,"esb"
898,"1879448","EQUIPE 540/20",NULL,8,20,48,42,NULL,False,"esb"
899,"1879588","EQUIPE 540/00",NULL,8,20,48,42,NULL,False,"esb"
900,"1879650","EQUIPE 550/01",NULL,8,20,48,42,NULL,False,"esb"
901,"1879693","EQUIPE 551/32",NULL,8,20,48,42,NULL,False,"esb"
902,"2256770","EQUIPE 1229/65",NULL,8,20,48,42,NULL,False,"esb"
903,"1881264","EQUIPE 3400/38",NULL,8,20,65,65,NULL,False,"esb"
904,"2167697","EQUIPE 1220/56",NULL,8,20,92,73,NULL,False,"esb"
905,"1881132","EQUIPE 1210/37",NULL,8,20,120,65,NULL,False,"esb"
907,"2062798","ESB MOSTARDA",NULL,5,25,168,56,NULL,False,"esb"
924,"1668293","eNASF-AB Aroeira",NULL,4,12,17,17,NULL,False,"nasf"
925,"1668307","eNASF-AB Caliandra",NULL,4,12,60,51,NULL,False,"nasf"
910,"0469467","eNASF-AB Prisma",NULL,4,9,13,13,NULL,False,"nasf"
960,"SEM INE","eNASF-AB Palipalan",NULL,4,12,42,35,NULL,False,"nasf"
961,"SEM INE","eNASF-AB Rubi",NULL,4,21,14,55,NULL,False,"nasf"
965,"SEM INE","eNASF-AB",NULL,8,7,57,49,NULL,False,"nasf"
953,"SEM INE"," eNASF-AB",NULL,2,15,4,5,NULL,False,"nasf"
933,"1670638","  eNASF-AB Vila Planalto",NULL,2,15,53,46,NULL,False,"nasf"
954,"SEM INE"," eNASF-AB",NULL,2,15,3,4,NULL,False,"nasf"
955,"SEM INE"," eNASF-AB",NULL,2,15,32,28,NULL,False,"nasf"
908,"2167190"," eNASF-AB",NULL,7,26,52,45,NULL,False,"nasf"
913,"0470503"," eNASF-AB",NULL,7,26,107,82,NULL,False,"nasf"
914,"0470678"," eNASF-AB",NULL,7,19,143,54,NULL,False,"nasf"
915,"0470759"," eNASF-AB",NULL,7,26,127,92,NULL,False,"nasf"
916,"0470791","eNASF-AB",NULL,7,26,96,75,NULL,False,"nasf"
931,"1669230","eNASF-AB",NULL,7,19,114,86,NULL,False,"nasf"
927,"1669192"," eNASF-AB",NULL,7,16,62,53,NULL,False,"nasf"
964,"SEM INE"," eNASF-AB",NULL,7,19,91,72,NULL,False,"nasf"
963,"SEM INE"," eNASF-AB",NULL,7,16,44,37,NULL,False,"nasf"
941,"1685422"," eNASF-AB",NULL,7,26,69,57,NULL,False,"nasf"
928,"1669206","eNASF-AB",NULL,7,16,76,62,NULL,False,"nasf"
946,"2167204","eNASF-AB",NULL,7,19,47,41,NULL,False,"nasf"
943,"1805827","eNASF-AB",NULL,7,28,30,27,NULL,False,"nasf"
930,"1669222","eNASF-AB",NULL,7,1,2,3,NULL,False,"nasf"
929,"1669214","eNASF-AB",NULL,7,26,28,26,NULL,False,"nasf"
926,"1668315","eNASF-AB Jacarandá",NULL,4,21,25,24,NULL,False,"nasf"
934,"1670646","  eNASF-AB Varjão",NULL,2,27,29,2,NULL,False,"nasf"
951,"SEM INE","eNASF-AB",NULL,2,5,35,31,NULL,False,"nasf"
950,"SEM INE","eNASF-AB",NULL,2,5,8,9,NULL,False,"nasf"
948,"2244497","eNASF-AB",NULL,8,20,48,42,NULL,False,"nasf"
942,"1685430","eNASF-AB",NULL,8,20,24,23,NULL,False,"nasf"
918,"1474251","eNASF-AB",NULL,8,7,11,11,NULL,False,"nasf"
909,"0468894","eNASF-AB",NULL,8,7,99,77,NULL,False,"nasf"
947,"2208288","eNASF-AB",NULL,3,3,6,7,NULL,False,"nasf"
949,"2263394","eNASF-AB UBS 2",NULL,3,22,36,10,NULL,False,"nasf"
938,"1672835","eNASF-AB",NULL,3,8,58,50,NULL,False,"nasf"
912,"0470392"," eNASF-AB UBS 1",NULL,3,18,22,21,NULL,False,"nasf"
936,"1672819","eNASF-AB",NULL,3,11,16,16,NULL,False,"nasf"
956,"SEM INE","eNASF-AB",NULL,3,8,39,33,NULL,False,"nasf"
937,"1672827","eNASF-AB",NULL,3,8,12,12,NULL,False,"nasf"
962,"SEM INE"," eNASF-AB",NULL,6,4,158,102,NULL,False,"nasf"
959,"SEM INE","eNASF-AB",NULL,3,18,90,40,NULL,False,"nasf"
944,"2068516","eNASF-AB",NULL,3,17,21,20,NULL,False,"nasf"
923,"1663933","eNasf-AB Primavera",NULL,6,4,98,76,NULL,False,"nasf"
917,"1469568","eNASF-AB UBS 1",NULL,3,22,9,10,NULL,False,"nasf"
966,"SEM INE","eNASF-AB Caliandra",NULL,5,6,56,87,NULL,False,"nasf"
911,"0470015","eNASF-AB Cegonha",NULL,5,14,88,94,NULL,False,"nasf"
922,"1614592","eNASF-AB Flor de Lótus",NULL,5,25,95,81,NULL,False,"nasf"
920,"1600737","eNASF-AB Ágape",NULL,5,14,75,90,NULL,False,"nasf"
968,"SEM INE","eNASF-AB Flores do Cerrado",NULL,5,24,67,67,NULL,False,"nasf"
967,"SEM INE","eNASF-AB Planaltina",NULL,5,14,43,36,NULL,False,"nasf"
932,"1669435","eNASF-AB",NULL,6,4,134,96,NULL,False,"nasf"
935,"1672045","eNASF-AB",NULL,6,4,145,98,NULL,False,"nasf"
939,"1676199","eNASF-AB",NULL,6,4,34,30,NULL,False,"nasf"
921,"1611461","eNASF-AB",NULL,6,4,119,89,NULL,False,"nasf"
919,"1511238","eNASF-AB",NULL,6,2,5,6,NULL,False,"nasf"
940,"1682709","eNASF-AB",NULL,6,4,109,83,NULL,False,"nasf"
419,"1670417"," EQUIPE 03",NULL,3,11,16,16,NULL,True,"esf"
163,"1665154"," EQUIPE 5 - CINZA ÁREA 0113",NULL,6,4,145,98,NULL,True,"esf"
542,"470937","ESF 03 LILÁS - UBS 09 SAM - AREA 0456",NULL,7,19,132,72,NULL,True,"esf"
11,"1477617","ESF 20 VERDE - UBS 03 REC - AREA 0410",NULL,7,16,62,53,NULL,True,"esf"
12,"1478117","ESF 0603/08 - JACARANDÁ",NULL,5,24,67,67,NULL,True,"esf"
13,"1480367","EQUIPE 3 - VERMELHA ÁREA 0062",NULL,6,4,158,102,NULL,True,"esf"
14,"1482262","ESF 15 VERMELHA - UBS 04 REC - AREA 0405",NULL,7,16,76,62,NULL,True,"esf"
15,"1487485","ESF 05 ROSA - UBS 05 SAM - AREA 0458",NULL,7,19,91,72,NULL,True,"esf"
16,"1487493","ESF 25 AZUL - UBS 06 SAM - AREA 0489",NULL,7,19,102,79,NULL,True,"esf"
17,"1488635","EQUIPE 1 - ÁREA 072",NULL,6,4,7,8,NULL,True,"esf"
18,"1496743","EQUIPE 3 - LARANJA ÁREA 73",NULL,6,4,55,48,NULL,True,"esf"
19,"1505750","ESF 22 AZUL - UBS 03 REC - AREA 0412",NULL,7,16,62,53,NULL,True,"esf"
20,"1515373","ESF 48 VERMELHA - UBS 11 SAM - AREA 0516",NULL,7,19,143,54,NULL,True,"esf"
21,"1515403","EQUIPE 214-12",NULL,8,7,99,77,NULL,True,"esf"
22,"1520571","EQUIPE 232/31",NULL,8,7,38,32,NULL,True,"esf"
24,"1549146","EQUIPE 03 - AZUL - AREA 0003",NULL,7,1,2,3,NULL,True,"esf"
25,"1550586","EQUIPE 4 - ROXA ÁREA 0065",NULL,6,4,119,89,NULL,True,"esf"
27,"1555642","EQUIPE 4 - ÁREA 59",NULL,6,4,7,8,NULL,True,"esf"
28,"1563300","ESF 25 AZUL - UBS 01 REC - AREA 0415",NULL,7,16,20,19,NULL,True,"esf"
29,"1573705","EQUIPE 213/11",NULL,8,7,11,11,NULL,True,"esf"
30,"1574434","EQUIPE 216-30",NULL,8,7,110,84,NULL,True,"esf"
31,"1575945","EQUIPE 04",NULL,3,8,73,60,NULL,True,"esf"
32,"1593145","ESF 50 AZUL - UBS 08 SAM - AREA 0459",NULL,7,19,124,91,NULL,True,"esf"
33,"1593439","ESF 0623/16 - IPÊ",NULL,5,6,10,87,NULL,True,"esf"
34,"1593447","ESF 0625/18 - FLOR DE LIS",NULL,5,25,95,81,NULL,True,"esf"
35,"1593455","ESF 0607/07 - JOÃO-DE-BARRO",NULL,5,24,26,25,NULL,True,"esf"
36,"1600060","EQUIPE 3 - ROSA ÁREA 0069",NULL,6,4,134,96,NULL,True,"esf"
37,"1600621","EQUIPE 4 - AZUL ÁREA 0074",NULL,6,4,158,102,NULL,True,"esf"
38,"1603426","EQUIPE 03 - CAVAS DE BAIXO ",NULL,4,21,126,55,NULL,True,"esf"
40,"1614584","EQUIPE 6 - ÁREA 0017",NULL,6,2,118,47,NULL,True,"esf"
41,"1614606","EQUIPE 2 - VERDE ÁREA 0012",NULL,6,2,5,6,NULL,True,"esf"
42,"1616390","ESF 0601/01 - DIAMANTE",NULL,5,24,50,44,NULL,True,"esf"
43,"1616404","ESF 0602/12 - TURQUESA SOB",NULL,5,24,50,44,NULL,True,"esf"
44,"1616412","ESF 0617/02 -  ERVA-DOCE",NULL,5,25,51,74,NULL,True,"esf"
45,"1616420","EQUIPE 217/32",NULL,8,7,99,77,NULL,True,"esf"
46,"1616455","ESF 0348/28 - SUCUPIRA PL",NULL,5,14,164,85,NULL,True,"esf"
47,"1617788","EQUIPE 219-34",NULL,8,7,57,49,NULL,True,"esf"
48,"1617796","EQUIPE 218/33",NULL,8,7,57,49,NULL,True,"esf"
49,"1617850","EQUIPE 02",NULL,3,8,86,50,NULL,True,"esf"
50,"1618849","EQUIPE 220/36",NULL,8,7,11,11,NULL,True,"esf"
51,"1618873","EQUIPE 221/37",NULL,8,7,85,69,NULL,True,"esf"
52,"1619071","EQUIPE 222/35",NULL,8,7,72,59,NULL,True,"esf"
54,"1620932","EQUIPE 223-38",NULL,8,7,140,77,NULL,True,"esf"
55,"1621297","ESF 0380/49 - CALANGO",NULL,5,14,19,18,NULL,True,"esf"
56,"1621300","EQUIPE 02 - LARANJA - AREA 0650",NULL,7,1,2,3,NULL,True,"esf"
57,"1621319","EQUIPE 04 - VERDE - AREA 0651",NULL,7,1,2,3,NULL,True,"esf"
58,"1621327","EQUIPE 05 - AMARELA - AREA 0652",NULL,7,1,2,3,NULL,True,"esf"
59,"1621335","ESF 21 ROXA - UBS 03 REC - AREA 0411",NULL,7,16,62,53,NULL,True,"esf"
60,"1621351","ESF 54 VERDE - UBS 05 SAM - AREA 0460",NULL,7,19,91,72,NULL,True,"esf"
61,"1621378","ESF EQUIPE 14 UBS 07 EQUIPE 0462",NULL,7,19,114,86,NULL,True,"esf"
62,"1621408","ESF EQUIPE 45 - UBS 07 SAM - AREA 0464",NULL,7,19,114,86,NULL,True,"esf"
63,"1621416","ESF 51 AZUL - UBS 07 SAM - AREA 0465",NULL,7,19,114,86,NULL,True,"esf"
64,"1623257","ESF 52 ROXO - UBS 04 SAM - AREA 0466",NULL,7,19,78,63,NULL,True,"esf"
65,"1623265","ESF 53 LARANJA - UBS 04 SAM - AREA 0467",NULL,7,19,78,63,NULL,True,"esf"
66,"1623621","ESF 0383/15 - BEIJA-FLOR",NULL,5,24,26,25,NULL,True,"esf"
67,"1623648","ESF 0381/13 - BEM-TE-VI",NULL,5,24,26,25,NULL,True,"esf"
68,"1623656","ESF 0382/14 - SABIÁ",NULL,5,24,26,25,NULL,True,"esf"
69,"1631225","ESF 07 AZUL - UBS 02 REC - AREA 0417",NULL,7,16,44,37,NULL,True,"esf"
70,"1631233","ESF 26 MARROM - UBS 02 REC - AREA 0418",NULL,7,16,44,37,NULL,True,"esf"
71,"1634380","EQ 12 - VERDE",NULL,4,9,13,13,NULL,True,"esf"
72,"1634399","EQUIPE 03",NULL,4,9,59,34,NULL,True,"esf"
73,"1635247","EQUIPE 4 - AMARELA ÁREA 0075",NULL,6,4,134,96,NULL,True,"esf"
74,"1635255","EQUIPE 5 - CINZA ÁREA 0076",NULL,6,4,134,96,NULL,True,"esf"
75,"1635441","ESF 55 ROSA - UBS 01 REC - AREA 0055",NULL,7,16,20,19,NULL,True,"esf"
76,"1635468","ESF 56 VERDE - UBS 01 REC - AREA 0056",NULL,7,16,20,19,NULL,True,"esf"
77,"1638912","EQUIPE 06 - ROSA - AREA 0655",NULL,7,1,2,3,NULL,True,"esf"
78,"1638947","EQUIPE 01 - LARANJA - AREA 0656",NULL,7,28,30,27,NULL,True,"esf"
79,"1641808","EQUIPE 05",NULL,3,8,73,60,NULL,True,"esf"
80,"1641824","EQUIPE 01",NULL,3,17,21,20,NULL,True,"esf"
81,"1641832","EQUIPE 11",NULL,3,22,9,10,NULL,True,"esf"
82,"1641840","EQUIPE 12",NULL,3,22,9,10,NULL,True,"esf"
83,"1641859","EQUIPE 06 - AMARELA - AREA 0657",NULL,7,26,52,45,NULL,True,"esf"
84,"1641867","EQUIPE 07 - ROSA - AREA 0658",NULL,7,26,52,45,NULL,True,"esf"
85,"1641875","EQUIPE 08 - DOURADA - AREA 0659",NULL,7,26,52,45,NULL,True,"esf"
86,"1641883","EQUIPE 01 - AZUL - AREA 0660",NULL,7,26,96,75,NULL,True,"esf"
87,"1641891","EQUIPE 01 - LILÁS - AREA 0661",NULL,7,26,107,82,NULL,True,"esf"
88,"1641905","EQUIPE 02 - VERMELHA - AREA 0662",NULL,7,26,107,82,NULL,True,"esf"
23,"1528041","EQUIPE 530-13/ D",NULL,8,20,48,42,NULL,True,"esf"
90,"1641921","EQUIPE 01 - ROSA - AREA 0666",NULL,7,26,127,92,NULL,True,"esf"
91,"1641956","EQUIPE 01 - PRATA - AREA 0667",NULL,7,26,117,88,NULL,True,"esf"
92,"1641964","ESF 01 ROSA - UBS 02 REC - AREA 0664",NULL,7,16,44,37,NULL,True,"esf"
93,"1641972","EQUIPE 02 - VIOLETA - AREA 0668",NULL,7,26,28,26,NULL,True,"esf"
95,"1642006","EQ 13 - LILÁS",NULL,4,12,17,17,NULL,True,"esf"
96,"1642014","EQ 14 - MARROM",NULL,4,12,17,17,NULL,True,"esf"
97,"1642022","EQ 13 - VERMELHA",NULL,4,9,13,13,NULL,True,"esf"
98,"1642030","EQ 14 - AMARELA",NULL,4,9,13,13,NULL,True,"esf"
99,"1642049","ESF 0384/07 - GIRASSOL",NULL,5,25,51,74,NULL,True,"esf"
100,"1642227","EQ 16 - LARANJA",NULL,4,12,17,17,NULL,True,"esf"
101,"1642235","ESF 0385/09 - VIOLETA",NULL,5,25,51,74,NULL,True,"esf"
102,"1642243","ESF 0386/10 - LÍRIO",NULL,5,25,51,74,NULL,True,"esf"
103,"1642251","ESF 0618/17 - CORUJA",NULL,5,24,26,25,NULL,True,"esf"
104,"1642278","EQUIPE IPÊ ROSA",NULL,2,15,53,46,NULL,True,"esf"
105,"1642308","EQ 07 - SOBRADINHO DOS MELOS",NULL,4,12,42,35,NULL,True,"esf"
106,"1655426","EQUIPE 15",NULL,3,18,22,21,NULL,True,"esf"
107,"1656740","EQUIPE 03 - AZUL - AREA 0670",NULL,7,26,28,26,NULL,True,"esf"
108,"1656759","EQUIPE 02 - VERMELHA - AREA 0669",NULL,7,26,117,88,NULL,True,"esf"
109,"1656848","ESF 0619/03 - ALECRIM",NULL,5,25,51,74,NULL,True,"esf"
110,"1658778","EQUIPE 02",NULL,3,17,21,20,NULL,True,"esf"
111,"1659804","ESF 28 - UBS 11 REC - AREA 0423",NULL,7,16,142,71,NULL,True,"esf"
112,"1660462","EQUIPE 04 - ROSA - AREA 0684",NULL,7,26,28,26,NULL,True,"esf"
113,"1660470","EQUIPE 03 - AZUL - AREA 0685",NULL,7,26,52,45,NULL,True,"esf"
114,"1660489","EQUIPE 04 - LARANJA - AREA 0686",NULL,7,26,52,45,NULL,True,"esf"
115,"1660497","EQUIPE 05 - VERDE - AREA 0671",NULL,7,26,52,45,NULL,True,"esf"
116,"1660500","EQUIPE 02 - VERMELHA - AREA 0672",NULL,7,26,52,45,NULL,True,"esf"
117,"1660519","EQUIPE 01 - LARANJA - AREA 0673",NULL,7,26,69,57,NULL,True,"esf"
118,"1660527","EQUIPE 02 - AZUL - AREA 0674",NULL,7,26,69,57,NULL,True,"esf"
119,"1660535","EQUIPE 03 - ROXA - AREA 0675",NULL,7,26,69,57,NULL,True,"esf"
120,"1660543","EQUIPE 02 - ROSA - AREA 0676",NULL,7,26,96,75,NULL,True,"esf"
121,"1660551","EQUIPE 03 - VERDE - AREA 0677",NULL,7,26,96,75,NULL,True,"esf"
122,"1660578","EQUIPE 04 - VERMELHA - AREA 0678",NULL,7,26,96,75,NULL,True,"esf"
123,"1660608","EQUIPE 02 -ROXA - AREA 0681",NULL,7,26,127,92,NULL,True,"esf"
124,"1660616","EQUIPE 03 - AZUL - AREA 0682",NULL,7,26,127,92,NULL,True,"esf"
125,"1660624","EQUIPE 04 - AMARELA - AREA 0683",NULL,7,26,127,92,NULL,True,"esf"
127,"1664212","EQUIPE ROSA",NULL,2,15,4,5,NULL,True,"esf"
128,"1664298","EQUIPE 2 - ÁREA 77",NULL,6,4,129,93,NULL,True,"esf"
129,"1664689","EQUIPE 1 - VERDE ÁREA 0121",NULL,6,4,55,48,NULL,True,"esf"
130,"1664743","EQUIPE 2 - AZUL ÁREA 0078",NULL,6,4,55,48,NULL,True,"esf"
131,"1664751","EQUIPE 1 - ÁREA 0079",NULL,6,4,129,93,NULL,True,"esf"
132,"1664778","EQUIPE 1 - ORQUIDEA ÁREA 80",NULL,6,4,98,76,NULL,True,"esf"
133,"1664786","EQUIPE 3 - GIRASSOL ÁREA 0081",NULL,6,4,98,76,NULL,True,"esf"
134,"1664794","EQUIPE 1 - ROSA ÁREA 0082",NULL,6,4,109,83,NULL,True,"esf"
135,"1664808","EQUIPE 2 - AZUL ÁREA 0083",NULL,6,4,109,83,NULL,True,"esf"
136,"1664824","EQUIPE 3 - VERMELHA ÁREA 0084",NULL,6,4,109,83,NULL,True,"esf"
137,"1664840","EQUIPE 3 - ÁREA 0085",NULL,6,4,129,93,NULL,True,"esf"
138,"1664859","EQUIPE 5 - ÁREA 0086",NULL,6,4,129,93,NULL,True,"esf"
139,"1664867","EQUIPE 6 - ÁREA 0087",NULL,6,4,129,93,NULL,True,"esf"
140,"1664875","EQUIPE 2 - AZUL  ÁREA 0088",NULL,6,4,84,68,NULL,True,"esf"
141,"1664883","EQUIPE 5 - AMARELA ÁREA 0089",NULL,6,4,34,30,NULL,True,"esf"
142,"1664891","EQUIPE 2 - VERDE ÁREA 90",NULL,6,4,34,30,NULL,True,"esf"
143,"1664905","EQUIPE 3 - AZUL ÁREA 0091",NULL,6,4,34,30,NULL,True,"esf"
144,"1664913","EQUIPE 4 - ROSA ÁREA 0092",NULL,6,4,34,30,NULL,True,"esf"
145,"1664921","EQUIPE 1 - LILAS ÁREA 0093",NULL,6,4,34,30,NULL,True,"esf"
146,"1664948","EQUIPE 8 - LARANJA ÁREA 0094",NULL,6,4,145,98,NULL,True,"esf"
147,"1664956","EQUIPE 5 - ROSA ÁREA 0095",NULL,6,4,55,48,NULL,True,"esf"
148,"1664972","EQUIPE 1 - VERDE ÁREA 97",NULL,6,4,71,58,NULL,True,"esf"
149,"1664980","EQUIPE 4 - AMARELA ÁREA 0098",NULL,6,4,84,68,NULL,True,"esf"
150,"1664999","EQUIPE 3 - ROXA ÁREA 0099",NULL,6,4,84,68,NULL,True,"esf"
151,"1665006","EQUIPE 2 - TULIPA ÁREA 0100",NULL,6,4,98,76,NULL,True,"esf"
152,"1665014","EQUIPE 4 - JASMIN ÁREA 101",NULL,6,4,98,76,NULL,True,"esf"
153,"1665022","EQUIPE 4 - ROXA ÁREA 0102",NULL,6,4,109,83,NULL,True,"esf"
154,"1665030","EQUIPE 5 - AMARELA ÁREA 0103",NULL,6,4,109,83,NULL,True,"esf"
155,"1665049","EQUIPE 6 - ROSA ÁREA 0104",NULL,6,4,119,89,NULL,True,"esf"
156,"1665057","EQUIPE 4 - ÁREA 0105",NULL,6,4,129,93,NULL,True,"esf"
157,"1665073","EQUIPE 1 - LARANJA ÁREA 0107",NULL,6,4,139,97,NULL,True,"esf"
158,"1665081","EQUIPE 2 - LILAS  ÁREA 0108",NULL,6,4,139,97,NULL,True,"esf"
159,"1665103","EQUIPE 3 - ROSA  ÁREA 0109",NULL,6,4,139,97,NULL,True,"esf"
160,"1665111","EQUIPE 4 - AZUL ÁREA 0110",NULL,6,4,139,97,NULL,True,"esf"
161,"1665146","EQUIPE 5 - VERDE ÁREA 0112",NULL,6,4,84,68,NULL,True,"esf"
164,"1665162","EQUIPE 6 - LILAS ÁREA 0114",NULL,6,4,145,98,NULL,True,"esf"
165,"1665170","EQUIPE 6 - VERDE ÁREA 0115",NULL,6,4,109,83,NULL,True,"esf"
166,"1665197","EQUIPE 7 - PRETA ÁREA 0116",NULL,6,4,145,98,NULL,True,"esf"
167,"1665200","EQUIPE 2 - AMARELA ÁREA 117",NULL,6,4,71,58,NULL,True,"esf"
168,"1665227","EQUIPE 4 - VERMELHA ÁREA 0018",NULL,6,2,5,6,NULL,True,"esf"
169,"1665235","EQUIPE 7 - ÁREA 0028",NULL,6,2,128,47,NULL,True,"esf"
170,"1665243","EQUIPE 1 - VERMELHA ÁREA 0119",NULL,6,4,84,68,NULL,True,"esf"
171,"1668056","EQUIPE 02 - VERDE - AREA 6800",NULL,7,28,30,27,NULL,True,"esf"
172,"1668064","EQUIPE 03 - VERMELHA - AREA 6801",NULL,7,28,30,27,NULL,True,"esf"
264,"1671251","ESF 0637/20 - AMETISTA",NULL,5,24,50,44,NULL,True,"esf"
174,"1668080","EQUIPE 05 - CINZA - AREA 6803",NULL,7,28,30,27,NULL,True,"esf"
126,"1663372","EQUIPE 532-15",NULL,8,20,48,42,NULL,True,"esf"
177,"1668129","ESF 03 - UBS 13 SAM",NULL,7,19,153,41,NULL,True,"esf"
178,"1668137","ESF 13 - UBS 01 SAM - AREA 3201",NULL,7,19,23,95,NULL,True,"esf"
179,"1668145","ESF 14 - UBS 01 SAM - AREA 3202",NULL,7,19,23,95,NULL,True,"esf"
180,"1668153","ESF 17 - UBS 01 SAM - AREA 3203",NULL,7,19,23,95,NULL,True,"esf"
181,"1668161","ESF 01 - UBS 13 SAM",NULL,7,19,153,41,NULL,True,"esf"
182,"1668196","EQUIPE 04 - VERDE - AREA 0690",NULL,7,26,107,82,NULL,True,"esf"
183,"1668218","EQUIPE 05 - ROSA - AREA 0691",NULL,7,26,107,82,NULL,True,"esf"
184,"1668226","EQUIPE 06 - MARROM - AREA 0692",NULL,7,26,107,82,NULL,True,"esf"
185,"1668234","ESF 29 AMARELA - UBS 02 REC - AREA 0429",NULL,7,16,44,37,NULL,True,"esf"
186,"1668242","ESF 30 VERMELHA - UBS 02 REC - AREA 0425",NULL,7,16,44,37,NULL,True,"esf"
187,"1668250","ESF 31 ROXA - UBS 02 REC - AREA 0426",NULL,7,16,44,37,NULL,True,"esf"
188,"1668269","ESF 32 LARANJA - UBS 02 REC - AREA 0427",NULL,7,16,44,37,NULL,True,"esf"
189,"1668277","ESF 33 BRANCA - UBS 02 REC - AREA 3800",NULL,7,16,44,37,NULL,True,"esf"
190,"1668528","EQUIPE 533/16 - EQUIPE A",NULL,8,20,24,23,NULL,True,"esf"
191,"1668536","ÁREA 0534 - EQUIPE B",NULL,8,20,24,23,NULL,True,"esf"
192,"1668544","ÁREA 0535 - EQUIPE D",NULL,8,20,24,23,NULL,True,"esf"
193,"1668552","EQUIPE 536/19 - EQUIPE F",NULL,8,20,24,23,NULL,True,"esf"
194,"1668560","EQUIPE 537/20 - EQUIPE H",NULL,8,20,24,23,NULL,True,"esf"
195,"1668579","EQUIPE  538/21 - EQUIPE I",NULL,8,20,24,23,NULL,True,"esf"
196,"1668587","EQUIPE 539/22 - EQUIPE J",NULL,8,20,24,23,NULL,True,"esf"
197,"1668595","EQUIPE 540-23",NULL,8,20,125,73,NULL,True,"esf"
201,"1668897","EQUIPE 04 - AMARELA - AREA 0693",NULL,7,26,69,57,NULL,True,"esf"
202,"1668900","EQUIPE 05 - ROSA - AREA 0694",NULL,7,26,69,57,NULL,True,"esf"
203,"1668935","EQUIPE 04",NULL,4,9,59,34,NULL,True,"esf"
205,"1668951","EQ 11 - VERDE",NULL,4,12,17,17,NULL,True,"esf"
206,"1668978","EQ 12 - ROSA",NULL,4,12,17,17,NULL,True,"esf"
208,"1668994","EQ 17 - PRATA",NULL,4,12,17,17,NULL,True,"esf"
209,"1669001","EQ 18 BURITI",NULL,4,12,60,51,NULL,True,"esf"
210,"1669028","EQ 19  JATOBA",NULL,4,12,60,51,NULL,True,"esf"
211,"1669036","EQ 20 JACARANDA",NULL,4,12,60,51,NULL,True,"esf"
212,"1669060","EQ 21  IPÊ",NULL,4,12,60,51,NULL,True,"esf"
213,"1669079","EQ 22  JEQUITIBA",NULL,4,12,60,51,NULL,True,"esf"
214,"1669087","EQ 23  PEQUI",NULL,4,12,60,51,NULL,True,"esf"
215,"1669095","EQUIPE 04 - LARANJA",NULL,4,21,25,24,NULL,True,"esf"
216,"1669109","EQUIPE 05 - AZUL",NULL,4,21,25,24,NULL,True,"esf"
217,"1669117","EQUIPE 06 - AMARELA",NULL,4,21,25,24,NULL,True,"esf"
218,"1669125","EQUIPE 07 - LILAS",NULL,4,21,25,24,NULL,True,"esf"
219,"1669133","EQUIPE 08 - ROSA",NULL,4,21,25,24,NULL,True,"esf"
220,"1669141","EQUIPE 09 - VERDE",NULL,4,21,25,24,NULL,True,"esf"
221,"1669168","EQUIPE 10 - VERMELHA",NULL,4,21,25,24,NULL,True,"esf"
222,"1670069","EQUIPE ÁGUA",NULL,2,15,3,4,NULL,True,"esf"
223,"1670077","EQUIPE SOL",NULL,2,15,3,4,NULL,True,"esf"
224,"1670093","EQUIPE TERRA",NULL,2,15,3,4,NULL,True,"esf"
225,"1670107","EQUIPE FOGO",NULL,2,15,3,4,NULL,True,"esf"
226,"1670115","EQUIPE AZUL",NULL,2,15,32,28,NULL,True,"esf"
227,"1670123","EQUIPE LILÁS",NULL,2,15,32,28,NULL,True,"esf"
228,"1670131","EQUIPE VERMELHA",NULL,2,15,32,28,NULL,True,"esf"
229,"1670158","EQUIPE VERDE",NULL,2,15,32,28,NULL,True,"esf"
230,"1670166","EQUIPE  BRANCA",NULL,2,15,32,28,NULL,True,"esf"
231,"1670174","EQUIPE ARATICUM",NULL,2,5,8,9,NULL,True,"esf"
232,"1670182","EQUIPE MURICI",NULL,2,5,8,9,NULL,True,"esf"
233,"1670190","EQUIPE BARU",NULL,2,5,8,9,NULL,True,"esf"
234,"1670204","EQUIPE BURITI",NULL,2,5,8,9,NULL,True,"esf"
235,"1670212","EQUIPE GIRASSOL",NULL,2,5,35,31,NULL,True,"esf"
236,"1670220","EQUIPE ORQUÍDEA",NULL,2,5,35,31,NULL,True,"esf"
237,"1670239","EQUIPE LÍRIO",NULL,2,5,35,31,NULL,True,"esf"
238,"1670247","EQUIPE CALIANDRA",NULL,2,5,35,31,NULL,True,"esf"
239,"1670255","EQUIPE RUBI",NULL,2,10,15,14,NULL,True,"esf"
240,"1670263","EQUIPE TOPÁZIO",NULL,2,10,15,14,NULL,True,"esf"
241,"1670271","EQUIPE ESMERALDA",NULL,2,10,15,14,NULL,True,"esf"
242,"1670298","EQUIPE AMIZADE",NULL,2,27,29,2,NULL,True,"esf"
243,"1670301","EQUIPE HARMONIA",NULL,2,27,29,2,NULL,True,"esf"
244,"1670328","EQUIPE ALEGRIA",NULL,2,27,29,2,NULL,True,"esf"
245,"1670425","EQUIPE 04",NULL,3,11,16,16,NULL,True,"esf"
247,"1670433","EQUIPE 05",NULL,3,11,16,16,NULL,True,"esf"
249,"1670468","EQUIPE 01",NULL,3,8,39,33,NULL,True,"esf"
250,"1670476","EQUIPE 03",NULL,3,8,39,33,NULL,True,"esf"
251,"1670484","EQUIPE 04",NULL,3,8,39,33,NULL,True,"esf"
252,"1670492","EQUIPE 06",NULL,3,8,39,33,NULL,True,"esf"
253,"1670506","EQUIPE 07",NULL,3,8,39,33,NULL,True,"esf"
254,"1670514","EQUIPE 02",NULL,3,8,58,50,NULL,True,"esf"
255,"1670522","EQUIPE 06",NULL,3,8,58,50,NULL,True,"esf"
256,"1670530","EQUIPE 02",NULL,3,8,12,12,NULL,True,"esf"
257,"1670549","EQUIPE 03",NULL,3,8,12,12,NULL,True,"esf"
258,"1670557","EQUIPE 02",NULL,3,3,6,7,NULL,True,"esf"
259,"1670565","EQUIPE 03",NULL,3,3,6,7,NULL,True,"esf"
261,"1671227","ESF 0387/44 - DÁLIA",NULL,5,14,43,36,NULL,True,"esf"
262,"1671235","ESF 0388/45 - TULIPA",NULL,5,14,43,36,NULL,True,"esf"
263,"1671243","ESF 0389/46 - DELTA",NULL,5,14,166,52,NULL,True,"esf"
246,"2063506"," EQUIPE 01",NULL,3,11,16,16,NULL,True,"esf"
266,"1671286","ESF 0639/22 - ESMERALDA SOB",NULL,5,24,50,44,NULL,True,"esf"
268,"1671308","ESF 0621/11 - LARANJA - SOB",NULL,5,25,27,56,NULL,True,"esf"
199,"1668617","ÁREA 0542-25",NULL,8,20,115,80,NULL,True,"esf"
198,"1668609","ÁREA 0541-24",NULL,8,20,48,42,NULL,True,"esf"
271,"1671413","ESF 0628/19 - AZUL ESCURO",NULL,5,25,27,56,NULL,True,"esf"
272,"1672053","EQUIPE 05",NULL,4,9,59,34,NULL,True,"esf"
273,"1672975","EQUIPE 16",NULL,3,18,63,40,NULL,True,"esf"
274,"1672983","EQUIPE 04",NULL,3,8,58,50,NULL,True,"esf"
275,"1675672","EQUIPE 07 - AMARELA - AREA 0695",NULL,7,26,107,82,NULL,True,"esf"
276,"1675680","EQUIPE 09 - CINZA - AREA 0696",NULL,7,26,107,82,NULL,True,"esf"
277,"1676458","EQ 24 VILA NOVA",NULL,4,21,49,43,NULL,True,"esf"
204," 1668943"," EQ 08 - CORAL",NULL,4,12,17,17,NULL,True,"esf"
270,"  1671375","  ESF 0624/15 - VERMELHA - SOB",NULL,5,25,27,56,NULL,True,"esf"
267,"  1671294","  ESF 0620/01 - ROXA",NULL,5,25,27,56,NULL,True,"esf"
278,"1677802","EQUIPE 05",NULL,3,8,39,33,NULL,True,"esf"
279,"1677829","EQUIPE 544-27",NULL,8,20,24,23,NULL,True,"esf"
281,"1686534","ESF TORORÓ",NULL,4,21,93,55,NULL,True,"esf"
282,"1709763","EQUIPE 06 - ROXA - AREA 0697",NULL,7,26,96,75,NULL,True,"esf"
283,"1709828","EQUIPE 07 - ROXA - AREA 0698",NULL,7,1,2,3,NULL,True,"esf"
284,"1714775","ESF 29 - UBS 11 REC - AREA 3801",NULL,7,16,142,71,NULL,True,"esf"
285,"1716638","EQUIPE 251/39",NULL,8,7,57,49,NULL,True,"esf"
286,"1717111","ESF 0640/23 - RUBI",NULL,5,24,50,44,NULL,True,"esf"
287,"1717146","ESF 0641/24 - PÉROLA",NULL,5,24,50,44,NULL,True,"esf"
288,"1717154","ESF 0629/20 - AZUL CLARO",NULL,5,25,27,56,NULL,True,"esf"
292,"1717197","ESF 0390/47 - ROSA PL",NULL,5,14,75,90,NULL,True,"esf"
293,"1717200","ESF 2000/48 -  ROUXINOL",NULL,5,14,88,94,NULL,True,"esf"
294,"1717219","ESF 2001/49 - SIGMA",NULL,5,14,166,52,NULL,True,"esf"
295,"1717553","ESF 04 AMARELA - UBS 05 SAM - AREA 0457",NULL,7,19,91,72,NULL,True,"esf"
296,"1717588","ESF 12 - UBS 01 SAM - AREA 3205",NULL,7,19,23,95,NULL,True,"esf"
297,"1717596","ESF 02 - UBS 13 SAM",NULL,7,19,153,41,NULL,True,"esf"
298,"1796631","EQUIPE LILÁS",NULL,2,15,4,5,NULL,True,"esf"
299,"1796739","EQUIPE AMARELA",NULL,2,15,4,5,NULL,True,"esf"
300,"1796801","EQUIPE LARANJA",NULL,2,15,4,5,NULL,True,"esf"
301,"1796860","EQUIPE VERDE",NULL,2,15,4,5,NULL,True,"esf"
302,"1797042","EQUIPE VERMELHA",NULL,2,15,4,5,NULL,True,"esf"
303,"1797174","EQUIPE AZUL",NULL,2,15,4,5,NULL,True,"esf"
304,"1797301","EQUIPE AR",NULL,2,15,3,4,NULL,True,"esf"
305,"1797395","EQUIPE AMARELA",NULL,2,15,32,28,NULL,True,"esf"
306,"1797514","EQUIPE IPÊ AMARELO",NULL,2,15,53,46,NULL,True,"esf"
307,"1797638","EQUIPE IPÊ BRANCO",NULL,2,15,53,46,NULL,True,"esf"
308,"1797816","EQUIPE IPÊ ROXO",NULL,2,15,53,46,NULL,True,"esf"
309,"1797956","EQUIPE ÔNIX",NULL,2,10,15,14,NULL,True,"esf"
310,"1798022","EQUIPE INGÁ",NULL,2,5,8,9,NULL,True,"esf"
311,"1798170","EQUIPE JASMIM",NULL,2,5,35,31,NULL,True,"esf"
312,"1800035","EQUIPE 05",NULL,3,8,12,12,NULL,True,"esf"
313,"1800140","EQUIPE 01",NULL,3,8,58,50,NULL,True,"esf"
314,"1800221","EQUIPE 04",NULL,3,17,21,20,NULL,True,"esf"
315,"1800272","EQUIPE 07",NULL,3,17,21,20,NULL,True,"esf"
316,"1805568","EQUIPE 06 - AMARELA - AREA 6804",NULL,7,28,30,27,NULL,True,"esf"
317,"1805622","EQUIPE 07 - LILAS - AREA 6805",NULL,7,28,30,27,NULL,True,"esf"
318,"1805649","EQUIPE 08 - BRANCA - AREA 6806",NULL,7,28,30,27,NULL,True,"esf"
319,"1843567","EQUIPE 03 - VERDE - AREA 0679",NULL,7,26,117,88,NULL,True,"esf"
320,"1843591","EQUIPE 04 - ROSA - AREA 0680",NULL,7,26,117,88,NULL,True,"esf"
321,"1843648","EQUIPE 05 - AMARELA - AREA 0702",NULL,7,26,117,88,NULL,True,"esf"
322,"1843702","EQUIPE 06 - LARANJA - AREA 0703",NULL,7,26,117,88,NULL,True,"esf"
323,"1918575","EQUIPE 05 - LARANJA - AREA 0687",NULL,7,26,28,26,NULL,True,"esf"
324,"1923757","ESF 32 - UBS 02 SAM - AREA 3210",NULL,7,19,47,41,NULL,True,"esf"
325,"2001810","EQUIPE 1218/55",NULL,8,7,147,11,NULL,True,"esf"
327,"2018195","EQUIPE 2 - ÁREA 0123",NULL,6,4,151,99,NULL,True,"esf"
328,"2018802","EQUIPE 6 -  ROSA ÁREA 124",NULL,6,4,84,68,NULL,True,"esf"
329,"2019086","EQUIPE 5 - AMARELA ÁREA 125",NULL,6,4,139,97,NULL,True,"esf"
331,"2063417","EQUIPE 04",NULL,3,3,6,7,NULL,True,"esf"
332,"2063425","EQUIPE 05",NULL,3,3,6,7,NULL,True,"esf"
333,"2063441","EQUIPE 03",NULL,3,17,21,20,NULL,True,"esf"
334,"2063468","EQUIPE 06",NULL,3,17,21,20,NULL,True,"esf"
336,"2063484","EQUIPE 04",NULL,3,8,12,12,NULL,True,"esf"
337,"2063492","EQUIPE 06",NULL,3,8,12,12,NULL,True,"esf"
338,"2098792","EQUIPE 1219/15",NULL,8,7,38,32,NULL,True,"esf"
339,"2138697","EQUIPE 15 RUBI",NULL,4,9,59,34,NULL,True,"esf"
340,"2154129","EQUIPE IPÊ VERDE",NULL,2,15,53,46,NULL,True,"esf"
341,"2157284","ESF EQUIPE 45 - UBS 06 - AREA 3232",NULL,7,19,102,79,NULL,True,"esf"
342,"2184478","ESF DIAMANTE - JARDINS MANGUEIRAL",NULL,4,21,14,55,NULL,True,"esf"
343,"2186381","ESF AMETISTA - JARDINS MANGUEIRAL",NULL,4,21,14,55,NULL,True,"esf"
344,"2186403","ESF SAFIRA - JARDINS MANGUEIRAL",NULL,4,21,14,55,NULL,True,"esf"
345,"2188317","ESF EQUIPE 52 UBS 07",NULL,7,19,114,86,NULL,True,"esf"
346,"2198797","ESF ESMERALDA - JARDINS MANGUEIRAL",NULL,4,21,14,55,NULL,True,"esf"
348,"468428","EQUIPE 1 - AZUL ÁREA 0020",NULL,6,2,5,6,NULL,True,"esf"
349,"468436","EQUIPE 4 - ÁREA 0013",NULL,6,2,97,47,NULL,True,"esf"
350,"468444","EQUIPE 5 - ÁREA 0011",NULL,6,2,108,47,NULL,True,"esf"
290,"1671383"," ESF 0626/16 - AMARELA - SOB",NULL,5,25,27,56,NULL,True,"esf"
352,"468460","EQUIPE 1 - ÁREA 0016",NULL,6,2,54,47,NULL,True,"esf"
353,"468479","EQUIPE 2 - ÁREA 0019",NULL,6,2,70,47,NULL,True,"esf"
354,"468487","EQUIPE 3 - VERDE  ÁREA 0023",NULL,6,2,33,29,NULL,True,"esf"
355,"468495","EQUIPE 2 - ROSA  ÁREA 0022",NULL,6,2,33,29,NULL,True,"esf"
356,"468509","EQUIPE 1 - AZUL ÁREA 0021",NULL,6,2,33,29,NULL,True,"esf"
357,"468525","EQUIPE 4 - AMARELA ÁREA 0024",NULL,6,2,33,29,NULL,True,"esf"
358,"468533","EQUIPE 01",NULL,3,3,6,7,NULL,True,"esf"
359,"468584","EQUIPE 1 - PRETA ÁREA 0041",NULL,6,4,134,96,NULL,True,"esf"
335,"2063476","EQUIPE 03",NULL,3,17,45,38,NULL,True,"esf"
280,"1681532","EQUIPE 545-11",NULL,8,20,48,42,NULL,True,"esf"
361,"468614","EQUIPE 1 - AZUL ÁREA 0044",NULL,6,4,119,89,NULL,True,"esf"
362,"468622","EQUIPE 1 - LILAS  ÁREA 0045",NULL,6,4,160,103,NULL,True,"esf"
363,"468630","EQUIPE 2 - ÁREA 0046",NULL,6,4,154,100,NULL,True,"esf"
364,"468649","EQUIPE 10 -  MARROM ",NULL,6,4,145,98,NULL,True,"esf"
291,"  1717170","  ESF 0631/22 - VERDE SOB",NULL,5,25,27,56,NULL,True,"esf"
289,"  1717162","  ESF 0630/21 - ROSA SOB",NULL,5,25,27,56,NULL,True,"esf"
366,"468665","EQUIPE 3 - ÁREA 0057",NULL,6,4,7,8,NULL,True,"esf"
367,"468673","EQUIPE 2 - ÁREA 056",NULL,6,4,7,8,NULL,True,"esf"
368,"468681","EQUIPE 3 - AMARELA ÁREA 0054",NULL,6,4,119,89,NULL,True,"esf"
369,"468703","EQUIPE 2 - LARANJA ÁREA 47",NULL,6,4,119,89,NULL,True,"esf"
370,"468711","EQUIPE 3 - VERDE ÁREA 0052",NULL,6,4,160,103,NULL,True,"esf"
371,"468738","EQUIPE 2 - ROSA ÁREA 0048",NULL,6,4,160,103,NULL,True,"esf"
372,"468746","EQUIPE 4 - AZUL ÁREA 0053",NULL,6,4,160,103,NULL,True,"esf"
373,"468754","EQUIPE 5 - VERDE ÁREA 0050",NULL,6,4,119,89,NULL,True,"esf"
374,"468762","EQUIPE 1 - ÁREA 0049",NULL,6,4,162,104,NULL,True,"esf"
375,"468770","EQUIPE 1 - ROXA ÁREA 0060",NULL,6,4,158,102,NULL,True,"esf"
376,"468789","EQUIPE 2 - BRANCA ÁREA 0061",NULL,6,4,158,102,NULL,True,"esf"
379,"468819","EQUIPE 4 - VERMELHA ÁREA 64",NULL,6,4,55,48,NULL,True,"esf"
380,"468827","EQUIPE 2 - VERMELHA ÁREA 0067",NULL,6,4,145,98,NULL,True,"esf"
381,"468835","EQUIPE 1 - ÁREA 0038",NULL,6,4,151,99,NULL,True,"esf"
382,"468843","EQUIPE 1 - ÁREA 0039",NULL,6,4,154,100,NULL,True,"esf"
383,"468878","EQUIPE 215-13",NULL,8,7,11,11,NULL,True,"esf"
384,"468886","EQUIPE 248-27",NULL,8,7,11,11,NULL,True,"esf"
385,"468908","EQUIPE 235/14",NULL,8,7,11,11,NULL,True,"esf"
386,"468916","EQUIPE 242-21",NULL,8,7,38,32,NULL,True,"esf"
387,"468932","EQUIPE 208-06",NULL,8,7,38,32,NULL,True,"esf"
388,"468940","EQUIPE 209-07",NULL,8,7,57,49,NULL,True,"esf"
389,"468959","EQUIPE 237/16",NULL,8,7,57,49,NULL,True,"esf"
390,"468967","EQUIPE 243-22",NULL,8,7,57,49,NULL,True,"esf"
391,"468975","EQUIPE 207/05",NULL,8,7,72,59,NULL,True,"esf"
392,"468983","EQUIPE 238-17",NULL,8,7,72,59,NULL,True,"esf"
393,"469009","EQUIPE 210-08",NULL,8,7,72,59,NULL,True,"esf"
394,"469017","EQUIPE 239-18",NULL,8,7,85,69,NULL,True,"esf"
395,"469025","EQUIPE 240-19",NULL,8,7,99,77,NULL,True,"esf"
396,"469033","EQUIPE 211/09",NULL,8,7,99,77,NULL,True,"esf"
397,"469041","EQUIPE 246-25",NULL,8,7,99,77,NULL,True,"esf"
398,"469068","EQUIPE 245-24",NULL,8,7,99,77,NULL,True,"esf"
399,"469076","EQUIPE 241-20",NULL,8,7,110,84,NULL,True,"esf"
400,"469084","EQUIPE 247-26",NULL,8,7,85,69,NULL,True,"esf"
401,"469092","EQUIPE 212-10",NULL,8,7,85,69,NULL,True,"esf"
402,"469106","EQUIPE 250-29",NULL,8,7,38,32,NULL,True,"esf"
403,"469114","EQUIPE 249-28",NULL,8,7,110,84,NULL,True,"esf"
405,"469130","EQUIPE 205 03",NULL,8,7,130,11,NULL,True,"esf"
406,"469173","EQUIPE 204-02",NULL,8,7,140,77,NULL,True,"esf"
407,"469181","EQUIPE 206-04",NULL,8,7,147,11,NULL,True,"esf"
408,"469203","EQUIPE 01",NULL,3,8,12,12,NULL,True,"esf"
409,"469211","EQUIPE 02",NULL,3,8,39,33,NULL,True,"esf"
410,"469238","EQUIPE 03",NULL,3,8,58,50,NULL,True,"esf"
411,"469254","EQUIPE 01",NULL,3,22,9,10,NULL,True,"esf"
412,"469262","EQUIPE 02",NULL,3,22,9,10,NULL,True,"esf"
413,"469270","EQUIPE 05",NULL,3,22,9,10,NULL,True,"esf"
414,"469289","EQUIPE 04",NULL,3,22,9,10,NULL,True,"esf"
415,"469297","EQUIPE 03",NULL,3,22,9,10,NULL,True,"esf"
416,"469300","EQUIPE 06",NULL,3,22,36,10,NULL,True,"esf"
417,"469319","EQUIPE 07",NULL,3,22,36,10,NULL,True,"esf"
418,"469327","EQUIPE 02",NULL,3,11,16,16,NULL,True,"esf"
420,"469343","EQUIPE 01",NULL,3,13,18,38,NULL,True,"esf"
421,"469351","EQ 09 - AMARELA",NULL,4,12,17,17,NULL,True,"esf"
422,"469378","EQ 02 - JARDIM II",NULL,4,12,74,35,NULL,True,"esf"
423,"469386","EQ 03 - QUEBRADA DOS NERES",NULL,4,12,87,35,NULL,True,"esf"
425,"469424","EQ 04 - CARIRU",NULL,4,12,100,35,NULL,True,"esf"
426,"469432","EQUIPE 01",NULL,4,9,40,34,NULL,True,"esf"
427,"469440","EQUIPE 02",NULL,4,9,40,34,NULL,True,"esf"
428,"469459","EQ 05 - QUADRA 18",NULL,4,12,42,35,NULL,True,"esf"
429,"469483","EQ 09 - LILÁS",NULL,4,9,13,13,NULL,True,"esf"
430,"469491","EQ 08 - LARANJA",NULL,4,9,13,13,NULL,True,"esf"
431,"469505","EQ 07 - ROSA",NULL,4,9,13,13,NULL,True,"esf"
432,"469513","EQ 06 - AZUL",NULL,4,9,13,13,NULL,True,"esf"
433,"469521","EQ 10 - CINZA",NULL,4,9,13,13,NULL,True,"esf"
434,"469548","EQ 06 - CAFÉ SEM TROCO",NULL,4,12,111,35,NULL,True,"esf"
435,"469564","ESF 0346/11 - LOBO GUARÁ",NULL,5,14,19,18,NULL,True,"esf"
436,"469580","ESF 0347/12 - ORQUÍDEA",NULL,5,14,43,36,NULL,True,"esf"
437,"469599","ESF 0336/03 - RAJADINHA",NULL,5,14,141,85,NULL,True,"esf"
438,"469602","ESF 0339/06 - TABATINGA",NULL,5,14,155,70,NULL,True,"esf"
439,"469610","ESF 0341/08 - PIPIRIPAU",NULL,5,14,159,61,NULL,True,"esf"
440,"469629","ESF 0338/05 - SÃO JOSÉ",NULL,5,14,152,70,NULL,True,"esf"
441,"469637","ESF 0378/42 - AZALÉIA",NULL,5,14,43,36,NULL,True,"esf"
443,"469653","ESF 0377/41 - ALFA",NULL,5,14,166,52,NULL,True,"esf"
444,"469661","ESF 0379/43 - SUÇUARANA",NULL,5,14,19,18,NULL,True,"esf"
447,"469718","ESF 0340/07 - RIO PRETO",NULL,5,14,157,70,NULL,True,"esf"
448,"469726","ESF 0334/01 - 14 BIS",NULL,5,14,131,78,NULL,True,"esf"
449,"469734","ESF 0337/04 - BICA DO DER",NULL,5,14,148,85,NULL,True,"esf"
450,"469742","ESF 0335/02 - TAQUARA",NULL,5,14,135,61,NULL,True,"esf"
451,"469750","ESF 0342/09 - JARDIM MORUMBI",NULL,5,14,161,61,NULL,True,"esf"
452,"469769","ESF 0364/18 - IPÊ AMARELO",NULL,5,24,67,67,NULL,True,"esf"
453,"469777","ESF 0365/19 - FLAMBOYANT",NULL,5,24,67,67,NULL,True,"esf"
377,"468797"," EQUIPE 3 - AMARELA ÁREA 0068",NULL,6,4,156,101,NULL,True,"esf"
378,"468800"," EQUIPE 1 - VERDE ÁREA 0066",NULL,6,4,156,101,NULL,True,"esf"
446,"469696"," ESF 0376/40 - BORBOLETA AMARELA",NULL,5,14,112,36,NULL,True,"esf"
445,"469688"," ESF 0375/39 - BORBOLETA LARANJA",NULL,5,14,112,36,NULL,True,"esf"
424,"469394"," EQ 01 - PAD DF UBS 08 PARANOÁ ",NULL,4,12,121,35,NULL,True,"esf"
2,"1466259","EQUIPE 5 - MARGARIDA ÁREA 0051",NULL,6,4,98,76,NULL,True,"esf"
89,"1641913","EQUIPE 03 - AZUL - AREA 0663",NULL,7,26,107,82,NULL,True,"esf"
175,"1668102","EQUIPE 06 - VERDE -  AREA 0688",NULL,7,26,28,26,NULL,True,"esf"
176,"1668110","EQUIPE 07 - AMARELA - AREA 0689",NULL,7,26,28,26,NULL,True,"esf"
269,"1671367","ESF 0622/12 - MARROM",NULL,5,25,27,56,NULL,True,"esf"
360,"468606","EQUIPE 2 - AZUL ÁREA 0043",NULL,6,4,134,96,NULL,True,"esf"
454,"469785","ESF 0362/26 - SABIÁ PL",NULL,5,14,101,94,NULL,True,"esf"
455,"469793","ESF 0361/25 - FLAMINGO",NULL,5,14,101,94,NULL,True,"esf"
540,"470910","ESF 08 VERMELHA - UBS 10 SAM - AREA 0461",NULL,7,19,137,86,NULL,True,"esf"
3,"1468618","ESF 14 LILÁS - UBS 04 REC - AREA 0404",NULL,7,16,76,62,NULL,True,"esf"
4,"1469363","EQ 11 - MARROM",NULL,4,9,13,13,NULL,True,"esf"
5,"1469592","EQUIPE 08",NULL,3,22,36,10,NULL,True,"esf"
6,"1469606","EQUIPE 09",NULL,3,22,9,10,NULL,True,"esf"
7,"1469649","EQUIPE 10",NULL,3,22,9,10,NULL,True,"esf"
8,"1471953","ESF 05 - UBS 10 REC - AREA 0395",NULL,7,16,136,19,NULL,True,"esf"
9,"1474170","ESF 47 LARANJA  - UBS 11 SAM - AREA 0515",NULL,7,19,143,54,NULL,True,"esf"
10,"1474189","ESF 46 AMARELA  - UBS 11 SAM - AREA 0514",NULL,7,19,143,54,NULL,True,"esf"
541,"470929","ESF 06 VERMELHA - UBS 09 SAM - AREA 0474",NULL,7,19,132,72,NULL,True,"esf"
456,"469807","ESF 0363/27 - JOÃO-DE-BARRO PL",NULL,5,14,101,94,NULL,True,"esf"
457,"469815","ESF 0353/17 - ÁGUAS EMENDADAS",NULL,5,14,163,52,NULL,True,"esf"
458,"469823","ESF 0350/14 - LUA",NULL,5,14,122,78,NULL,True,"esf"
459,"469831","ESF 0351/15 - ESTRELA",NULL,5,14,122,78,NULL,True,"esf"
460,"469858","ESF 0349/13 - SOL",NULL,5,14,122,78,NULL,True,"esf"
461,"469866","ESF 0352/16 - CEP SAÚDE",NULL,5,14,61,18,NULL,True,"esf"
462,"469874","ESF 0371/35 - AMARELA ",NULL,5,14,75,90,NULL,True,"esf"
463,"469882","ESF 0366/30 - VERDE",NULL,5,14,75,90,NULL,True,"esf"
464,"469890","ESF 0368/32 - VERMELHA",NULL,5,14,75,90,NULL,True,"esf"
465,"469904","ESF 0369/33 - AZUL",NULL,5,14,75,90,NULL,True,"esf"
466,"469912","ESF 0370/34 - LILÁS",NULL,5,14,75,90,NULL,True,"esf"
467,"469920","ESF 0367/31 - LARANJA",NULL,5,14,75,90,NULL,True,"esf"
468,"469939","ESF 0372/36 - BRANCA",NULL,5,14,75,90,NULL,True,"esf"
469,"469947","ESF 0373/37 - ÔMEGA",NULL,5,14,166,52,NULL,True,"esf"
470,"469955","ESF 0359/23 - ANDORINHA - PL",NULL,5,14,88,94,NULL,True,"esf"
471,"469963","ESF 0354/18 - GAIVOTA - PL",NULL,5,14,88,94,NULL,True,"esf"
472,"469971","ESF 0356/20 - ÁGUIA - PL",NULL,5,14,88,94,NULL,True,"esf"
473,"469998","ESF 0355/19 - BEIJA-FLOR - PL",NULL,5,14,88,94,NULL,True,"esf"
474,"470007","ESF 0360/24 - ARARA - PL",NULL,5,14,88,94,NULL,True,"esf"
475,"470023","ESF 0357/21 - BEM-TE-VI - PL",NULL,5,14,88,94,NULL,True,"esf"
476,"470031","ESF 0358/22 - CANÁRIO - PL",NULL,5,14,88,94,NULL,True,"esf"
477,"470058","ESF 06 ROSA - UBS 04 REC - AREA 0396",NULL,7,16,76,62,NULL,True,"esf"
478,"470066","ESF 10 VERDE - UBS 04 REC - AREA 0400",NULL,7,16,76,62,NULL,True,"esf"
479,"470074","ESF 17 AZUL - UBS 04 REC - AREA 0407",NULL,7,16,76,62,NULL,True,"esf"
480,"470082","ESF 16 LARANJA - UBS 04 REC - AREA 0406",NULL,7,16,76,62,NULL,True,"esf"
481,"470090","EQUIPE 07 - LARANJA - AREA 0397",NULL,7,26,96,75,NULL,True,"esf"
483,"470112","ESF 01 - UBS 08 REC - AREA 0391",NULL,7,16,123,71,NULL,True,"esf"
484,"470120","ESF 02 - UBS 08 REC - AREA 0392",NULL,7,16,123,71,NULL,True,"esf"
485,"470139","ESF 04 - UBS 10 REC - AREA 0394",NULL,7,16,136,19,NULL,True,"esf"
486,"470147","ESF 08 - UBS 05 REC - AREA 0398",NULL,7,16,89,71,NULL,True,"esf"
487,"470155","ESF 06 - UBS 05 REC - AREA 0402",NULL,7,16,89,71,NULL,True,"esf"
488,"470163","ESF 05 - UBS 05 REC - AREA 0401",NULL,7,16,89,71,NULL,True,"esf"
489,"470171","ESF 04 - UBS 05 REC - AREA 0399",NULL,7,16,89,71,NULL,True,"esf"
490,"470198","ESF 07 - UBS 05 REC - AREA 0403",NULL,7,16,89,71,NULL,True,"esf"
491,"470201","ESF 18 AMARELA - UBS 03 REC - AREA 0408",NULL,7,16,62,53,NULL,True,"esf"
492,"470228","ESF 19 LARANJA - UBS 03 REC - AREA 0409",NULL,7,16,62,53,NULL,True,"esf"
493,"470236","ESF 23 ROSA - UBS 03 REC - AREA 0413",NULL,7,16,62,53,NULL,True,"esf"
494,"470244","ESF 24 CINZA - UBS 03 REC - AREA 0414",NULL,7,16,62,53,NULL,True,"esf"
496,"470260","EQUIPE 02",NULL,3,18,63,40,NULL,True,"esf"
497,"470279","EQUIPE 14",NULL,3,18,63,40,NULL,True,"esf"
498,"470287","EQUIPE 08",NULL,3,18,63,40,NULL,True,"esf"
499,"470295","EQUIPE 05 ",NULL,3,18,77,21,NULL,True,"esf"
482,"     0470104","    Equipe 1233/69",NULL,8,7,169,84,NULL,True,"esf"
94,"1641980","EQ 10 - AZUL",NULL,4,12,17,17,NULL,True,"esf"
173,"1668072","EQUIPE 04 - AZUL - AREA 6802",NULL,7,28,30,27,NULL,True,"esf"
265,"1671278","ESF 0638/21 - JADE",NULL,5,24,50,44,NULL,True,"esf"
351,"468452","EQUIPE 3 - ÁREA 0015",NULL,6,2,83,47,NULL,True,"esf"
524,"470686","ESF 10 LILÁS - UBS 03 SAM - AREA 0473",NULL,7,19,64,54,NULL,True,"esf"
525,"470694","ESF 07 ROSA - UBS 03 SAM - AREA 0741",NULL,7,19,64,54,NULL,True,"esf"
526,"470708","ESF 12 AMARELA - UBS 04 SAM - AREA 0509",NULL,7,19,78,63,NULL,True,"esf"
527,"470716","ESF 39 VERDE - UBS 04 SAM - AREA 0503",NULL,7,19,78,63,NULL,True,"esf"
574,"0471437","EQ 02 - MORRO DA CRUZ",NULL,4,21,116,55,NULL,True,"esf"
504,"470406","EQUIPE 09",NULL,3,18,90,40,NULL,True,"esf"
500,"470309","EQUIPE 01",NULL,3,18,46,40,NULL,True,"esf"
501,"470317","EQUIPE 13",NULL,3,18,46,40,NULL,True,"esf"
503,"470384","EQUIPE 11",NULL,3,18,90,40,NULL,True,"esf"
505,"470414","EQUIPE 10",NULL,3,18,22,21,NULL,True,"esf"
506,"470422","EQUIPE 12",NULL,3,18,90,40,NULL,True,"esf"
507,"470449","EQUIPE 04",NULL,3,18,22,21,NULL,True,"esf"
508,"470457","EQUIPE 03",NULL,3,18,22,21,NULL,True,"esf"
509,"470465","EQUIPE 06",NULL,3,18,22,21,NULL,True,"esf"
510,"470473","EQUIPE 07",NULL,3,18,22,21,NULL,True,"esf"
511,"470481","ESF 43 - UBS 12 SAM - AREA 0507",NULL,7,19,149,22,NULL,True,"esf"
512,"470511","ESF 15 - UBS 01 SAM - AREA 0479",NULL,7,19,23,95,NULL,True,"esf"
513,"470538","ESF 16 - UBS 01 SAM - AREA 0480",NULL,7,19,23,95,NULL,True,"esf"
514,"470554","ESF 42 - UBS 12 SAM - AREA 0506",NULL,7,19,149,22,NULL,True,"esf"
515,"470562","ESF 41 AMARELA - UBS 07 SAM - AREA 0505",NULL,7,19,114,86,NULL,True,"esf"
516,"470589","ESF 23 - UBS 12 SAM - AREA 0487",NULL,7,19,149,22,NULL,True,"esf"
517,"470597","ESF 22 - UBS 12 SAM - AREA 0485",NULL,7,19,149,22,NULL,True,"esf"
518,"470600","ESF 21 - UBS 12 SAM - AREA 0485",NULL,7,19,149,22,NULL,True,"esf"
519,"470619","ESF 20 - UBS 01 SAM - AREA 0484",NULL,7,19,23,95,NULL,True,"esf"
520,"470627","ESF 19 - UBS 12 SAM - AREA 0483",NULL,7,19,149,22,NULL,True,"esf"
521,"470635","ESF 18 VERDE - UBS 07 SAM - AREA 0482",NULL,7,19,114,86,NULL,True,"esf"
522,"470643","ESF 11 AZUL - UBS 03 SAM - AREA 0475",NULL,7,19,64,54,NULL,True,"esf"
523,"470651","ESF 45  VERDE - UBS 11 SAM - AREA 0472",NULL,7,19,143,54,NULL,True,"esf"
528,"470724","ESF 37 LILÁS - UBS 07 SAM - AREA 0501",NULL,7,19,114,86,NULL,True,"esf"
529,"470732","ESF 26 VERMELHA - UBS 06 SAM - AREA 0490",NULL,7,19,102,79,NULL,True,"esf"
530,"470767","ESF 13 VERMELHA - UBS 04 SAM - AREA 0510",NULL,7,19,78,63,NULL,True,"esf"
531,"470775","ESF 29 - UBS 02 SAM - AREA 0493",NULL,7,19,47,41,NULL,True,"esf"
532,"470805","ESF 19 - UBS 01 SAM - AREA 0498",NULL,7,19,23,95,NULL,True,"esf"
533,"470813","ESF 02 AZUL - UBS 04 SAM - AREA 0455",NULL,7,19,78,63,NULL,True,"esf"
534,"470821","ESF 28 - UBS 02 SAM - AREA 0491",NULL,7,19,47,41,NULL,True,"esf"
535,"470848","ESF 18 - UBS 01 SAM - AREA 0496",NULL,7,19,23,95,NULL,True,"esf"
536,"470856","ESF 27 - UBS 02 SAM - AREA 0491",NULL,7,19,47,41,NULL,True,"esf"
537,"470864","ESF 30 - UBS 02 SAM - AREA 0494",NULL,7,19,47,41,NULL,True,"esf"
538,"470872","ESF 31 - UBS 02 SAM - AREA 0495",NULL,7,19,47,41,NULL,True,"esf"
539,"470880","ESF 33 - UBS 02 SAM - AREA 0497",NULL,7,19,47,41,NULL,True,"esf"
543,"470961","ESF 01 AZUL - UBS 05 SAM - AREA 0454",NULL,7,19,91,72,NULL,True,"esf"
544,"470988","ESF 44 AMARELA - UBS 06 SAM - AREA 0508",NULL,7,19,102,79,NULL,True,"esf"
545,"470996","ESF 36 VERMELHA - UBS 08 SAM - AREA 0500",NULL,7,19,124,91,NULL,True,"esf"
546,"471003","ESF 40 VERDE - UBS 08 SAM - AREA 0504",NULL,7,19,124,91,NULL,True,"esf"
547,"471011","ESF 38 ROSA - UBS 08 SAM - AREA 0502",NULL,7,19,124,91,NULL,True,"esf"
548,"471038","EQUIPE 519-02",NULL,8,20,125,73,NULL,True,"esf"
550,"471062","EQUIPE 523-06",NULL,8,20,24,23,NULL,True,"esf"
551,"471070","EQUIPE 529-12",NULL,8,20,24,23,NULL,True,"esf"
552,"471089","EQUIPE 527-10",NULL,8,20,24,23,NULL,True,"esf"
553,"471097","EQUIPE 520-03",NULL,8,20,65,65,NULL,True,"esf"
555,"471119","EQUIPE 525-08",NULL,8,20,92,73,NULL,True,"esf"
556,"471127","EQUIPE 521-04",NULL,8,20,92,73,NULL,True,"esf"
557,"471135","EQUIPE 526/09",NULL,8,20,103,65,NULL,True,"esf"
558,"471143","EQUIPE 522-05",NULL,8,20,103,65,NULL,True,"esf"
559,"471151","EQUIPE 19 - PRATA",NULL,4,21,25,24,NULL,True,"esf"
560,"471178","EQUIPE 18 - MARROM",NULL,4,21,25,24,NULL,True,"esf"
561,"471186","EQUIPE 20 - BRANCA",NULL,4,21,25,24,NULL,True,"esf"
562,"471194","EQ 01 - NOVA BETANIA",NULL,4,21,93,55,NULL,True,"esf"
563,"471305","EQ 16 - SÃO FRANCISCO",NULL,4,21,104,55,NULL,True,"esf"
564,"471313","EQ 17 - SÃO JOSÉ",NULL,4,21,150,66,NULL,True,"esf"
565,"471321","EQ 25 -  BOSQUE 02",NULL,4,21,144,66,NULL,True,"esf"
566,"471348","EQ 13 - MORRO AZUL",NULL,4,21,79,55,NULL,True,"esf"
567,"471356","EQ 11 OESTE 1",NULL,4,21,66,43,NULL,True,"esf"
568,"471364","EQ 12 - OESTE 2",NULL,4,21,66,43,NULL,True,"esf"
569,"471380","EQ 15 - SETOR TRADICIONAL",NULL,4,21,49,43,NULL,True,"esf"
570,"471399","EQ 14 - VILA DO BOA",NULL,4,21,165,43,NULL,True,"esf"
571,"471402","EQ 22 - JOÃO CANDIDO",NULL,4,21,138,66,NULL,True,"esf"
572,"471410","EQ 21 - BOSQUE 1",NULL,4,21,133,66,NULL,True,"esf"
573,"471429","EQ 23 - VILA NOVA 02",NULL,4,21,133,66,NULL,True,"esf"
575,"471488","ESF 0597/06 - ÁGUIA",NULL,5,24,26,25,NULL,True,"esf"
576,"471496","ESF 0598/16 - ARARA",NULL,5,24,26,25,NULL,True,"esf"
577,"471518","ESF 0609/11 - SAFIRA",NULL,5,24,50,44,NULL,True,"esf"
578,"471526","ESF 0611/13 - AMOR-PERFEITO",NULL,5,25,95,81,NULL,True,"esf"
579,"471534","ESF 0599/08 - BEM-ME-QUER",NULL,5,25,51,74,NULL,True,"esf"
580,"471542","ESF 0594/03 - BURITI",NULL,5,24,67,67,NULL,True,"esf"
502,"470376","EQUIPE 02",NULL,3,17,45,38,NULL,True,"esf"
581,"471550","ESF 0613/15 - AROEIRA",NULL,5,6,37,87,NULL,True,"esf"
582,"471569","ESF 0595/04 - ANGELIM-DO-CERRADO",NULL,5,24,67,67,NULL,True,"esf"
583,"471577","ESF 0596/05 - SUCUPIRA",NULL,5,24,67,67,NULL,True,"esf"
584,"471585","ESF 0604/09 - ROTA DO CAVALO",NULL,5,24,80,67,NULL,True,"esf"
585,"471607","ESF 0592/01 - PALMEIRAS",NULL,5,6,10,87,NULL,True,"esf"
586,"471615","ESF 0593/02 - FLOR DO CERRADO",NULL,5,24,105,25,NULL,True,"esf"
587,"471623","ESF 0605/10 - BASEVI",NULL,5,24,94,25,NULL,True,"esf"
588,"471631","ESF 0615/05 - MINI-CHÁCARAS",NULL,5,25,81,81,NULL,True,"esf"
589,"471658","ESF 0614/04 - VALE DOS PINHEIROS",NULL,5,25,68,81,NULL,True,"esf"
590,"471666","ESF 0612/14 - SERRA AZUL",NULL,5,25,51,74,NULL,True,"esf"
591,"471674","ESF 0616/06 - VALE DAS ACÁCIAS",NULL,5,25,106,81,NULL,True,"esf"
592,"471682","EQUIPE 05 - AMARELA - AREA 0646",NULL,7,26,96,75,NULL,True,"esf"
593,"471690","EQUIPE 01 - VERMELHA - AREA 0642",NULL,7,26,28,26,NULL,True,"esf"
594,"471704","EQUIPE 01 - ROXA - AREA 0643",NULL,7,26,52,45,NULL,True,"esf"
595,"471712","EQUIPE 06 - VERDE - AREA 0644",NULL,7,26,69,57,NULL,True,"esf"
596,"471747","EQUIPE 07 - AZUL - AREA 0648",NULL,7,26,117,88,NULL,True,"esf"
597,"471755","EQUIPE 08 - LARANJA - AREA 0649",NULL,7,26,127,92,NULL,True,"esf"
598,"471763","EQUIPE 01 - BRANCA - AREA 0001",NULL,7,1,31,3,NULL,True,"esf"
404,"469122"," EQUIPE 203-01",NULL,8,20,120,65,NULL,True,"esf"
495,"470252","EQUIPE 01",NULL,3,17,45,38,NULL,True,"esf"
599,"0471739","EQUIPE 08 - LARANJA - AREA 0647",NULL,7,26,107,82,NULL,True,"esf"
601,"2176009"," EQUIPE 07",NULL,3,8,12,12,NULL,True,"esf"
600,"2235161"," EQUIPE 05",NULL,3,17,21,20,NULL,True,"esf"
347,"468401","EQUIPE CANTINHO DA SAÚDE ",NULL,2,10,82,14,NULL,True,"esf"
39,"1609483","EQUIPE 244-23",NULL,8,7,85,69,NULL,True,"esf"
207,"1668986"," EQ 15 - DOURADA",NULL,4,12,17,17,NULL,True,"esf"
442,"469645"," ESF 0374/38 - BORBOLETA AZUL",NULL,5,14,112,36,NULL,True,"esf"
53,"1619098","EQUIPE 531-14/ A",NULL,8,20,48,42,NULL,True,"esf"
200,"1668625","EQUIPE 543-26/ H",NULL,8,20,48,42,NULL,True,"esf"
549,"471054","EQUIPE 524-07",NULL,8,20,48,42,NULL,True,"esf"
162,"1665219","  EQUIPE 4 - BRANCA ÁREA 0118",NULL,6,4,156,101,NULL,True,"esf"
554," 0471100"," EQUIPE 518-01",NULL,8,20,115,80,NULL,True,"esf"
