-- -------------------------------------------------------------
-- TablePlus 5.3.8(500)
--
-- https://tableplus.com/
--
-- Database: postgres
-- Generation Time: 2023-07-27 13:34:24.3320
-- -------------------------------------------------------------


DROP TABLE IF EXISTS "public"."equipe";
-- This script only contains the table creation statements and does not fully represent the table in the database. It's still missing: indices, triggers. Do not use it as a backup.

-- Sequence and defined type
CREATE SEQUENCE IF NOT EXISTS equipe_id_seq;

-- Table Definition
CREATE TABLE "public"."equipe" (
    "id" int4 NOT NULL DEFAULT nextval('equipe_id_seq'::regclass),
    "nome" varchar(45) NOT NULL,
    "ubs_id" int4 NOT NULL,
    "tx_ine" varchar(100),
    "ciclo_1" varchar(100),
    "equipe" varchar(100),
    PRIMARY KEY ("id")
);

DROP TABLE IF EXISTS "public"."gsap";
-- This script only contains the table creation statements and does not fully represent the table in the database. It's still missing: indices, triggers. Do not use it as a backup.

-- Sequence and defined type
CREATE SEQUENCE IF NOT EXISTS gsap_id_seq;

-- Table Definition
CREATE TABLE "public"."gsap" (
    "id" int4 NOT NULL DEFAULT nextval('gsap_id_seq'::regclass),
    "nome" varchar(100) NOT NULL,
    "regiao_admin_id" int4,
    PRIMARY KEY ("id")
);

DROP TABLE IF EXISTS "public"."regiao_admin";
-- This script only contains the table creation statements and does not fully represent the table in the database. It's still missing: indices, triggers. Do not use it as a backup.

-- Sequence and defined type
CREATE SEQUENCE IF NOT EXISTS regiao_admin_id_seq;

-- Table Definition
CREATE TABLE "public"."regiao_admin" (
    "id" int4 NOT NULL DEFAULT nextval('regiao_admin_id_seq'::regclass),
    "nome" varchar(45) NOT NULL,
    "regiao_saude_id" int4,
    PRIMARY KEY ("id")
);

DROP TABLE IF EXISTS "public"."regiao_saude";
-- This script only contains the table creation statements and does not fully represent the table in the database. It's still missing: indices, triggers. Do not use it as a backup.

-- Sequence and defined type
CREATE SEQUENCE IF NOT EXISTS regiao_saude_id_seq;

-- Table Definition
CREATE TABLE "public"."regiao_saude" (
    "id" int4 NOT NULL DEFAULT nextval('regiao_saude_id_seq'::regclass),
    "nome" varchar(45) NOT NULL,
    "sigla" varchar(10),
    PRIMARY KEY ("id")
);

DROP TABLE IF EXISTS "public"."ubs";
-- This script only contains the table creation statements and does not fully represent the table in the database. It's still missing: indices, triggers. Do not use it as a backup.

-- Sequence and defined type
CREATE SEQUENCE IF NOT EXISTS ubs_id_seq;

-- Table Definition
CREATE TABLE "public"."ubs" (
    "id" int4 NOT NULL DEFAULT nextval('ubs_id_seq'::regclass),
    "nome" varchar(100) NOT NULL,
    "gsap_id" int4,
    "sigla" varchar(100),
    "cnes" varchar(100),
    "tipo" varchar(100),
    "rural" varchar(100),
    "telefone" varchar(100),
    "endereco" varchar(100),
    "ponto_eletronico" varchar(100),
    "agd_acesso_avancado" varchar(100),
    "agd_ordem_chegada" varchar(100),
    "agd_bloco_horas" varchar(100),
    "agd_horario_marcado" varchar(100),
    "agd_turno" varchar(100),
    "realiza_ecg_ubs" varchar(100),
    "farmaciafornecimento_usuarios" varchar(100),
    "presenca_supervisao_farmaceutico" varchar(100),
    "dispensacao_psicotropico" varchar(100),
    "coleta_laboratorial" varchar(100),
    "imunizacao" varchar(100),
    "horario_funcionamento_sala_vacina" varchar(100),
    "bcg" varchar(100),
    "formato_uso_esus_ab" varchar(100),
    "cadeiras_odonto_funcionamento" varchar(100),
    "esf_completas" varchar(100),
    "esf_incompletas" varchar(100),
    "total_esf" varchar(100),
    "total_esb" varchar(100),
    "total_nasf" varchar(100),
    "total_ecr" varchar(100),
    "total_prisional" varchar(100),
    "total_equipe_socio_educativo" varchar(100),
    "nu_min_ent_inloco" varchar(100),
    "tipologia" varchar(100),
    "horario_funcionamento" varchar(100),
    "latitude" varchar(100),
    "longitude" varchar(100),
    PRIMARY KEY ("id")
);

DROP TABLE IF EXISTS "public"."usuario";
-- This script only contains the table creation statements and does not fully represent the table in the database. It's still missing: indices, triggers. Do not use it as a backup.

-- Sequence and defined type
CREATE SEQUENCE IF NOT EXISTS usuario_id_seq;

-- Table Definition
CREATE TABLE "public"."usuario" (
    "id" int4 NOT NULL DEFAULT nextval('usuario_id_seq'::regclass),
    "cpf" varchar(11) NOT NULL,
    "nome" varchar(45) NOT NULL,
    "email" varchar(30) NOT NULL,
    "nivel" varchar(45) NOT NULL,
    PRIMARY KEY ("id")
);

DROP TABLE IF EXISTS "public"."usuario_equipe";
-- This script only contains the table creation statements and does not fully represent the table in the database. It's still missing: indices, triggers. Do not use it as a backup.

-- Table Definition
CREATE TABLE "public"."usuario_equipe" (
    "id_usuario" int4 NOT NULL,
    "id_equipe" int4 NOT NULL,
    PRIMARY KEY ("id_usuario","id_equipe")
);

INSERT INTO "public"."equipe" ("id", "nome", "ubs_id", "tx_ine", "ciclo_1", "equipe") VALUES
(1, 'EQUIPE SAFIRA', 12, '2272466', 'nan', 'esf'),
(2, 'EQUIPE CRISTAL', 12, '2272458', 'nan', 'esf'),
(3, 'EQUIPE AMETISTA', 12, '2272431', 'nan', 'esf'),
(4, 'EQUIPE 07 - VERMELHA - AREA 0699', 60, '17998804', 'nan', 'esf'),
(5, ' EQUIPE 1 - VERMELHA ÁREA 0058', 26, ' 0468657', 'True', 'esf'),
(6, 'UBS2 - EQUIPE 01', 41, ' 1554263', 'True', 'esf'),
(7, ' ESB CINZA', 6, ' 2062763', 'False', 'esb'),
(8, 'ESF 2005/50 - CINZA - PL', 63, '2259206', 'False', 'esf'),
(9, 'ESF 2006/51 - VIOLETA - PL', 63, '2259214', 'False', 'esf'),
(10, 'ESF 09 - UBS 10 SAM - ÁREA 3235', 102, '2239965', 'False', 'esf'),
(11, 'EQUIPE 1224/60', 113, '2193949', 'False', 'esf'),
(12, 'EQUIPE 1225/61', 23, '2236168', 'False', 'esf'),
(13, 'EQUIPE 1226/62', 128, '2198908', 'False', 'esf'),
(14, 'EQUIPE 3 - AMARELA', 134, '2235196', 'True', 'esf'),
(15, 'EQUIPE 5 - ROXA', 134, '2235218', 'True', 'esf'),
(16, ' EQUIPE 17', 114, ' 2268817', 'nan', 'esf'),
(17, ' EQUIPE 2 - VINHA ÁREA 0122', 26, ' 2018160', 'True', 'esf'),
(18, ' UBS2 - EQUIPE 02', 41, ' 1670441', 'True', 'esf'),
(19, ' EQUIPE 07', 50, ' ', 'nan', 'esf'),
(20, 'EQUIPE 1201/43', 37, '1880160', 'False', 'esb'),
(21, 'EQUIPE 1202/44', 49, '1880233', 'False', 'esb'),
(22, 'eNASF-AB Ipê Amarelo', 31, '2068877', 'False', 'nasf'),
(23, 'EQUIPE 05', 50, '2063433', 'True', 'esf'),
(24, 'EQUIPE 6 - VIOLETA', 72, '2235188', 'True', 'esf'),
(25, 'EQUIPE ARATICUM', 4, '2203103', 'False', 'esb'),
(26, 'EQUIPE INGÁ', 4, '2203111', 'False', 'esb'),
(27, 'EQUIPE LÍRIO', 142, '2203138', 'False', 'esb'),
(28, 'EQUIPE RUBI', 12, '2203073', 'False', 'esb'),
(29, 'EQUIPE ESTRELA', 85, '2203057', 'False', 'esb'),
(30, 'EQUIPE LARANJA', 86, '2203022', 'False', 'esb'),
(31, 'EQUIPE LILÁS', 86, '2203030', 'False', 'esb'),
(32, 'EQUIPE ROSA', 86, '2203049', 'False', 'esb'),
(33, 'EQUIPE VERMELHA', 28, '2203065', 'False', 'esb'),
(34, 'EQUIPE HARMONIA', 110, '2203081', 'False', 'esb'),
(35, 'ESB 1', 126, '2117762', 'False', 'esb'),
(36, 'ESB 2', 126, '2117797', 'False', 'esb'),
(37, 'ESB 01', 10, '2117312', 'False', 'esb'),
(38, 'ESB 02', 10, '2117320', 'False', 'esb'),
(39, 'ESB 03', 10, '2117339', 'False', 'esb'),
(40, 'ESB 01', 40, '2117371', 'False', 'esb'),
(41, 'ESB 02', 40, '2117452', 'False', 'esb'),
(42, 'ESB 03', 40, '2117479', 'False', 'esb'),
(43, 'ESB 01', 50, '2117525', 'False', 'esb'),
(44, 'ESB 02', 50, '2117533', 'False', 'esb'),
(45, 'ESB 03', 50, '2117541', 'False', 'esb'),
(46, 'ESB 04', 50, '2117576', 'False', 'esb'),
(47, 'ESB 01', 61, '2171708', 'False', 'esb'),
(48, 'ESB 01', 14, '2117681', 'False', 'esb'),
(49, 'ESB 02', 14, '2117703', 'False', 'esb'),
(50, 'EQUIPE 1207/49', 68, '1880934', 'False', 'esb'),
(51, 'ESB', 41, '2117711', 'False', 'esb'),
(52, 'ESB 01', 149, '2117894', 'False', 'esb'),
(53, 'ESB 02', 17, '2117843', 'False', 'esb'),
(54, 'ESB 01', 17, '2117819', 'False', 'esb'),
(55, 'ESB 03', 17, '2117878', 'False', 'esb'),
(56, 'ESB 01', 35, '2117886', 'False', 'esb'),
(57, 'ESB 03', 18, '2117908', 'False', 'esb'),
(58, 'ESB 04', 18, '2117916', 'False', 'esb'),
(59, 'ESB 06', 18, '2117932', 'False', 'esb'),
(60, 'ESB 01', 65, '2117924', 'False', 'esb'),
(61, 'ESB 01', 7, '2117606', 'False', 'esb'),
(62, 'ESB 02', 7, '2117622', 'False', 'esb'),
(63, 'ESB 03', 7, '2117630', 'False', 'esb'),
(64, 'ESB 04', 7, '2117649', 'False', 'esb'),
(65, 'ESB 05', 7, '2117665', 'False', 'esb'),
(66, 'ESB 04', 143, '2117673', 'False', 'esb'),
(67, 'ESB 2 ITAPOÃ', 11, '1909851', 'False', 'esb'),
(68, 'ESB 1 ITAPOÃ', 11, '1909827', 'False', 'esb'),
(69, 'ESB 3 ITAPOÃ', 11, '1909916', 'False', 'esb'),
(70, 'ESB 4 ITAPOÃ', 11, '1909940', 'False', 'esb'),
(71, 'ESB 5 ITAPOÃ', 11, '1909991', 'False', 'esb'),
(72, 'ESB 6 ITAPOÃ', 95, '1910035', 'False', 'esb'),
(73, 'ESB 7 ITAPOÃ', 51, '1910051', 'False', 'esb'),
(74, 'ESB 8 ITAPOÃ', 51, '1910086', 'False', 'esb'),
(75, 'ESB 22', 80, '2018950', 'False', 'esb'),
(76, 'ESB 1 PARANOÁ', 15, '1905716', 'False', 'esb'),
(77, 'ESB 2 PARANOÁ', 15, '1905872', 'False', 'esb'),
(78, 'ESB 3 PARANOÁ', 15, '1905902', 'False', 'esb'),
(79, 'ESB 4 PARANOÁ', 15, '1905953', 'False', 'esb'),
(80, 'ESB 5 PARANOÁ', 15, '1906046', 'False', 'esb'),
(81, 'ESB QD 18', 109, '1906135', 'False', 'esb'),
(82, 'ESB 1 PARANOÁ PARQUE', 52, '1906240', 'False', 'esb'),
(83, 'ESB 2 PARANOÁ PARQUE', 52, '1909371', 'False', 'esb'),
(84, 'ESB 3 PARANOÁ PARQUE', 52, '1909444', 'False', 'esb'),
(85, 'ESB QUEBRADA DOS NERES', 69, '1909568', 'False', 'esb'),
(86, 'ESB CARIRU', 93, '1909584', 'False', 'esb'),
(87, 'ESB CAFÉ SEM TROCO', 82, '1909746', 'False', 'esb'),
(88, 'ESB PADDF', 166, '1909797', 'False', 'esb'),
(89, 'ESB 1 SÃO SEBASTIÃO', 138, '1910116', 'False', 'esb'),
(90, 'ESB 2 SÃO SEBASTIÃO', 138, '1910140', 'False', 'esb'),
(91, 'ESB 3 SÃO SEBASTIÃO', 138, '1910167', 'False', 'esb'),
(92, 'ESB 4 SÃO SEBASTIÃO', 138, '1910183', 'False', 'esb'),
(93, 'ESB 5 SÃO SEBASTIÃO', 138, '1910221', 'False', 'esb'),
(94, 'ESB 6 SÃO SEBASTIÃO', 138, '1910248', 'False', 'esb'),
(95, 'ESB 9 SÃO SEBASTIÃO', 138, '1910302', 'False', 'esb'),
(96, 'ESB OESTE SSB', 57, '1910345', 'False', 'esb'),
(97, 'ESB NOVA BETÂNIA SSB', 152, '1910361', 'False', 'esb'),
(98, 'ESB BOSQUE 1 SSB', 31, '1910485', 'False', 'esb'),
(99, 'ESB BÁLSAMO', 144, '2062569', 'False', 'esb'),
(100, 'ESB JERIVÁ', 112, '2062550', 'False', 'esb'),
(101, 'ESB MICO-LEÃO-DOURADO', 16, '2062887', 'False', 'esb'),
(102, 'ESB ORQUÍDEA', 42, '2062895', 'False', 'esb'),
(103, 'ESB AZALÉIA', 42, '2062909', 'False', 'esb'),
(104, 'ESB DÁLIA', 42, '2062917', 'False', 'esb'),
(105, 'ESB VALERIANA', 63, '2062925', 'False', 'esb'),
(106, 'ESB SÁLVIA', 63, '2062933', 'False', 'esb'),
(107, 'ESB CAMOMILA', 63, '2062941', 'False', 'esb'),
(108, '  eNASF-AB', 12, 'SEM INE', 'nan', 'nasf'),
(109, 'ESF 0610/02 - LOBEIRA', 112, '471593', 'True', 'esf'),
(110, 'ESB MARCELA', 63, '2062968', 'False', 'esb'),
(111, 'ESB GARÇA', 70, '2062976', 'False', 'esb'),
(112, 'ESB TRINCA-FERRO', 70, '2062984', 'False', 'esb'),
(113, 'ESB FÊNIX', 70, '2062992', 'False', 'esb'),
(114, 'ESB CORUJA - PL', 70, '2063026', 'False', 'esb'),
(115, 'ESB FALCÃO', 70, '2063034', 'False', 'esb'),
(116, 'ESB TUCANO - PL', 70, '2063042', 'False', 'esb'),
(117, 'ESB UNIVERSO', 162, '2063050', 'False', 'esb'),
(118, 'ESB LIBÉLULA', 29, '2063069', 'False', 'esb'),
(119, 'ESB TAQUARA', 101, '2063077', 'False', 'esb'),
(120, 'ESB UOM', 106, '2177013', 'False', 'esb'),
(121, 'ESB JARDIM MORUMBI', 122, '2063085', 'False', 'esb'),
(122, 'ESB GAMA', 147, '2063093', 'False', 'esb'),
(123, 'EQUIPE 1206/48', 68, '1880632', 'False', 'esb'),
(124, 'ESB ANDORINHA - SOB', 88, '2062577', 'False', 'esb'),
(125, 'ESB GAIVOTA - SOB', 88, '2062585', 'False', 'esb'),
(126, 'ESB CANÁRIO - SOB', 88, '2062593', 'False', 'esb'),
(127, 'ESB TUCANO - SOB', 88, '2062607', 'False', 'esb'),
(128, 'ESB ÔNIX', 44, '2062615', 'False', 'esb'),
(129, 'ESB ÁGATA', 44, '2062623', 'False', 'esb'),
(130, 'ESB OPALA', 44, '2062658', 'False', 'esb'),
(131, 'ESB CRISTAL', 44, '2062666', 'False', 'esb'),
(132, 'ESB FLAMBOYANT', 58, '2062674', 'False', 'esb'),
(133, 'ESB CEREJEIRA', 58, '2062682', 'False', 'esb'),
(134, 'ESB JACARANDÁ', 58, '2062690', 'False', 'esb'),
(135, 'ESB HARAS DO SOL', 92, '2062704', 'False', 'esb'),
(136, 'ESB BASEVI', 48, '2062712', 'False', 'esb'),
(137, 'ESB FLOR DO CERRADO', 77, '2062720', 'False', 'esb'),
(138, 'ESB SALMÃO', 139, '2062747', 'False', 'esb'),
(139, 'ESB LILÁS - SOB', 139, '2062755', 'False', 'esb'),
(140, 'ESB MARSALA', 139, '2062771', 'False', 'esb'),
(141, 'ESB LÍRIO', 45, '2062801', 'False', 'esb'),
(142, 'ESB BEM-ME-QUER', 45, '2062828', 'False', 'esb'),
(143, 'ESB ERVA-DOCE', 45, '2062836', 'False', 'esb'),
(144, 'ESB ALECRIM', 45, '2062844', 'False', 'esb'),
(145, 'ESB VALE DOS PINHEIROS', 59, '2062852', 'False', 'esb'),
(146, 'ESB CALIANDRA', 154, '2062860', 'False', 'esb'),
(147, 'ESB DENTE-DE-LEÃO', 124, '2062879', 'False', 'esb'),
(148, 'ESB 1', 134, '2018349', 'False', 'esb'),
(149, 'ESB 2', 134, '2018381', 'False', 'esb'),
(150, 'ESB 2', 155, '0468517', 'False', 'esb'),
(151, 'ESB 3', 155, '2018446', 'False', 'esb'),
(152, 'ESB 43', 155, '2156253', 'False', 'esb'),
(153, 'ESB 4', 161, '2018527', 'False', 'esb'),
(154, 'ESB 5', 100, '2018578', 'False', 'esb'),
(155, 'ESB 6', 22, '2018586', 'False', 'esb'),
(156, 'ESB 7', 127, '2018594', 'False', 'esb'),
(157, 'ESB 8', 127, '2018608', 'False', 'esb'),
(158, 'ESB 9', 34, '2018624', 'False', 'esb'),
(159, 'ESB 10', 34, '2018659', 'False', 'esb'),
(160, 'ESB 11', 34, '2018667', 'False', 'esb'),
(161, 'ESB 12', 111, '2018683', 'False', 'esb'),
(162, 'ESB 13', 111, '2018691', 'False', 'esb'),
(163, 'ESB 14', 111, '2018721', 'False', 'esb'),
(164, 'ESB 42', 13, '2019310', 'False', 'esb'),
(165, 'ESB 15', 67, '2018764', 'False', 'esb'),
(166, 'ESB 16', 67, '2018772', 'False', 'esb'),
(167, 'ESB 17', 72, '2018829', 'False', 'esb'),
(168, 'ESB 18', 72, '2018853', 'False', 'esb'),
(169, 'ESB 19', 72, '2018926', 'False', 'esb'),
(170, 'ESB 20', 72, '2018934', 'False', 'esb'),
(171, 'ESB 21', 80, '2018942', 'False', 'esb'),
(172, 'ESB 23', 80, '2018969', 'False', 'esb'),
(173, 'ESB 24', 132, '2018977', 'False', 'esb'),
(174, 'ESB 25', 132, '2018985', 'False', 'esb'),
(175, 'ESB 26', 132, '2018993', 'False', 'esb'),
(176, 'ESB 28', 97, '2019027', 'False', 'esb'),
(177, 'ESB 29', 97, '2019043', 'False', 'esb'),
(178, 'ESB 30', 33, '2019051', 'False', 'esb'),
(179, 'ESB 31', 33, '2019078', 'False', 'esb'),
(180, 'ESB 44', 33, '2156288', 'False', 'esb'),
(181, 'ESB 32', 104, '2019094', 'False', 'esb'),
(182, 'ESB 33', 104, '2019108', 'False', 'esb'),
(183, 'ESB 34', 104, '2019116', 'False', 'esb'),
(184, 'ESB 35', 116, '2019124', 'False', 'esb'),
(185, 'ESB 36', 39, '2019140', 'False', 'esb'),
(186, 'ESB 37', 107, '2019175', 'False', 'esb'),
(187, 'ESB 38', 121, '2019191', 'False', 'esb'),
(188, 'ESB 39', 121, '2019213', 'False', 'esb'),
(189, 'ESB 40', 121, '2019272', 'False', 'esb'),
(190, 'ESB 41', 121, '2019280', 'False', 'esb'),
(191, 'ESB 01 - UBS 01 AC', 135, '1917994', 'False', 'esb'),
(192, 'ESB 02 - UBS 01 AC', 135, '1918281', 'False', 'esb'),
(193, 'ESB 03 - UBS 01 AC', 135, '1918346', 'False', 'esb'),
(194, 'ESB 01 - UBS 02 AC', 158, '2064146', 'False', 'esb'),
(195, 'ESB 01 - UBS 01 REC', 136, '2064316', 'False', 'esb'),
(196, 'ESB 02 - UBS 01 REC', 136, '2064324', 'False', 'esb'),
(197, 'ESB 03 - UBS 01 REC', 136, '2064332', 'False', 'esb'),
(198, 'ESB 02 - UBS 02 REC', 89, '2064340', 'False', 'esb'),
(199, 'ESB 03 - UBS 02 REC', 89, '2064359', 'False', 'esb'),
(200, 'ESB 04 - UBS 02 REC', 89, '2064367', 'False', 'esb'),
(201, 'ESB 01 - UBS 03 REC', 53, '1925083', 'False', 'esb'),
(202, 'ESB 02 - UBS 03 REC', 53, '1925172', 'False', 'esb'),
(203, 'ESB 03 - UBS 03 REC', 53, '1925326', 'False', 'esb'),
(204, 'ESB 04 - UBS 03 REC', 53, '1925393', 'False', 'esb'),
(205, 'ESB 05 - UBS 03 REC', 53, '1925504', 'False', 'esb'),
(206, 'ESB 06 - UBS 03 REC', 53, '1925571', 'False', 'esb'),
(207, 'ESB 07 - UBS 03 REC', 53, '1925628', 'False', 'esb'),
(208, 'ESB 01 - UBS 04 REC', 64, '1925660', 'False', 'esb'),
(209, 'ESB 02 - UBS 04 REC', 64, '1925717', 'False', 'esb'),
(210, 'ESB 03 - UBS 04 REC', 64, '1925733', 'False', 'esb'),
(211, 'ESB 04 - UBS 04 REC', 64, '2064375', 'False', 'esb'),
(212, 'ESB 05 - UBS 04 REC', 64, '2064383', 'False', 'esb'),
(213, 'ESB 01 - UBS 05 REC', 160, '1924982', 'False', 'esb'),
(214, 'ESB 01 - UBS 07 REC', 156, '1925830', 'False', 'esb'),
(215, 'ESB 01 - UBS 10 REC', 3, '1924931', 'False', 'esb'),
(216, 'ESB 01 - UBS 01 SAM', 19, '2138468', 'False', 'esb'),
(217, 'ESB 01 - UBS 02 SAM', 159, '1923676', 'False', 'esb'),
(218, 'ESB 02 - UBS 02 SAM', 159, '1923692', 'False', 'esb'),
(219, 'ESB 03 - UBS 02 SAM', 159, '2064154', 'False', 'esb'),
(220, 'ESB 04 - UBS 02 SAM', 159, '2064162', 'False', 'esb'),
(221, 'ESB 05 - UBS 02 SAM', 159, '2064170', 'False', 'esb'),
(222, 'ESB 06 - UBS 02 SAM', 159, '2064189', 'False', 'esb'),
(223, 'ESB 07 - UBS 02 SAM', 159, '2064197', 'False', 'esb'),
(224, 'ESB 01 - UBS 03 SAM', 55, '1923803', 'False', 'esb'),
(225, 'ESB 03 - UBS 03 SAM', 55, '2064219', 'False', 'esb'),
(226, 'ESB 01 - UBS 04 SAM', 66, '1923846', 'False', 'esb'),
(227, 'ESB 02 - UBS 04 SAM', 66, '1923870', 'False', 'esb'),
(228, 'ESB 03 - UBS 04 SAM', 66, '1923900', 'False', 'esb'),
(229, 'ESB 01 - UBS 05 SAM', 71, '1924273', 'False', 'esb'),
(230, 'ESB 02 - UBS 05 SAM', 71, '2064243', 'False', 'esb'),
(231, 'ESB 03 - UBS 05 SAM', 71, '2064251', 'False', 'esb'),
(232, 'ESB 04 - UBS 05 SAM', 71, '2064278', 'False', 'esb'),
(233, 'ESB 01 - UBS 06 SAM', 74, '1924400', 'False', 'esb'),
(234, 'ESB 02 - UBS 06 SAM', 74, '1924443', 'False', 'esb'),
(235, 'ESB 03 - UBS 06 SAM', 74, '1924478', 'False', 'esb'),
(236, 'ESB 01 - UBS 07 SAM', 84, '1924508', 'False', 'esb'),
(237, 'ESB 02 - UBS 07 SAM', 84, '1924540', 'False', 'esb'),
(238, 'ESB 03 - UBS 07 SAM', 84, '1924575', 'False', 'esb'),
(239, 'ESB 04 - UBS 07 SAM', 84, '1924605', 'False', 'esb'),
(240, 'ESB 05 - UBS 07 SAM', 84, '1924613', 'False', 'esb'),
(241, 'ESB 01 - UBS 08 SAM', 133, '1924656', 'False', 'esb'),
(242, 'ESB 02 - UBS 08 SAM', 133, '1924702', 'False', 'esb'),
(243, 'ESB 03 - UBS 08 SAM', 133, '2064286', 'False', 'esb'),
(244, 'ESB 02 - UBS 11 SAM', 157, '2064200', 'False', 'esb'),
(245, 'ESB 03 - UBS 11 SAM', 157, '2064227', 'False', 'esb'),
(246, 'ESB 01 - UBS 11 SAM', 157, '2064294', 'False', 'esb'),
(247, 'ESB 04 - UBS11 SAM', 157, '2235153', 'False', 'esb'),
(248, 'ESB 01 - UBS 12 SAM', 119, '1924753', 'False', 'esb'),
(249, 'ESB 02 - UBS 12 SAM', 119, '1924796', 'False', 'esb'),
(250, 'ESB 03 - UBS 12 SAM', 119, '1924834', 'False', 'esb'),
(251, 'ESB 04 - UBS 12 SAM', 119, '1924869', 'False', 'esb'),
(252, 'ESB 05 - UBS 12 SAM', 119, '2064308', 'False', 'esb'),
(253, 'ESB 01 - UBS 01 TAG', 140, '1918389', 'False', 'esb'),
(254, 'ESB 02 - UBS 01 TAG', 140, '1918478', 'False', 'esb'),
(255, 'ESB 03 - UBS 01 TAG', 140, '1918508', 'False', 'esb'),
(256, 'ESB 01 - UBS 02 TAG', 46, '1918621', 'False', 'esb'),
(257, 'ESB 02 - UBS 02 TAG', 46, '1918788', 'False', 'esb'),
(258, 'ESB 03 - UBS 02 TAG', 46, '2064022', 'False', 'esb'),
(259, 'ESB 04 - UBS 02 TAG', 46, '2064030', 'False', 'esb'),
(260, 'ESB 01 - UBS 03 TAG', 60, '1923412', 'False', 'esb'),
(261, 'ESB 02 - UBS 03 TAG', 60, '1923447', 'False', 'esb'),
(262, 'ESB 01 - UBS 05 TAG', 153, '1923471', 'False', 'esb'),
(263, 'ESB 02 - UBS 05 TAG', 153, '1923501', 'False', 'esb'),
(264, 'ESB 03 - UBS 05 TAG', 153, '2064049', 'False', 'esb'),
(265, 'ESB 01 - UBS 06 TAG', 79, '1923544', 'False', 'esb'),
(266, 'ESB 02 - UBS 06 TAG', 79, '1923552', 'False', 'esb'),
(267, 'ESB 03 - UBS 06 TAG', 79, '2064057', 'False', 'esb'),
(268, 'ESB 01 - UBS 07 TAG', 129, '1923560', 'False', 'esb'),
(269, 'ESB 02 - UBS 07 TAG', 129, '2064065', 'False', 'esb'),
(270, 'ESB 03 - UBS 07 TAG', 129, '2064073', 'False', 'esb'),
(271, 'ESB 01 - UBS 08 TAG', 96, '1923617', 'False', 'esb'),
(272, 'ESB 02 - UBS 08 TAG', 96, '1923625', 'False', 'esb'),
(273, 'ESB 03 - UBS 08 TAG', 96, '2064081', 'False', 'esb'),
(274, 'ESB 01 - UBS 01 VP', 141, '1917870', 'False', 'esb'),
(275, 'ESB 02 - UBS 01 VP', 141, '2064103', 'False', 'esb'),
(276, 'ESB 03 - UBS 01 VP', 141, '2064111', 'False', 'esb'),
(277, 'EQUIPE 252/40', 9, '1879979', 'False', 'esb'),
(278, 'EQUIPE 1223/59', 9, '2220784', 'False', 'esb'),
(279, 'EQUIPE 1230/66', 9, '2256789', 'False', 'esb'),
(280, 'EQUIPE 253/41', 37, '1880055', 'False', 'esb'),
(281, 'EQUIPE 1200/42', 37, '1880128', 'False', 'esb'),
(282, 'EQUIPE 1203/45', 49, '1880330', 'False', 'esb'),
(283, 'EQUIPE 1204/46', 49, '1880411', 'False', 'esb'),
(284, 'EQUIPE 1205/47', 113, '1880489', 'False', 'esb'),
(285, 'EQUIPE 1221/57', 113, '2170914', 'False', 'esb'),
(286, 'EQUIPE 1231/67', 113, '2256797', 'False', 'esb'),
(287, 'EQUIPE 1232/68', 68, '2256800', 'False', 'esb'),
(288, 'EQUIPE 1209/51', 73, '1881051', 'False', 'esb'),
(289, 'EQUIPE 1222/58', 73, '2169002', 'False', 'esb'),
(290, 'EQUIPE 1228/64', 137, '2235846', 'False', 'esb'),
(291, 'EQUIPE 1208/50', 105, '1881019', 'False', 'esb'),
(292, 'EQUIPE 1212/53', 117, '1881329', 'False', 'esb'),
(293, 'EQUIPE 552/33', 20, '1879731', 'False', 'esb'),
(294, 'EQUIPE 553/34', 20, '1879774', 'False', 'esb'),
(295, 'EQUIPE 554/35', 20, '1879820', 'False', 'esb'),
(296, 'EQUIPE 555/36', 20, '1879898', 'False', 'esb'),
(297, 'EQUIPE 0026/39', 20, '2125358', 'False', 'esb'),
(298, 'EQUIPE 0027/40', 20, '2125366', 'False', 'esb'),
(299, 'EQUIPE 540/20', 23, '1879448', 'False', 'esb'),
(300, 'EQUIPE 540/00', 23, '1879588', 'False', 'esb'),
(301, 'EQUIPE 550/01', 23, '1879650', 'False', 'esb'),
(302, 'EQUIPE 551/32', 23, '1879693', 'False', 'esb'),
(303, 'EQUIPE 1229/65', 23, '2256770', 'False', 'esb'),
(304, 'EQUIPE 3400/38', 56, '1881264', 'False', 'esb'),
(305, 'EQUIPE 1220/56', 151, '2167697', 'False', 'esb'),
(306, 'EQUIPE 1210/37', 36, '1881132', 'False', 'esb'),
(307, 'ESB MOSTARDA', 6, '2062798', 'False', 'esb'),
(308, 'eNASF-AB Aroeira', 15, '1668293', 'False', 'nasf'),
(309, 'eNASF-AB Caliandra', 52, '1668307', 'False', 'nasf'),
(310, 'eNASF-AB Prisma', 11, '0469467', 'False', 'nasf'),
(311, 'eNASF-AB Palipalan', 109, 'SEM INE', 'False', 'nasf'),
(312, 'eNASF-AB Rubi', 2, 'SEM INE', 'False', 'nasf'),
(313, 'eNASF-AB', 49, 'SEM INE', 'False', 'nasf'),
(314, ' eNASF-AB', 86, 'SEM INE', 'False', 'nasf'),
(315, '  eNASF-AB Vila Planalto', 47, '1670638', 'False', 'nasf'),
(316, ' eNASF-AB', 85, 'SEM INE', 'False', 'nasf'),
(317, ' eNASF-AB', 28, 'SEM INE', 'False', 'nasf'),
(318, ' eNASF-AB', 46, '2167190', 'False', 'nasf'),
(319, ' eNASF-AB', 79, '0470503', 'False', 'nasf'),
(320, ' eNASF-AB', 157, '0470678', 'False', 'nasf'),
(321, ' eNASF-AB', 96, '0470759', 'False', 'nasf'),
(322, 'eNASF-AB', 153, '0470791', 'False', 'nasf'),
(323, 'eNASF-AB', 84, '1669230', 'False', 'nasf'),
(324, ' eNASF-AB', 53, '1669192', 'False', 'nasf'),
(325, ' eNASF-AB', 71, 'SEM INE', 'False', 'nasf'),
(326, ' eNASF-AB', 89, 'SEM INE', 'False', 'nasf'),
(327, ' eNASF-AB', 60, '1685422', 'False', 'nasf'),
(328, 'eNASF-AB', 64, '1669206', 'False', 'nasf'),
(329, 'eNASF-AB', 159, '2167204', 'False', 'nasf'),
(330, 'eNASF-AB', 141, '1805827', 'False', 'nasf'),
(331, 'eNASF-AB', 135, '1669222', 'False', 'nasf'),
(332, 'eNASF-AB', 140, '1669214', 'False', 'nasf'),
(333, 'eNASF-AB Jacarandá', 138, '1668315', 'False', 'nasf'),
(334, '  eNASF-AB Varjão', 110, '1670646', 'False', 'nasf'),
(335, 'eNASF-AB', 142, 'SEM INE', 'False', 'nasf'),
(336, 'eNASF-AB', 4, 'SEM INE', 'False', 'nasf'),
(337, 'eNASF-AB', 23, '2244497', 'False', 'nasf'),
(338, 'eNASF-AB', 20, '1685430', 'False', 'nasf'),
(339, 'eNASF-AB', 9, '1474251', 'False', 'nasf'),
(340, 'eNASF-AB', 73, '0468894', 'False', 'nasf'),
(341, 'eNASF-AB', 126, '2208288', 'False', 'nasf'),
(342, 'eNASF-AB UBS 2', 143, '2263394', 'False', 'nasf'),
(343, 'eNASF-AB', 50, '1672835', 'False', 'nasf'),
(344, ' eNASF-AB UBS 1', 18, '0470392', 'False', 'nasf'),
(345, 'eNASF-AB', 14, '1672819', 'False', 'nasf'),
(346, 'eNASF-AB', 40, 'SEM INE', 'False', 'nasf'),
(347, 'eNASF-AB', 10, '1672827', 'False', 'nasf'),
(348, ' eNASF-AB', 32, 'SEM INE', 'False', 'nasf'),
(349, 'eNASF-AB', 114, 'SEM INE', 'False', 'nasf'),
(350, 'eNASF-AB', 17, '2068516', 'False', 'nasf'),
(351, 'eNasf-AB Primavera', 72, '1663933', 'False', 'nasf'),
(352, 'eNASF-AB UBS 1', 7, '1469568', 'False', 'nasf'),
(353, 'eNASF-AB Caliandra', 112, 'SEM INE', 'False', 'nasf'),
(354, 'eNASF-AB Cegonha', 70, '0470015', 'False', 'nasf'),
(355, 'eNASF-AB Flor de Lótus', 124, '1614592', 'False', 'nasf'),
(356, 'eNASF-AB Ágape', 63, '1600737', 'False', 'nasf'),
(357, 'eNASF-AB Flores do Cerrado', 58, 'SEM INE', 'False', 'nasf'),
(358, 'eNASF-AB Planaltina', 42, 'SEM INE', 'False', 'nasf'),
(359, 'eNASF-AB', 33, '1669435', 'False', 'nasf'),
(360, 'eNASF-AB', 116, '1672045', 'False', 'nasf'),
(361, 'eNASF-AB', 34, '1676199', 'False', 'nasf'),
(362, 'eNASF-AB', 132, '1611461', 'False', 'nasf'),
(363, 'eNASF-AB', 134, '1511238', 'False', 'nasf'),
(364, 'eNASF-AB', 80, '1682709', 'False', 'nasf'),
(365, ' EQUIPE 03', 14, '1670417', 'True', 'esf'),
(366, ' EQUIPE 5 - CINZA ÁREA 0113', 116, '1665154', 'True', 'esf'),
(367, 'ESF 03 LILÁS - UBS 09 SAM - AREA 0456', 30, '470937', 'True', 'esf'),
(368, 'ESF 20 VERDE - UBS 03 REC - AREA 0410', 53, '1477617', 'True', 'esf'),
(369, 'ESF 0603/08 - JACARANDÁ', 58, '1478117', 'True', 'esf'),
(370, 'EQUIPE 3 - VERMELHA ÁREA 0062', 32, '1480367', 'True', 'esf'),
(371, 'ESF 15 VERMELHA - UBS 04 REC - AREA 0405', 64, '1482262', 'True', 'esf'),
(372, 'ESF 05 ROSA - UBS 05 SAM - AREA 0458', 71, '1487485', 'True', 'esf'),
(373, 'ESF 25 AZUL - UBS 06 SAM - AREA 0489', 74, '1487493', 'True', 'esf'),
(374, 'EQUIPE 1 - ÁREA 072', 127, '1488635', 'True', 'esf'),
(375, 'EQUIPE 3 - LARANJA ÁREA 73', 111, '1496743', 'True', 'esf'),
(376, 'ESF 22 AZUL - UBS 03 REC - AREA 0412', 53, '1505750', 'True', 'esf'),
(377, 'ESF 48 VERMELHA - UBS 11 SAM - AREA 0516', 157, '1515373', 'True', 'esf'),
(378, 'EQUIPE 214-12', 73, '1515403', 'True', 'esf'),
(379, 'EQUIPE 232/31', 37, '1520571', 'True', 'esf'),
(380, 'EQUIPE 03 - AZUL - AREA 0003', 135, '1549146', 'True', 'esf'),
(381, 'EQUIPE 4 - ROXA ÁREA 0065', 132, '1550586', 'True', 'esf'),
(382, 'EQUIPE 4 - ÁREA 59', 127, '1555642', 'True', 'esf'),
(383, 'ESF 25 AZUL - UBS 01 REC - AREA 0415', 136, '1563300', 'True', 'esf'),
(384, 'EQUIPE 213/11', 9, '1573705', 'True', 'esf'),
(385, 'EQUIPE 216-30', 81, '1574434', 'True', 'esf'),
(386, 'EQUIPE 04', 61, '1575945', 'True', 'esf'),
(387, 'ESF 50 AZUL - UBS 08 SAM - AREA 0459', 133, '1593145', 'True', 'esf'),
(388, 'ESF 0623/16 - IPÊ', 8, '1593439', 'True', 'esf'),
(389, 'ESF 0625/18 - FLOR DE LIS', 124, '1593447', 'True', 'esf'),
(390, 'ESF 0607/07 - JOÃO-DE-BARRO', 88, '1593455', 'True', 'esf'),
(391, 'EQUIPE 3 - ROSA ÁREA 0069', 33, '1600060', 'True', 'esf'),
(392, 'EQUIPE 4 - AZUL ÁREA 0074', 32, '1600621', 'True', 'esf'),
(393, 'EQUIPE 03 - CAVAS DE BAIXO ', 165, '1603426', 'True', 'esf'),
(394, 'EQUIPE 6 - ÁREA 0017', 22, '1614584', 'True', 'esf'),
(395, 'EQUIPE 2 - VERDE ÁREA 0012', 134, '1614606', 'True', 'esf'),
(396, 'ESF 0601/01 - DIAMANTE', 44, '1616390', 'True', 'esf'),
(397, 'ESF 0602/12 - TURQUESA SOB', 44, '1616404', 'True', 'esf'),
(398, 'ESF 0617/02 -  ERVA-DOCE', 45, '1616412', 'True', 'esf'),
(399, 'EQUIPE 217/32', 73, '1616420', 'True', 'esf'),
(400, 'ESF 0348/28 - SUCUPIRA PL', 145, '1616455', 'True', 'esf'),
(401, 'EQUIPE 219-34', 49, '1617788', 'True', 'esf'),
(402, 'EQUIPE 218/33', 49, '1617796', 'True', 'esf'),
(403, 'EQUIPE 02', 150, '1617850', 'True', 'esf'),
(404, 'EQUIPE 220/36', 9, '1618849', 'True', 'esf'),
(405, 'EQUIPE 221/37', 68, '1618873', 'True', 'esf'),
(406, 'EQUIPE 222/35', 113, '1619071', 'True', 'esf'),
(407, 'EQUIPE 223-38', 105, '1620932', 'True', 'esf'),
(408, 'ESF 0380/49 - CALANGO', 16, '1621297', 'True', 'esf'),
(409, 'EQUIPE 02 - LARANJA - AREA 0650', 135, '1621300', 'True', 'esf'),
(410, 'EQUIPE 04 - VERDE - AREA 0651', 135, '1621319', 'True', 'esf'),
(411, 'EQUIPE 05 - AMARELA - AREA 0652', 135, '1621327', 'True', 'esf'),
(412, 'ESF 21 ROXA - UBS 03 REC - AREA 0411', 53, '1621335', 'True', 'esf'),
(413, 'ESF 54 VERDE - UBS 05 SAM - AREA 0460', 71, '1621351', 'True', 'esf'),
(414, 'ESF EQUIPE 14 UBS 07 EQUIPE 0462', 84, '1621378', 'True', 'esf'),
(415, 'ESF EQUIPE 45 - UBS 07 SAM - AREA 0464', 84, '1621408', 'True', 'esf'),
(416, 'ESF 51 AZUL - UBS 07 SAM - AREA 0465', 84, '1621416', 'True', 'esf'),
(417, 'ESF 52 ROXO - UBS 04 SAM - AREA 0466', 66, '1623257', 'True', 'esf'),
(418, 'ESF 53 LARANJA - UBS 04 SAM - AREA 0467', 66, '1623265', 'True', 'esf'),
(419, 'ESF 0383/15 - BEIJA-FLOR', 88, '1623621', 'True', 'esf'),
(420, 'ESF 0381/13 - BEM-TE-VI', 88, '1623648', 'True', 'esf'),
(421, 'ESF 0382/14 - SABIÁ', 88, '1623656', 'True', 'esf'),
(422, 'ESF 07 AZUL - UBS 02 REC - AREA 0417', 89, '1631225', 'True', 'esf'),
(423, 'ESF 26 MARROM - UBS 02 REC - AREA 0418', 89, '1631233', 'True', 'esf'),
(424, 'EQ 12 - VERDE', 11, '1634380', 'True', 'esf'),
(425, 'EQUIPE 03', 51, '1634399', 'True', 'esf'),
(426, 'EQUIPE 4 - AMARELA ÁREA 0075', 33, '1635247', 'True', 'esf'),
(427, 'EQUIPE 5 - CINZA ÁREA 0076', 33, '1635255', 'True', 'esf'),
(428, 'ESF 55 ROSA - UBS 01 REC - AREA 0055', 136, '1635441', 'True', 'esf'),
(429, 'ESF 56 VERDE - UBS 01 REC - AREA 0056', 136, '1635468', 'True', 'esf'),
(430, 'EQUIPE 06 - ROSA - AREA 0655', 135, '1638912', 'True', 'esf'),
(431, 'EQUIPE 01 - LARANJA - AREA 0656', 141, '1638947', 'True', 'esf'),
(432, 'EQUIPE 05', 61, '1641808', 'True', 'esf'),
(433, 'EQUIPE 01', 17, '1641824', 'True', 'esf'),
(434, 'EQUIPE 11', 7, '1641832', 'True', 'esf'),
(435, 'EQUIPE 12', 7, '1641840', 'True', 'esf'),
(436, 'EQUIPE 06 - AMARELA - AREA 0657', 46, '1641859', 'True', 'esf'),
(437, 'EQUIPE 07 - ROSA - AREA 0658', 46, '1641867', 'True', 'esf'),
(438, 'EQUIPE 08 - DOURADA - AREA 0659', 46, '1641875', 'True', 'esf'),
(439, 'EQUIPE 01 - AZUL - AREA 0660', 153, '1641883', 'True', 'esf'),
(440, 'EQUIPE 01 - LILÁS - AREA 0661', 79, '1641891', 'True', 'esf'),
(441, 'EQUIPE 02 - VERMELHA - AREA 0662', 79, '1641905', 'True', 'esf'),
(442, 'EQUIPE 530-13/ D', 23, '1528041', 'True', 'esf'),
(443, 'EQUIPE 01 - ROSA - AREA 0666', 96, '1641921', 'True', 'esf'),
(444, 'EQUIPE 01 - PRATA - AREA 0667', 129, '1641956', 'True', 'esf'),
(445, 'ESF 01 ROSA - UBS 02 REC - AREA 0664', 89, '1641964', 'True', 'esf'),
(446, 'EQUIPE 02 - VIOLETA - AREA 0668', 140, '1641972', 'True', 'esf'),
(447, 'EQ 13 - LILÁS', 15, '1642006', 'True', 'esf'),
(448, 'EQ 14 - MARROM', 15, '1642014', 'True', 'esf'),
(449, 'EQ 13 - VERMELHA', 11, '1642022', 'True', 'esf'),
(450, 'EQ 14 - AMARELA', 11, '1642030', 'True', 'esf'),
(451, 'ESF 0384/07 - GIRASSOL', 45, '1642049', 'True', 'esf'),
(452, 'EQ 16 - LARANJA', 15, '1642227', 'True', 'esf'),
(453, 'ESF 0385/09 - VIOLETA', 45, '1642235', 'True', 'esf'),
(454, 'ESF 0386/10 - LÍRIO', 45, '1642243', 'True', 'esf'),
(455, 'ESF 0618/17 - CORUJA', 88, '1642251', 'True', 'esf'),
(456, 'EQUIPE IPÊ ROSA', 47, '1642278', 'True', 'esf'),
(457, 'EQ 07 - SOBRADINHO DOS MELOS', 109, '1642308', 'True', 'esf'),
(458, 'EQUIPE 15', 18, '1655426', 'True', 'esf'),
(459, 'EQUIPE 03 - AZUL - AREA 0670', 140, '1656740', 'True', 'esf'),
(460, 'EQUIPE 02 - VERMELHA - AREA 0669', 129, '1656759', 'True', 'esf'),
(461, 'ESF 0619/03 - ALECRIM', 45, '1656848', 'True', 'esf'),
(462, 'EQUIPE 02', 17, '1658778', 'True', 'esf'),
(463, 'ESF 28 - UBS 11 REC - AREA 0423', 131, '1659804', 'True', 'esf'),
(464, 'EQUIPE 04 - ROSA - AREA 0684', 140, '1660462', 'True', 'esf'),
(465, 'EQUIPE 03 - AZUL - AREA 0685', 46, '1660470', 'True', 'esf'),
(466, 'EQUIPE 04 - LARANJA - AREA 0686', 46, '1660489', 'True', 'esf'),
(467, 'EQUIPE 05 - VERDE - AREA 0671', 46, '1660497', 'True', 'esf'),
(468, 'EQUIPE 02 - VERMELHA - AREA 0672', 46, '1660500', 'True', 'esf'),
(469, 'EQUIPE 01 - LARANJA - AREA 0673', 60, '1660519', 'True', 'esf'),
(470, 'EQUIPE 02 - AZUL - AREA 0674', 60, '1660527', 'True', 'esf'),
(471, 'EQUIPE 03 - ROXA - AREA 0675', 60, '1660535', 'True', 'esf'),
(472, 'EQUIPE 02 - ROSA - AREA 0676', 153, '1660543', 'True', 'esf'),
(473, 'EQUIPE 03 - VERDE - AREA 0677', 153, '1660551', 'True', 'esf'),
(474, 'EQUIPE 04 - VERMELHA - AREA 0678', 153, '1660578', 'True', 'esf'),
(475, 'EQUIPE 02 -ROXA - AREA 0681', 96, '1660608', 'True', 'esf'),
(476, 'EQUIPE 03 - AZUL - AREA 0682', 96, '1660616', 'True', 'esf'),
(477, 'EQUIPE 04 - AMARELA - AREA 0683', 96, '1660624', 'True', 'esf'),
(478, 'EQUIPE ROSA', 86, '1664212', 'True', 'esf'),
(479, 'EQUIPE 2 - ÁREA 77', 97, '1664298', 'True', 'esf'),
(480, 'EQUIPE 1 - VERDE ÁREA 0121', 111, '1664689', 'True', 'esf'),
(481, 'EQUIPE 2 - AZUL ÁREA 0078', 111, '1664743', 'True', 'esf'),
(482, 'EQUIPE 1 - ÁREA 0079', 97, '1664751', 'True', 'esf'),
(483, 'EQUIPE 1 - ORQUIDEA ÁREA 80', 72, '1664778', 'True', 'esf'),
(484, 'EQUIPE 3 - GIRASSOL ÁREA 0081', 72, '1664786', 'True', 'esf'),
(485, 'EQUIPE 1 - ROSA ÁREA 0082', 80, '1664794', 'True', 'esf'),
(486, 'EQUIPE 2 - AZUL ÁREA 0083', 80, '1664808', 'True', 'esf'),
(487, 'EQUIPE 3 - VERMELHA ÁREA 0084', 80, '1664824', 'True', 'esf'),
(488, 'EQUIPE 3 - ÁREA 0085', 97, '1664840', 'True', 'esf'),
(489, 'EQUIPE 5 - ÁREA 0086', 97, '1664859', 'True', 'esf'),
(490, 'EQUIPE 6 - ÁREA 0087', 97, '1664867', 'True', 'esf'),
(491, 'EQUIPE 2 - AZUL  ÁREA 0088', 67, '1664875', 'True', 'esf'),
(492, 'EQUIPE 5 - AMARELA ÁREA 0089', 34, '1664883', 'True', 'esf'),
(493, 'EQUIPE 2 - VERDE ÁREA 90', 34, '1664891', 'True', 'esf'),
(494, 'EQUIPE 3 - AZUL ÁREA 0091', 34, '1664905', 'True', 'esf'),
(495, 'EQUIPE 4 - ROSA ÁREA 0092', 34, '1664913', 'True', 'esf'),
(496, 'EQUIPE 1 - LILAS ÁREA 0093', 34, '1664921', 'True', 'esf'),
(497, 'EQUIPE 8 - LARANJA ÁREA 0094', 116, '1664948', 'True', 'esf'),
(498, 'EQUIPE 5 - ROSA ÁREA 0095', 111, '1664956', 'True', 'esf'),
(499, 'EQUIPE 1 - VERDE ÁREA 97', 13, '1664972', 'True', 'esf'),
(500, 'EQUIPE 4 - AMARELA ÁREA 0098', 67, '1664980', 'True', 'esf');

INSERT INTO "public"."equipe" ("id", "nome", "ubs_id", "tx_ine", "ciclo_1", "equipe") VALUES
(501, 'EQUIPE 3 - ROXA ÁREA 0099', 67, '1664999', 'True', 'esf'),
(502, 'EQUIPE 2 - TULIPA ÁREA 0100', 72, '1665006', 'True', 'esf'),
(503, 'EQUIPE 4 - JASMIN ÁREA 101', 72, '1665014', 'True', 'esf'),
(504, 'EQUIPE 4 - ROXA ÁREA 0102', 80, '1665022', 'True', 'esf'),
(505, 'EQUIPE 5 - AMARELA ÁREA 0103', 80, '1665030', 'True', 'esf'),
(506, 'EQUIPE 6 - ROSA ÁREA 0104', 132, '1665049', 'True', 'esf'),
(507, 'EQUIPE 4 - ÁREA 0105', 97, '1665057', 'True', 'esf'),
(508, 'EQUIPE 1 - LARANJA ÁREA 0107', 104, '1665073', 'True', 'esf'),
(509, 'EQUIPE 2 - LILAS  ÁREA 0108', 104, '1665081', 'True', 'esf'),
(510, 'EQUIPE 3 - ROSA  ÁREA 0109', 104, '1665103', 'True', 'esf'),
(511, 'EQUIPE 4 - AZUL ÁREA 0110', 104, '1665111', 'True', 'esf'),
(512, 'EQUIPE 5 - VERDE ÁREA 0112', 67, '1665146', 'True', 'esf'),
(513, 'EQUIPE 6 - LILAS ÁREA 0114', 116, '1665162', 'True', 'esf'),
(514, 'EQUIPE 6 - VERDE ÁREA 0115', 80, '1665170', 'True', 'esf'),
(515, 'EQUIPE 7 - PRETA ÁREA 0116', 116, '1665197', 'True', 'esf'),
(516, 'EQUIPE 2 - AMARELA ÁREA 117', 13, '1665200', 'True', 'esf'),
(517, 'EQUIPE 4 - VERMELHA ÁREA 0018', 134, '1665227', 'True', 'esf'),
(518, 'EQUIPE 7 - ÁREA 0028', 24, '1665235', 'True', 'esf'),
(519, 'EQUIPE 1 - VERMELHA ÁREA 0119', 67, '1665243', 'True', 'esf'),
(520, 'EQUIPE 02 - VERDE - AREA 6800', 141, '1668056', 'True', 'esf'),
(521, 'EQUIPE 03 - VERMELHA - AREA 6801', 141, '1668064', 'True', 'esf'),
(522, 'ESF 0637/20 - AMETISTA', 44, '1671251', 'True', 'esf'),
(523, 'EQUIPE 05 - CINZA - AREA 6803', 141, '1668080', 'True', 'esf'),
(524, 'EQUIPE 532-15', 23, '1663372', 'True', 'esf'),
(525, 'ESF 03 - UBS 13 SAM', 5, '1668129', 'True', 'esf'),
(526, 'ESF 13 - UBS 01 SAM - AREA 3201', 19, '1668137', 'True', 'esf'),
(527, 'ESF 14 - UBS 01 SAM - AREA 3202', 19, '1668145', 'True', 'esf'),
(528, 'ESF 17 - UBS 01 SAM - AREA 3203', 19, '1668153', 'True', 'esf'),
(529, 'ESF 01 - UBS 13 SAM', 5, '1668161', 'True', 'esf'),
(530, 'EQUIPE 04 - VERDE - AREA 0690', 79, '1668196', 'True', 'esf'),
(531, 'EQUIPE 05 - ROSA - AREA 0691', 79, '1668218', 'True', 'esf'),
(532, 'EQUIPE 06 - MARROM - AREA 0692', 79, '1668226', 'True', 'esf'),
(533, 'ESF 29 AMARELA - UBS 02 REC - AREA 0429', 89, '1668234', 'True', 'esf'),
(534, 'ESF 30 VERMELHA - UBS 02 REC - AREA 0425', 89, '1668242', 'True', 'esf'),
(535, 'ESF 31 ROXA - UBS 02 REC - AREA 0426', 89, '1668250', 'True', 'esf'),
(536, 'ESF 32 LARANJA - UBS 02 REC - AREA 0427', 89, '1668269', 'True', 'esf'),
(537, 'ESF 33 BRANCA - UBS 02 REC - AREA 3800', 89, '1668277', 'True', 'esf'),
(538, 'EQUIPE 533/16 - EQUIPE A', 20, '1668528', 'True', 'esf'),
(539, 'ÁREA 0534 - EQUIPE B', 20, '1668536', 'True', 'esf'),
(540, 'ÁREA 0535 - EQUIPE D', 20, '1668544', 'True', 'esf'),
(541, 'EQUIPE 536/19 - EQUIPE F', 20, '1668552', 'True', 'esf'),
(542, 'EQUIPE 537/20 - EQUIPE H', 20, '1668560', 'True', 'esf'),
(543, 'EQUIPE  538/21 - EQUIPE I', 20, '1668579', 'True', 'esf'),
(544, 'EQUIPE 539/22 - EQUIPE J', 20, '1668587', 'True', 'esf'),
(545, 'EQUIPE 540-23', 164, '1668595', 'True', 'esf'),
(546, 'EQUIPE 04 - AMARELA - AREA 0693', 60, '1668897', 'True', 'esf'),
(547, 'EQUIPE 05 - ROSA - AREA 0694', 60, '1668900', 'True', 'esf'),
(548, 'EQUIPE 04', 51, '1668935', 'True', 'esf'),
(549, 'EQ 11 - VERDE', 15, '1668951', 'True', 'esf'),
(550, 'EQ 12 - ROSA', 15, '1668978', 'True', 'esf'),
(551, 'EQ 17 - PRATA', 15, '1668994', 'True', 'esf'),
(552, 'EQ 18 BURITI', 52, '1669001', 'True', 'esf'),
(553, 'EQ 19  JATOBA', 52, '1669028', 'True', 'esf'),
(554, 'EQ 20 JACARANDA', 52, '1669036', 'True', 'esf'),
(555, 'EQ 21  IPÊ', 52, '1669060', 'True', 'esf'),
(556, 'EQ 22  JEQUITIBA', 52, '1669079', 'True', 'esf'),
(557, 'EQ 23  PEQUI', 52, '1669087', 'True', 'esf'),
(558, 'EQUIPE 04 - LARANJA', 138, '1669095', 'True', 'esf'),
(559, 'EQUIPE 05 - AZUL', 138, '1669109', 'True', 'esf'),
(560, 'EQUIPE 06 - AMARELA', 138, '1669117', 'True', 'esf'),
(561, 'EQUIPE 07 - LILAS', 138, '1669125', 'True', 'esf'),
(562, 'EQUIPE 08 - ROSA', 138, '1669133', 'True', 'esf'),
(563, 'EQUIPE 09 - VERDE', 138, '1669141', 'True', 'esf'),
(564, 'EQUIPE 10 - VERMELHA', 138, '1669168', 'True', 'esf'),
(565, 'EQUIPE ÁGUA', 85, '1670069', 'True', 'esf'),
(566, 'EQUIPE SOL', 85, '1670077', 'True', 'esf'),
(567, 'EQUIPE TERRA', 85, '1670093', 'True', 'esf'),
(568, 'EQUIPE FOGO', 85, '1670107', 'True', 'esf'),
(569, 'EQUIPE AZUL', 28, '1670115', 'True', 'esf'),
(570, 'EQUIPE LILÁS', 28, '1670123', 'True', 'esf'),
(571, 'EQUIPE VERMELHA', 28, '1670131', 'True', 'esf'),
(572, 'EQUIPE VERDE', 28, '1670158', 'True', 'esf'),
(573, 'EQUIPE  BRANCA', 28, '1670166', 'True', 'esf'),
(574, 'EQUIPE ARATICUM', 4, '1670174', 'True', 'esf'),
(575, 'EQUIPE MURICI', 4, '1670182', 'True', 'esf'),
(576, 'EQUIPE BARU', 4, '1670190', 'True', 'esf'),
(577, 'EQUIPE BURITI', 4, '1670204', 'True', 'esf'),
(578, 'EQUIPE GIRASSOL', 142, '1670212', 'True', 'esf'),
(579, 'EQUIPE ORQUÍDEA', 142, '1670220', 'True', 'esf'),
(580, 'EQUIPE LÍRIO', 142, '1670239', 'True', 'esf'),
(581, 'EQUIPE CALIANDRA', 142, '1670247', 'True', 'esf'),
(582, 'EQUIPE RUBI', 12, '1670255', 'True', 'esf'),
(583, 'EQUIPE TOPÁZIO', 12, '1670263', 'True', 'esf'),
(584, 'EQUIPE ESMERALDA', 12, '1670271', 'True', 'esf'),
(585, 'EQUIPE AMIZADE', 110, '1670298', 'True', 'esf'),
(586, 'EQUIPE HARMONIA', 110, '1670301', 'True', 'esf'),
(587, 'EQUIPE ALEGRIA', 110, '1670328', 'True', 'esf'),
(588, 'EQUIPE 04', 14, '1670425', 'True', 'esf'),
(589, 'EQUIPE 05', 14, '1670433', 'True', 'esf'),
(590, 'EQUIPE 01', 40, '1670468', 'True', 'esf'),
(591, 'EQUIPE 03', 40, '1670476', 'True', 'esf'),
(592, 'EQUIPE 04', 40, '1670484', 'True', 'esf'),
(593, 'EQUIPE 06', 40, '1670492', 'True', 'esf'),
(594, 'EQUIPE 07', 40, '1670506', 'True', 'esf'),
(595, 'EQUIPE 02', 50, '1670514', 'True', 'esf'),
(596, 'EQUIPE 06', 50, '1670522', 'True', 'esf'),
(597, 'EQUIPE 02', 10, '1670530', 'True', 'esf'),
(598, 'EQUIPE 03', 10, '1670549', 'True', 'esf'),
(599, 'EQUIPE 02', 126, '1670557', 'True', 'esf'),
(600, 'EQUIPE 03', 126, '1670565', 'True', 'esf'),
(601, 'ESF 0387/44 - DÁLIA', 42, '1671227', 'True', 'esf'),
(602, 'ESF 0388/45 - TULIPA', 42, '1671235', 'True', 'esf'),
(603, 'ESF 0389/46 - DELTA', 147, '1671243', 'True', 'esf'),
(604, ' EQUIPE 01', 14, '2063506', 'True', 'esf'),
(605, 'ESF 0639/22 - ESMERALDA SOB', 44, '1671286', 'True', 'esf'),
(606, 'ESF 0621/11 - LARANJA - SOB', 139, '1671308', 'True', 'esf'),
(607, 'ÁREA 0542-25', 128, '1668617', 'True', 'esf'),
(608, 'ÁREA 0541-24', 23, '1668609', 'True', 'esf'),
(609, 'ESF 0628/19 - AZUL ESCURO', 139, '1671413', 'True', 'esf'),
(610, 'EQUIPE 05', 51, '1672053', 'True', 'esf'),
(611, 'EQUIPE 16', 54, '1672975', 'True', 'esf'),
(612, 'EQUIPE 04', 50, '1672983', 'True', 'esf'),
(613, 'EQUIPE 07 - AMARELA - AREA 0695', 79, '1675672', 'True', 'esf'),
(614, 'EQUIPE 09 - CINZA - AREA 0696', 79, '1675680', 'True', 'esf'),
(615, 'EQ 24 VILA NOVA', 43, '1676458', 'True', 'esf'),
(616, ' EQ 08 - CORAL', 15, ' 1668943', 'True', 'esf'),
(617, '  ESF 0624/15 - VERMELHA - SOB', 139, '  1671375', 'True', 'esf'),
(618, '  ESF 0620/01 - ROXA', 139, '  1671294', 'True', 'esf'),
(619, 'EQUIPE 05', 40, '1677802', 'True', 'esf'),
(620, 'EQUIPE 544-27', 20, '1677829', 'True', 'esf'),
(621, 'ESF TORORÓ', 152, '1686534', 'True', 'esf'),
(622, 'EQUIPE 06 - ROXA - AREA 0697', 153, '1709763', 'True', 'esf'),
(623, 'EQUIPE 07 - ROXA - AREA 0698', 135, '1709828', 'True', 'esf'),
(624, 'ESF 29 - UBS 11 REC - AREA 3801', 131, '1714775', 'True', 'esf'),
(625, 'EQUIPE 251/39', 49, '1716638', 'True', 'esf'),
(626, 'ESF 0640/23 - RUBI', 44, '1717111', 'True', 'esf'),
(627, 'ESF 0641/24 - PÉROLA', 44, '1717146', 'True', 'esf'),
(628, 'ESF 0629/20 - AZUL CLARO', 139, '1717154', 'True', 'esf'),
(629, 'ESF 0390/47 - ROSA PL', 63, '1717197', 'True', 'esf'),
(630, 'ESF 2000/48 -  ROUXINOL', 70, '1717200', 'True', 'esf'),
(631, 'ESF 2001/49 - SIGMA', 147, '1717219', 'True', 'esf'),
(632, 'ESF 04 AMARELA - UBS 05 SAM - AREA 0457', 71, '1717553', 'True', 'esf'),
(633, 'ESF 12 - UBS 01 SAM - AREA 3205', 19, '1717588', 'True', 'esf'),
(634, 'ESF 02 - UBS 13 SAM', 5, '1717596', 'True', 'esf'),
(635, 'EQUIPE LILÁS', 86, '1796631', 'True', 'esf'),
(636, 'EQUIPE AMARELA', 86, '1796739', 'True', 'esf'),
(637, 'EQUIPE LARANJA', 86, '1796801', 'True', 'esf'),
(638, 'EQUIPE VERDE', 86, '1796860', 'True', 'esf'),
(639, 'EQUIPE VERMELHA', 86, '1797042', 'True', 'esf'),
(640, 'EQUIPE AZUL', 86, '1797174', 'True', 'esf'),
(641, 'EQUIPE AR', 85, '1797301', 'True', 'esf'),
(642, 'EQUIPE AMARELA', 28, '1797395', 'True', 'esf'),
(643, 'EQUIPE IPÊ AMARELO', 47, '1797514', 'True', 'esf'),
(644, 'EQUIPE IPÊ BRANCO', 47, '1797638', 'True', 'esf'),
(645, 'EQUIPE IPÊ ROXO', 47, '1797816', 'True', 'esf'),
(646, 'EQUIPE ÔNIX', 12, '1797956', 'True', 'esf'),
(647, 'EQUIPE INGÁ', 4, '1798022', 'True', 'esf'),
(648, 'EQUIPE JASMIM', 142, '1798170', 'True', 'esf'),
(649, 'EQUIPE 05', 10, '1800035', 'True', 'esf'),
(650, 'EQUIPE 01', 50, '1800140', 'True', 'esf'),
(651, 'EQUIPE 04', 17, '1800221', 'True', 'esf'),
(652, 'EQUIPE 07', 17, '1800272', 'True', 'esf'),
(653, 'EQUIPE 06 - AMARELA - AREA 6804', 141, '1805568', 'True', 'esf'),
(654, 'EQUIPE 07 - LILAS - AREA 6805', 141, '1805622', 'True', 'esf'),
(655, 'EQUIPE 08 - BRANCA - AREA 6806', 141, '1805649', 'True', 'esf'),
(656, 'EQUIPE 03 - VERDE - AREA 0679', 129, '1843567', 'True', 'esf'),
(657, 'EQUIPE 04 - ROSA - AREA 0680', 129, '1843591', 'True', 'esf'),
(658, 'EQUIPE 05 - AMARELA - AREA 0702', 129, '1843648', 'True', 'esf'),
(659, 'EQUIPE 06 - LARANJA - AREA 0703', 129, '1843702', 'True', 'esf'),
(660, 'EQUIPE 05 - LARANJA - AREA 0687', 140, '1918575', 'True', 'esf'),
(661, 'ESF 32 - UBS 02 SAM - AREA 3210', 159, '1923757', 'True', 'esf'),
(662, 'EQUIPE 1218/55', 117, '2001810', 'True', 'esf'),
(663, 'EQUIPE 2 - ÁREA 0123', 39, '2018195', 'True', 'esf'),
(664, 'EQUIPE 6 -  ROSA ÁREA 124', 67, '2018802', 'True', 'esf'),
(665, 'EQUIPE 5 - AMARELA ÁREA 125', 104, '2019086', 'True', 'esf'),
(666, 'EQUIPE 04', 126, '2063417', 'True', 'esf'),
(667, 'EQUIPE 05', 126, '2063425', 'True', 'esf'),
(668, 'EQUIPE 03', 17, '2063441', 'True', 'esf'),
(669, 'EQUIPE 06', 17, '2063468', 'True', 'esf'),
(670, 'EQUIPE 04', 10, '2063484', 'True', 'esf'),
(671, 'EQUIPE 06', 10, '2063492', 'True', 'esf'),
(672, 'EQUIPE 1219/15', 37, '2098792', 'True', 'esf'),
(673, 'EQUIPE 15 RUBI', 51, '2138697', 'True', 'esf'),
(674, 'EQUIPE IPÊ VERDE', 47, '2154129', 'True', 'esf'),
(675, 'ESF EQUIPE 45 - UBS 06 - AREA 3232', 74, '2157284', 'True', 'esf'),
(676, 'ESF DIAMANTE - JARDINS MANGUEIRAL', 2, '2184478', 'True', 'esf'),
(677, 'ESF AMETISTA - JARDINS MANGUEIRAL', 2, '2186381', 'True', 'esf'),
(678, 'ESF SAFIRA - JARDINS MANGUEIRAL', 2, '2186403', 'True', 'esf'),
(679, 'ESF EQUIPE 52 UBS 07', 84, '2188317', 'True', 'esf'),
(680, 'ESF ESMERALDA - JARDINS MANGUEIRAL', 2, '2198797', 'True', 'esf'),
(681, 'EQUIPE 1 - AZUL ÁREA 0020', 134, '468428', 'True', 'esf'),
(682, 'EQUIPE 4 - ÁREA 0013', 99, '468436', 'True', 'esf'),
(683, 'EQUIPE 5 - ÁREA 0011', 100, '468444', 'True', 'esf'),
(684, ' ESF 0626/16 - AMARELA - SOB', 139, '1671383', 'True', 'esf'),
(685, 'EQUIPE 1 - ÁREA 0016', 161, '468460', 'True', 'esf'),
(686, 'EQUIPE 2 - ÁREA 0019', 38, '468479', 'True', 'esf'),
(687, 'EQUIPE 3 - VERDE  ÁREA 0023', 155, '468487', 'True', 'esf'),
(688, 'EQUIPE 2 - ROSA  ÁREA 0022', 155, '468495', 'True', 'esf'),
(689, 'EQUIPE 1 - AZUL ÁREA 0021', 155, '468509', 'True', 'esf'),
(690, 'EQUIPE 4 - AMARELA ÁREA 0024', 155, '468525', 'True', 'esf'),
(691, 'EQUIPE 01', 126, '468533', 'True', 'esf'),
(692, 'EQUIPE 1 - PRETA ÁREA 0041', 33, '468584', 'True', 'esf'),
(693, 'EQUIPE 03', 35, '2063476', 'True', 'esf'),
(694, 'EQUIPE 545-11', 23, '1681532', 'True', 'esf'),
(695, 'EQUIPE 1 - AZUL ÁREA 0044', 132, '468614', 'True', 'esf'),
(696, 'EQUIPE 1 - LILAS  ÁREA 0045', 121, '468622', 'True', 'esf'),
(697, 'EQUIPE 2 - ÁREA 0046', 107, '468630', 'True', 'esf'),
(698, 'EQUIPE 10 -  MARROM ', 116, '468649', 'True', 'esf'),
(699, '  ESF 0631/22 - VERDE SOB', 139, '  1717170', 'True', 'esf'),
(700, '  ESF 0630/21 - ROSA SOB', 139, '  1717162', 'True', 'esf'),
(701, 'EQUIPE 3 - ÁREA 0057', 127, '468665', 'True', 'esf'),
(702, 'EQUIPE 2 - ÁREA 056', 127, '468673', 'True', 'esf'),
(703, 'EQUIPE 3 - AMARELA ÁREA 0054', 132, '468681', 'True', 'esf'),
(704, 'EQUIPE 2 - LARANJA ÁREA 47', 132, '468703', 'True', 'esf'),
(705, 'EQUIPE 3 - VERDE ÁREA 0052', 121, '468711', 'True', 'esf'),
(706, 'EQUIPE 2 - ROSA ÁREA 0048', 121, '468738', 'True', 'esf'),
(707, 'EQUIPE 4 - AZUL ÁREA 0053', 121, '468746', 'True', 'esf'),
(708, 'EQUIPE 5 - VERDE ÁREA 0050', 132, '468754', 'True', 'esf'),
(709, 'EQUIPE 1 - ÁREA 0049', 123, '468762', 'True', 'esf'),
(710, 'EQUIPE 1 - ROXA ÁREA 0060', 32, '468770', 'True', 'esf'),
(711, 'EQUIPE 2 - BRANCA ÁREA 0061', 32, '468789', 'True', 'esf'),
(712, 'EQUIPE 4 - VERMELHA ÁREA 64', 111, '468819', 'True', 'esf'),
(713, 'EQUIPE 2 - VERMELHA ÁREA 0067', 116, '468827', 'True', 'esf'),
(714, 'EQUIPE 1 - ÁREA 0038', 39, '468835', 'True', 'esf'),
(715, 'EQUIPE 1 - ÁREA 0039', 107, '468843', 'True', 'esf'),
(716, 'EQUIPE 215-13', 9, '468878', 'True', 'esf'),
(717, 'EQUIPE 248-27', 9, '468886', 'True', 'esf'),
(718, 'EQUIPE 235/14', 9, '468908', 'True', 'esf'),
(719, 'EQUIPE 242-21', 37, '468916', 'True', 'esf'),
(720, 'EQUIPE 208-06', 37, '468932', 'True', 'esf'),
(721, 'EQUIPE 209-07', 49, '468940', 'True', 'esf'),
(722, 'EQUIPE 237/16', 49, '468959', 'True', 'esf'),
(723, 'EQUIPE 243-22', 49, '468967', 'True', 'esf'),
(724, 'EQUIPE 207/05', 113, '468975', 'True', 'esf'),
(725, 'EQUIPE 238-17', 113, '468983', 'True', 'esf'),
(726, 'EQUIPE 210-08', 113, '469009', 'True', 'esf'),
(727, 'EQUIPE 239-18', 68, '469017', 'True', 'esf'),
(728, 'EQUIPE 240-19', 73, '469025', 'True', 'esf'),
(729, 'EQUIPE 211/09', 73, '469033', 'True', 'esf'),
(730, 'EQUIPE 246-25', 73, '469041', 'True', 'esf'),
(731, 'EQUIPE 245-24', 73, '469068', 'True', 'esf'),
(732, 'EQUIPE 241-20', 81, '469076', 'True', 'esf'),
(733, 'EQUIPE 247-26', 68, '469084', 'True', 'esf'),
(734, 'EQUIPE 212-10', 68, '469092', 'True', 'esf'),
(735, 'EQUIPE 250-29', 37, '469106', 'True', 'esf'),
(736, 'EQUIPE 249-28', 81, '469114', 'True', 'esf'),
(737, 'EQUIPE 205 03', 137, '469130', 'True', 'esf'),
(738, 'EQUIPE 204-02', 105, '469173', 'True', 'esf'),
(739, 'EQUIPE 206-04', 117, '469181', 'True', 'esf'),
(740, 'EQUIPE 01', 10, '469203', 'True', 'esf'),
(741, 'EQUIPE 02', 40, '469211', 'True', 'esf'),
(742, 'EQUIPE 03', 50, '469238', 'True', 'esf'),
(743, 'EQUIPE 01', 7, '469254', 'True', 'esf'),
(744, 'EQUIPE 02', 7, '469262', 'True', 'esf'),
(745, 'EQUIPE 05', 7, '469270', 'True', 'esf'),
(746, 'EQUIPE 04', 7, '469289', 'True', 'esf'),
(747, 'EQUIPE 03', 7, '469297', 'True', 'esf'),
(748, 'EQUIPE 06', 143, '469300', 'True', 'esf'),
(749, 'EQUIPE 07', 143, '469319', 'True', 'esf'),
(750, 'EQUIPE 02', 14, '469327', 'True', 'esf'),
(751, 'EQUIPE 01', 149, '469343', 'True', 'esf'),
(752, 'EQ 09 - AMARELA', 15, '469351', 'True', 'esf'),
(753, 'EQ 02 - JARDIM II', 62, '469378', 'True', 'esf'),
(754, 'EQ 03 - QUEBRADA DOS NERES', 69, '469386', 'True', 'esf'),
(755, 'EQ 04 - CARIRU', 93, '469424', 'True', 'esf'),
(756, 'EQUIPE 01', 95, '469432', 'True', 'esf'),
(757, 'EQUIPE 02', 95, '469440', 'True', 'esf'),
(758, 'EQ 05 - QUADRA 18', 109, '469459', 'True', 'esf'),
(759, 'EQ 09 - LILÁS', 11, '469483', 'True', 'esf'),
(760, 'EQ 08 - LARANJA', 11, '469491', 'True', 'esf'),
(761, 'EQ 07 - ROSA', 11, '469505', 'True', 'esf'),
(762, 'EQ 06 - AZUL', 11, '469513', 'True', 'esf'),
(763, 'EQ 10 - CINZA', 11, '469521', 'True', 'esf'),
(764, 'EQ 06 - CAFÉ SEM TROCO', 82, '469548', 'True', 'esf'),
(765, 'ESF 0346/11 - LOBO GUARÁ', 16, '469564', 'True', 'esf'),
(766, 'ESF 0347/12 - ORQUÍDEA', 42, '469580', 'True', 'esf'),
(767, 'ESF 0336/03 - RAJADINHA', 130, '469599', 'True', 'esf'),
(768, 'ESF 0339/06 - TABATINGA', 25, '469602', 'True', 'esf'),
(769, 'ESF 0341/08 - PIPIRIPAU', 108, '469610', 'True', 'esf'),
(770, 'ESF 0338/05 - SÃO JOSÉ', 106, '469629', 'True', 'esf'),
(771, 'ESF 0378/42 - AZALÉIA', 42, '469637', 'True', 'esf'),
(772, 'ESF 0377/41 - ALFA', 147, '469653', 'True', 'esf'),
(773, 'ESF 0379/43 - SUÇUARANA', 16, '469661', 'True', 'esf'),
(774, 'ESF 0340/07 - RIO PRETO', 27, '469718', 'True', 'esf'),
(775, 'ESF 0334/01 - 14 BIS', 29, '469726', 'True', 'esf'),
(776, 'ESF 0337/04 - BICA DO DER', 118, '469734', 'True', 'esf'),
(777, 'ESF 0335/02 - TAQUARA', 101, '469742', 'True', 'esf'),
(778, 'ESF 0342/09 - JARDIM MORUMBI', 122, '469750', 'True', 'esf'),
(779, 'ESF 0364/18 - IPÊ AMARELO', 58, '469769', 'True', 'esf'),
(780, 'ESF 0365/19 - FLAMBOYANT', 58, '469777', 'True', 'esf'),
(781, ' EQUIPE 3 - AMARELA ÁREA 0068', 26, '468797', 'True', 'esf'),
(782, ' EQUIPE 1 - VERDE ÁREA 0066', 26, '468800', 'True', 'esf'),
(783, ' ESF 0376/40 - BORBOLETA AMARELA', 83, '469696', 'True', 'esf'),
(784, ' ESF 0375/39 - BORBOLETA LARANJA', 83, '469688', 'True', 'esf'),
(785, ' EQ 01 - PAD DF UBS 08 PARANOÁ ', 166, '469394', 'True', 'esf'),
(786, 'EQUIPE 5 - MARGARIDA ÁREA 0051', 72, '1466259', 'True', 'esf'),
(787, 'EQUIPE 03 - AZUL - AREA 0663', 79, '1641913', 'True', 'esf'),
(788, 'EQUIPE 06 - VERDE -  AREA 0688', 140, '1668102', 'True', 'esf'),
(789, 'EQUIPE 07 - AMARELA - AREA 0689', 140, '1668110', 'True', 'esf'),
(790, 'ESF 0622/12 - MARROM', 139, '1671367', 'True', 'esf'),
(791, 'EQUIPE 2 - AZUL ÁREA 0043', 33, '468606', 'True', 'esf'),
(792, 'ESF 0362/26 - SABIÁ PL', 94, '469785', 'True', 'esf'),
(793, 'ESF 0361/25 - FLAMINGO', 94, '469793', 'True', 'esf'),
(794, 'ESF 08 VERMELHA - UBS 10 SAM - AREA 0461', 102, '470910', 'True', 'esf'),
(795, 'ESF 14 LILÁS - UBS 04 REC - AREA 0404', 64, '1468618', 'True', 'esf'),
(796, 'EQ 11 - MARROM', 11, '1469363', 'True', 'esf'),
(797, 'EQUIPE 08', 143, '1469592', 'True', 'esf'),
(798, 'EQUIPE 09', 7, '1469606', 'True', 'esf'),
(799, 'EQUIPE 10', 7, '1469649', 'True', 'esf'),
(800, 'ESF 05 - UBS 10 REC - AREA 0395', 3, '1471953', 'True', 'esf'),
(801, 'ESF 47 LARANJA  - UBS 11 SAM - AREA 0515', 157, '1474170', 'True', 'esf'),
(802, 'ESF 46 AMARELA  - UBS 11 SAM - AREA 0514', 157, '1474189', 'True', 'esf'),
(803, 'ESF 06 VERMELHA - UBS 09 SAM - AREA 0474', 30, '470929', 'True', 'esf'),
(804, 'ESF 0363/27 - JOÃO-DE-BARRO PL', 94, '469807', 'True', 'esf'),
(805, 'ESF 0353/17 - ÁGUAS EMENDADAS', 125, '469815', 'True', 'esf'),
(806, 'ESF 0350/14 - LUA', 162, '469823', 'True', 'esf'),
(807, 'ESF 0351/15 - ESTRELA', 162, '469831', 'True', 'esf'),
(808, 'ESF 0349/13 - SOL', 162, '469858', 'True', 'esf'),
(809, 'ESF 0352/16 - CEP SAÚDE', 91, '469866', 'True', 'esf'),
(810, 'ESF 0371/35 - AMARELA ', 63, '469874', 'True', 'esf'),
(811, 'ESF 0366/30 - VERDE', 63, '469882', 'True', 'esf'),
(812, 'ESF 0368/32 - VERMELHA', 63, '469890', 'True', 'esf'),
(813, 'ESF 0369/33 - AZUL', 63, '469904', 'True', 'esf'),
(814, 'ESF 0370/34 - LILÁS', 63, '469912', 'True', 'esf'),
(815, 'ESF 0367/31 - LARANJA', 63, '469920', 'True', 'esf'),
(816, 'ESF 0372/36 - BRANCA', 63, '469939', 'True', 'esf'),
(817, 'ESF 0373/37 - ÔMEGA', 147, '469947', 'True', 'esf'),
(818, 'ESF 0359/23 - ANDORINHA - PL', 70, '469955', 'True', 'esf'),
(819, 'ESF 0354/18 - GAIVOTA - PL', 70, '469963', 'True', 'esf'),
(820, 'ESF 0356/20 - ÁGUIA - PL', 70, '469971', 'True', 'esf'),
(821, 'ESF 0355/19 - BEIJA-FLOR - PL', 70, '469998', 'True', 'esf'),
(822, 'ESF 0360/24 - ARARA - PL', 70, '470007', 'True', 'esf'),
(823, 'ESF 0357/21 - BEM-TE-VI - PL', 70, '470023', 'True', 'esf'),
(824, 'ESF 0358/22 - CANÁRIO - PL', 70, '470031', 'True', 'esf'),
(825, 'ESF 06 ROSA - UBS 04 REC - AREA 0396', 64, '470058', 'True', 'esf'),
(826, 'ESF 10 VERDE - UBS 04 REC - AREA 0400', 64, '470066', 'True', 'esf'),
(827, 'ESF 17 AZUL - UBS 04 REC - AREA 0407', 64, '470074', 'True', 'esf'),
(828, 'ESF 16 LARANJA - UBS 04 REC - AREA 0406', 64, '470082', 'True', 'esf'),
(829, 'EQUIPE 07 - LARANJA - AREA 0397', 153, '470090', 'True', 'esf'),
(830, 'ESF 01 - UBS 08 REC - AREA 0391', 163, '470112', 'True', 'esf'),
(831, 'ESF 02 - UBS 08 REC - AREA 0392', 163, '470120', 'True', 'esf'),
(832, 'ESF 04 - UBS 10 REC - AREA 0394', 3, '470139', 'True', 'esf'),
(833, 'ESF 08 - UBS 05 REC - AREA 0398', 160, '470147', 'True', 'esf'),
(834, 'ESF 06 - UBS 05 REC - AREA 0402', 160, '470155', 'True', 'esf'),
(835, 'ESF 05 - UBS 05 REC - AREA 0401', 160, '470163', 'True', 'esf'),
(836, 'ESF 04 - UBS 05 REC - AREA 0399', 160, '470171', 'True', 'esf'),
(837, 'ESF 07 - UBS 05 REC - AREA 0403', 160, '470198', 'True', 'esf'),
(838, 'ESF 18 AMARELA - UBS 03 REC - AREA 0408', 53, '470201', 'True', 'esf'),
(839, 'ESF 19 LARANJA - UBS 03 REC - AREA 0409', 53, '470228', 'True', 'esf'),
(840, 'ESF 23 ROSA - UBS 03 REC - AREA 0413', 53, '470236', 'True', 'esf'),
(841, 'ESF 24 CINZA - UBS 03 REC - AREA 0414', 53, '470244', 'True', 'esf'),
(842, 'EQUIPE 02', 54, '470260', 'True', 'esf'),
(843, 'EQUIPE 14', 54, '470279', 'True', 'esf'),
(844, 'EQUIPE 08', 54, '470287', 'True', 'esf'),
(845, 'EQUIPE 05 ', 65, '470295', 'True', 'esf'),
(846, '    Equipe 1233/69', 1, '     0470104', 'True', 'esf'),
(847, 'EQ 10 - AZUL', 15, '1641980', 'True', 'esf'),
(848, 'EQUIPE 04 - AZUL - AREA 6802', 141, '1668072', 'True', 'esf'),
(849, 'ESF 0638/21 - JADE', 44, '1671278', 'True', 'esf'),
(850, 'EQUIPE 3 - ÁREA 0015', 98, '468452', 'True', 'esf'),
(851, 'ESF 10 LILÁS - UBS 03 SAM - AREA 0473', 55, '470686', 'True', 'esf'),
(852, 'ESF 07 ROSA - UBS 03 SAM - AREA 0741', 55, '470694', 'True', 'esf'),
(853, 'ESF 12 AMARELA - UBS 04 SAM - AREA 0509', 66, '470708', 'True', 'esf'),
(854, 'ESF 39 VERDE - UBS 04 SAM - AREA 0503', 66, '470716', 'True', 'esf'),
(855, 'EQ 02 - MORRO DA CRUZ', 87, '0471437', 'True', 'esf'),
(856, 'EQUIPE 09', 114, '470406', 'True', 'esf'),
(857, 'EQUIPE 01', 90, '470309', 'True', 'esf'),
(858, 'EQUIPE 13', 90, '470317', 'True', 'esf'),
(859, 'EQUIPE 11', 114, '470384', 'True', 'esf'),
(860, 'EQUIPE 10', 18, '470414', 'True', 'esf'),
(861, 'EQUIPE 12', 114, '470422', 'True', 'esf'),
(862, 'EQUIPE 04', 18, '470449', 'True', 'esf'),
(863, 'EQUIPE 03', 18, '470457', 'True', 'esf'),
(864, 'EQUIPE 06', 18, '470465', 'True', 'esf'),
(865, 'EQUIPE 07', 18, '470473', 'True', 'esf'),
(866, 'ESF 43 - UBS 12 SAM - AREA 0507', 119, '470481', 'True', 'esf'),
(867, 'ESF 15 - UBS 01 SAM - AREA 0479', 19, '470511', 'True', 'esf'),
(868, 'ESF 16 - UBS 01 SAM - AREA 0480', 19, '470538', 'True', 'esf'),
(869, 'ESF 42 - UBS 12 SAM - AREA 0506', 119, '470554', 'True', 'esf'),
(870, 'ESF 41 AMARELA - UBS 07 SAM - AREA 0505', 84, '470562', 'True', 'esf'),
(871, 'ESF 23 - UBS 12 SAM - AREA 0487', 119, '470589', 'True', 'esf'),
(872, 'ESF 22 - UBS 12 SAM - AREA 0485', 119, '470597', 'True', 'esf'),
(873, 'ESF 21 - UBS 12 SAM - AREA 0485', 119, '470600', 'True', 'esf'),
(874, 'ESF 20 - UBS 01 SAM - AREA 0484', 19, '470619', 'True', 'esf'),
(875, 'ESF 19 - UBS 12 SAM - AREA 0483', 119, '470627', 'True', 'esf'),
(876, 'ESF 18 VERDE - UBS 07 SAM - AREA 0482', 84, '470635', 'True', 'esf'),
(877, 'ESF 11 AZUL - UBS 03 SAM - AREA 0475', 55, '470643', 'True', 'esf'),
(878, 'ESF 45  VERDE - UBS 11 SAM - AREA 0472', 157, '470651', 'True', 'esf'),
(879, 'ESF 37 LILÁS - UBS 07 SAM - AREA 0501', 84, '470724', 'True', 'esf'),
(880, 'ESF 26 VERMELHA - UBS 06 SAM - AREA 0490', 74, '470732', 'True', 'esf'),
(881, 'ESF 13 VERMELHA - UBS 04 SAM - AREA 0510', 66, '470767', 'True', 'esf'),
(882, 'ESF 29 - UBS 02 SAM - AREA 0493', 159, '470775', 'True', 'esf'),
(883, 'ESF 19 - UBS 01 SAM - AREA 0498', 19, '470805', 'True', 'esf'),
(884, 'ESF 02 AZUL - UBS 04 SAM - AREA 0455', 66, '470813', 'True', 'esf'),
(885, 'ESF 28 - UBS 02 SAM - AREA 0491', 159, '470821', 'True', 'esf'),
(886, 'ESF 18 - UBS 01 SAM - AREA 0496', 19, '470848', 'True', 'esf'),
(887, 'ESF 27 - UBS 02 SAM - AREA 0491', 159, '470856', 'True', 'esf'),
(888, 'ESF 30 - UBS 02 SAM - AREA 0494', 159, '470864', 'True', 'esf'),
(889, 'ESF 31 - UBS 02 SAM - AREA 0495', 159, '470872', 'True', 'esf'),
(890, 'ESF 33 - UBS 02 SAM - AREA 0497', 159, '470880', 'True', 'esf'),
(891, 'ESF 01 AZUL - UBS 05 SAM - AREA 0454', 71, '470961', 'True', 'esf'),
(892, 'ESF 44 AMARELA - UBS 06 SAM - AREA 0508', 74, '470988', 'True', 'esf'),
(893, 'ESF 36 VERMELHA - UBS 08 SAM - AREA 0500', 133, '470996', 'True', 'esf'),
(894, 'ESF 40 VERDE - UBS 08 SAM - AREA 0504', 133, '471003', 'True', 'esf'),
(895, 'ESF 38 ROSA - UBS 08 SAM - AREA 0502', 133, '471011', 'True', 'esf'),
(896, 'EQUIPE 519-02', 164, '471038', 'True', 'esf'),
(897, 'EQUIPE 523-06', 20, '471062', 'True', 'esf'),
(898, 'EQUIPE 529-12', 20, '471070', 'True', 'esf'),
(899, 'EQUIPE 527-10', 20, '471089', 'True', 'esf'),
(900, 'EQUIPE 520-03', 56, '471097', 'True', 'esf'),
(901, 'EQUIPE 525-08', 151, '471119', 'True', 'esf'),
(902, 'EQUIPE 521-04', 151, '471127', 'True', 'esf'),
(903, 'EQUIPE 526/09', 75, '471135', 'True', 'esf'),
(904, 'EQUIPE 522-05', 75, '471143', 'True', 'esf'),
(905, 'EQUIPE 19 - PRATA', 138, '471151', 'True', 'esf'),
(906, 'EQUIPE 18 - MARROM', 138, '471178', 'True', 'esf'),
(907, 'EQUIPE 20 - BRANCA', 138, '471186', 'True', 'esf'),
(908, 'EQ 01 - NOVA BETANIA', 152, '471194', 'True', 'esf'),
(909, 'EQ 16 - SÃO FRANCISCO', 76, '471305', 'True', 'esf'),
(910, 'EQ 17 - SÃO JOSÉ', 120, '471313', 'True', 'esf'),
(911, 'EQ 25 -  BOSQUE 02', 115, '471321', 'True', 'esf'),
(912, 'EQ 13 - MORRO AZUL', 21, '471348', 'True', 'esf'),
(913, 'EQ 11 OESTE 1', 57, '471356', 'True', 'esf'),
(914, 'EQ 12 - OESTE 2', 57, '471364', 'True', 'esf'),
(915, 'EQ 15 - SETOR TRADICIONAL', 43, '471380', 'True', 'esf'),
(916, 'EQ 14 - VILA DO BOA', 146, '471399', 'True', 'esf'),
(917, 'EQ 22 - JOÃO CANDIDO', 103, '471402', 'True', 'esf'),
(918, 'EQ 21 - BOSQUE 1', 31, '471410', 'True', 'esf'),
(919, 'EQ 23 - VILA NOVA 02', 31, '471429', 'True', 'esf'),
(920, 'ESF 0597/06 - ÁGUIA', 88, '471488', 'True', 'esf'),
(921, 'ESF 0598/16 - ARARA', 88, '471496', 'True', 'esf'),
(922, 'ESF 0609/11 - SAFIRA', 44, '471518', 'True', 'esf'),
(923, 'ESF 0611/13 - AMOR-PERFEITO', 124, '471526', 'True', 'esf'),
(924, 'ESF 0599/08 - BEM-ME-QUER', 45, '471534', 'True', 'esf'),
(925, 'ESF 0594/03 - BURITI', 58, '471542', 'True', 'esf'),
(926, 'EQUIPE 02', 35, '470376', 'True', 'esf'),
(927, 'ESF 0613/15 - AROEIRA', 144, '471550', 'True', 'esf'),
(928, 'ESF 0595/04 - ANGELIM-DO-CERRADO', 58, '471569', 'True', 'esf'),
(929, 'ESF 0596/05 - SUCUPIRA', 58, '471577', 'True', 'esf'),
(930, 'ESF 0604/09 - ROTA DO CAVALO', 92, '471585', 'True', 'esf'),
(931, 'ESF 0592/01 - PALMEIRAS', 8, '471607', 'True', 'esf'),
(932, 'ESF 0593/02 - FLOR DO CERRADO', 77, '471615', 'True', 'esf'),
(933, 'ESF 0605/10 - BASEVI', 48, '471623', 'True', 'esf'),
(934, 'ESF 0615/05 - MINI-CHÁCARAS', 154, '471631', 'True', 'esf'),
(935, 'ESF 0614/04 - VALE DOS PINHEIROS', 59, '471658', 'True', 'esf'),
(936, 'ESF 0612/14 - SERRA AZUL', 45, '471666', 'True', 'esf'),
(937, 'ESF 0616/06 - VALE DAS ACÁCIAS', 78, '471674', 'True', 'esf'),
(938, 'EQUIPE 05 - AMARELA - AREA 0646', 153, '471682', 'True', 'esf'),
(939, 'EQUIPE 01 - VERMELHA - AREA 0642', 140, '471690', 'True', 'esf'),
(940, 'EQUIPE 01 - ROXA - AREA 0643', 46, '471704', 'True', 'esf'),
(941, 'EQUIPE 06 - VERDE - AREA 0644', 60, '471712', 'True', 'esf'),
(942, 'EQUIPE 07 - AZUL - AREA 0648', 129, '471747', 'True', 'esf'),
(943, 'EQUIPE 08 - LARANJA - AREA 0649', 96, '471755', 'True', 'esf'),
(944, 'EQUIPE 01 - BRANCA - AREA 0001', 158, '471763', 'True', 'esf'),
(945, ' EQUIPE 203-01', 36, '469122', 'True', 'esf'),
(946, 'EQUIPE 01', 35, '470252', 'True', 'esf'),
(947, 'EQUIPE 08 - LARANJA - AREA 0647', 79, '0471739', 'True', 'esf'),
(948, ' EQUIPE 07', 10, '2176009', 'True', 'esf'),
(949, ' EQUIPE 05', 17, '2235161', 'True', 'esf'),
(950, 'EQUIPE CANTINHO DA SAÚDE ', 148, '468401', 'True', 'esf'),
(951, 'EQUIPE 244-23', 68, '1609483', 'True', 'esf'),
(952, ' EQ 15 - DOURADA', 15, '1668986', 'True', 'esf'),
(953, ' ESF 0374/38 - BORBOLETA AZUL', 83, '469645', 'True', 'esf'),
(954, 'EQUIPE 531-14/ A', 23, '1619098', 'True', 'esf'),
(955, 'EQUIPE 543-26/ H', 23, '1668625', 'True', 'esf'),
(956, 'EQUIPE 524-07', 23, '471054', 'True', 'esf'),
(957, '  EQUIPE 4 - BRANCA ÁREA 0118', 26, '1665219', 'True', 'esf'),
(958, ' EQUIPE 518-01', 128, ' 0471100', 'True', 'esf');

INSERT INTO "public"."gsap" ("id", "nome", "regiao_admin_id") VALUES
(1, 'GERÊNCIA DE SERVIÇOS DE ATENÇÃO PRIMÁRIA 02 - RIACHO FUNDO II', 25),
(2, 'GERÊNCIA DE SERVIÇOS DE ATENÇÃO PRIMÁRIA 03 - SÃO SEBASTIÃO', 5),
(3, 'GERÊNCIA DE SERVIÇOS DE ATENÇÃO PRIMÁRIA 01 - PARANOÁ', 19),
(4, 'GERÊNCIA DE SERVIÇOS DE ATENÇÃO PRIMÁRIA 02 - PARANOÁ', 19),
(5, 'GERÊNCIA DE SERVIÇOS DE ATENÇÃO PRIMÁRIA 03 - PARANOÁ', 19),
(6, 'GERÊNCIA DE SERVIÇOS DE ATENÇÃO PRIMÁRIA 01 - SÃO SEBASTIÃO', 5),
(7, 'GERÊNCIA DE SERVIÇOS DE ATENÇÃO PRIMÁRIA 02 - SÃO SEBASTIÃO', 5),
(8, 'GERÊNCIA DE SERVIÇOS DE ATENÇÃO PRIMÁRIA 01 - PLANALTINA', 21),
(9, 'GERÊNCIA DE SERVIÇOS DE ATENÇÃO PRIMÁRIA 02 - PLANALTINA', 21),
(10, 'GERÊNCIA DE SERVIÇOS DE ATENÇÃO PRIMÁRIA 04 - PLANALTINA', 21),
(11, 'GERÊNCIA DE SERVIÇOS DE ATENÇÃO PRIMÁRIA 03 - PLANALTINA', 21),
(12, 'GERÊNCIA DE SERVIÇOS DE ATENÇÃO PRIMÁRIA 02 - SOBRADINHO', 13),
(13, 'GERÊNCIA DE SERVIÇOS DE ATENÇÃO PRIMÁRIA 01 - SOBRADINHO', 13),
(14, 'GERÊNCIA DE SERVIÇOS DE ATENÇÃO PRIMÁRIA 03 - SOBRADINHO', 14),
(15, 'GERÊNCIA DE SERVIÇOS DE ATENÇÃO PRIMÁRIA 01 - BRAZLÂNDIA', 1),
(16, 'GERÊNCIA DE SERVIÇOS DE ATENÇÃO PRIMÁRIA 02 - BRAZLÂNDIA', 1),
(17, 'GERÊNCIA DE SERVIÇOS DE ATENÇÃO PRIMÁRIA 03 - BRAZLÂNDIA', 1),
(18, 'GERÊNCIA DE SERVIÇOS DE ATENÇÃO PRIMÁRIA 01 - CEILÂNDIA', 3),
(19, 'GERÊNCIA DE SERVIÇOS DE ATENÇÃO PRIMÁRIA 02 - CEILÂNDIA', 3),
(20, 'GERÊNCIA DE SERVIÇOS DE ATENÇÃO PRIMÁRIA 03 - CEILÂNDIA', 3),
(21, 'GERÊNCIA DE SERVIÇOS DE ATENÇÃO PRIMÁRIA 04 - CEILÂNDIA', 3),
(22, 'GERÊNCIA DE SERVIÇOS DE ATENÇÃO PRIMÁRIA 01 - ÁGUAS CLARAS', 28),
(23, 'GERÊNCIA DE SERVIÇOS DE ATENÇÃO PRIMÁRIA 01 - RECANTO DAS EMAS', 23),
(24, 'GERÊNCIA DE SERVIÇOS DE ATENÇÃO PRIMÁRIA 02 - RECANTO DAS EMAS', 23),
(25, 'GERÊNCIA DE SERVIÇOS DE ATENÇÃO PRIMÁRIA 03 - RECANTO DAS EMAS', 23),
(26, 'GERÊNCIA DE SERVIÇOS DE ATENÇÃO PRIMÁRIA 04 - RECANTO DAS EMAS', 23),
(27, 'GERÊNCIA DE SERVIÇOS DE ATENÇÃO PRIMÁRIA 02 - SAMAMBAIA', 26),
(28, 'GERÊNCIA DE SERVIÇOS DE ATENÇÃO PRIMÁRIA 04 - SAMAMBAIA', 26),
(29, 'GERÊNCIA DE SERVIÇOS DE ATENÇÃO PRIMÁRIA 03 - SAMAMBAIA', 26),
(30, 'GERÊNCIA DE SERVIÇOS DE ATENÇÃO PRIMÁRIA 01 - SAMAMBAIA', 26),
(31, 'GERÊNCIA DE SERVIÇOS DE ATENÇÃO PRIMÁRIA 01 - TAGUATINGA', 15),
(32, 'GERÊNCIA DE SERVIÇOS DE ATENÇÃO PRIMÁRIA 02 - TAGUATINGA', 15),
(33, 'GERÊNCIA DE SERVIÇOS DE ATENÇÃO PRIMÁRIA 03 - TAGUATINGA', 15),
(34, 'GERÊNCIA DE SERVIÇOS DE ATENÇÃO PRIMÁRIA 01 - VICENTE PIRES', 17),
(35, 'GERÊNCIA DE SERVIÇOS DE ATENÇÃO PRIMÁRIA 02 - GAMA', 8),
(36, 'GERÊNCIA DE SERVIÇOS DE ATENÇÃO PRIMÁRIA 03 - GAMA', 8),
(37, 'GERÊNCIA DE SERVIÇOS DE ATENÇÃO PRIMÁRIA 04 - GAMA', 8),
(38, 'GERÊNCIA DE SERVIÇOS DE ATENÇÃO PRIMÁRIA 05 - GAMA', 8),
(39, 'GERÊNCIA DE SERVIÇOS DE ATENÇÃO PRIMÁRIA 01 - SANTA MARIA', 4),
(40, 'GERÊNCIA DE SERVIÇOS DE ATENÇÃO PRIMÁRIA 02 - SANTA MARIA', 4),
(41, 'GERÊNCIA DE SERVIÇOS DE ATENÇÃO PRIMÁRIA 04 - SANTA MARIA', 4),
(42, 'GERÊNCIA DE SERVIÇOS DE ATENÇÃO PRIMÁRIA 06 - SANTA MARIA', 4),
(43, 'GERÊNCIA DE SERVIÇOS DE ATENÇÃO PRIMÁRIA 01 - GAMA', 8),
(44, 'GERÊNCIA DE SERVIÇOS DE ATENÇÃO PRIMÁRIA 01 - CRUZEIRO', 6),
(45, 'GERÊNCIA DE SERVIÇOS DE ATENÇÃO PRIMÁRIA 02 - CRUZEIRO', 6),
(46, 'GERÊNCIA DE SERVIÇOS DE ATENÇÃO PRIMÁRIA 01 - LAGO NORTE', 11),
(47, 'GERÊNCIA DE SERVIÇOS DE ATENÇÃO PRIMÁRIA 01 - ASA NORTE', 22),
(48, 'GERÊNCIA DE SERVIÇOS DE ATENÇÃO PRIMÁRIA 01 - ASA SUL', 22),
(49, 'GERÊNCIA DE SERVIÇOS DE ATENÇÃO PRIMÁRIA 02 - ASA NORTE', 22),
(50, 'GERÊNCIA DE SERVIÇOS DE ATENÇÃO PRIMÁRIA 03 - ASA NORTE', 22),
(51, 'GERÊNCIA DE SERVIÇOS DE ATENÇÃO PRIMÁRIA - VARJÃO', 16),
(52, 'GERÊNCIA DE SERVIÇOS DE ATENÇÃO PRIMÁRIA 01 - CANDANGOLÂNDIA', 2),
(53, 'GERÊNCIA DE SERVIÇOS DE ATENÇÃO PRIMÁRIA 01 - GUARÁ', 9),
(54, 'GERÊNCIA DE SERVIÇOS DE ATENÇÃO PRIMÁRIA 02 - GUARÁ', 9),
(55, 'GERÊNCIA DE SERVIÇOS DE ATENÇÃO PRIMÁRIA 03 - GUARÁ', 9),
(56, 'GERÊNCIA DE SERVIÇOS DE ATENÇÃO PRIMÁRIA 04 - GUARÁ', 9),
(57, 'GERÊNCIA DE SERVIÇOS DE ATENÇÃO PRIMÁRIA 01 - NÚCLEO BANDEIRANTE', 18),
(58, 'GERÊNCIA DE SERVIÇOS DE ATENÇÃO PRIMÁRIA 01 - RIACHO FUNDO I', 24),
(59, 'GERÊNCIA DE SERVIÇOS DE ATENÇÃO PRIMÁRIA 01 - RIACHO FUNDO II', 25),
(60, 'GERÊNCIA DE SERVIÇOS DE ATENÇÃO PRIMÁRIA 01 - ESTRUTURAL', 27),
(61, 'GERÊNCIA DE SERVIÇOS DE ATENÇÃO PRIMÁRIA 01 - ITAPOÃ', 10),
(62, 'GERÊNCIA DE SERVIÇOS DE ATENÇÃO PRIMÁRIA 02 - ITAPOÃ', 10),
(63, 'GERÊNCIA DE SERVIÇOS DE ATENÇÃO PRIMÁRIA 02 - RIACHO FUNDO I', 24),
(64, 'GERÊNCIA DE SERVIÇOS DE ATENÇÃO PRIMÁRIA 04 - SÃO SEBASTIÃO', 5),
(65, 'GERÊNCIA DE SERVIÇOS DE ATENÇÃO PRIMÁRIA 07 - SOBRADINHO', 7),
(66, 'GERÊNCIA DE SERVIÇOS DE ATENÇÃO PRIMÁRIA 08 - PLANALTINA', 21),
(67, 'GERÊNCIA DE SERVIÇOS DE ATENÇÃO PRIMÁRIA 09 - PLANALTINA', 21),
(68, 'GERÊNCIA DE SERVIÇOS DE ATENÇÃO PRIMÁRIA 06 - PLANALTINA', 21),
(69, 'GERÊNCIA DE SERVIÇOS DE ATENÇÃO PRIMÁRIA 07 - PLANALTINA', 21),
(70, 'GERÊNCIA DE SERVIÇOS DE ATENÇÃO PRIMÁRIA 05 - PLANALTINA', 21),
(71, 'GERÊNCIA DE SERVIÇOS DE ATENÇÃO PRIMÁRIA 04 - SOBRADINHO', 13),
(72, 'GERÊNCIA DE SERVIÇOS DE ATENÇÃO PRIMÁRIA 05 - SOBRADINHO', 14),
(73, 'GERÊNCIA DE SERVIÇOS DE ATENÇÃO PRIMÁRIA 06 - SOBRADINHO', 14),
(74, 'GERÊNCIA DE SERVIÇOS DE ATENÇÃO PRIMÁRIA 05 - CEILÂNDIA', 3),
(75, 'GERÊNCIA DE SERVIÇOS DE ATENÇÃO PRIMÁRIA 06 - CEILÂNDIA', 3),
(76, 'GERÊNCIA DE SERVIÇOS DE ATENÇÃO PRIMÁRIA 07 - CEILÂNDIA', 3),
(77, 'GERÊNCIA DE SERVIÇOS DE ATENÇÃO PRIMÁRIA 08 - CEILÂNDIA', 3),
(78, 'GERÊNCIA DE SERVIÇOS DE ATENÇÃO PRIMÁRIA 09 - CEILÂNDIA', 3),
(79, 'GERÊNCIA DE SERVIÇOS DE ATENÇÃO PRIMÁRIA 10 - CEILÂNDIA', 3),
(80, 'GERÊNCIA DE SERVIÇOS DE ATENÇÃO PRIMÁRIA 11 - CEILÂNDIA', 3),
(81, 'GERÊNCIA DE SERVIÇOS DE ATENÇÃO PRIMÁRIA 12 - CEILÂNDIA', 3),
(82, 'GERÊNCIA DE SERVIÇOS DE ATENÇÃO PRIMÁRIA 13 - CEILÂNDIA', 3),
(83, 'GERÊNCIA DE SERVIÇOS DE ATENÇÃO PRIMÁRIA 14 - CEILÂNDIA', 3),
(84, 'GERÊNCIA DE SERVIÇOS DE ATENÇÃO PRIMÁRIA 15 - CEILÂNDIA', 3),
(85, 'GERÊNCIA DE SERVIÇOS DE ATENÇÃO PRIMÁRIA 17 - CEILÂNDIA', 3),
(86, 'GERÊNCIA DE SERVIÇOS DE ATENÇÃO PRIMÁRIA 18 - CEILÂNDIA', 3),
(87, 'GERÊNCIA DE SERVIÇOS DE ATENÇÃO PRIMÁRIA 16 - CEILÂNDIA', 3),
(88, 'GERÊNCIA DE SERVIÇOS DE ATENÇÃO PRIMÁRIA 05 - RECANTO DAS EMAS', 23),
(89, 'GERÊNCIA DE SERVIÇOS DE ATENÇÃO PRIMÁRIA 09 - SAMAMBAIA', 26),
(90, 'GERÊNCIA DE SERVIÇOS DE ATENÇÃO PRIMÁRIA 05 - SAMAMBAIA', 26),
(91, 'GERÊNCIA DE SERVIÇOS DE ATENÇÃO PRIMÁRIA 06 - SAMAMBAIA', 26),
(92, 'GERÊNCIA DE SERVIÇOS DE ATENÇÃO PRIMÁRIA 07 - SAMAMBAIA', 26),
(93, 'GERÊNCIA DE SERVIÇOS DE ATENÇÃO PRIMÁRIA 08 - SAMAMBAIA', 26),
(94, 'GERÊNCIA DE SERVIÇOS DE ATENÇÃO PRIMÁRIA 05 - TAGUATINGA', 15),
(95, 'GERÊNCIA DE SERVIÇOS DE ATENÇÃO PRIMÁRIA 06 - TAGUATINGA', 15),
(96, 'GERÊNCIA DE SERVIÇOS DE ATENÇÃO PRIMÁRIA 07 - TAGUATINGA', 15),
(97, 'GERÊNCIA DE SERVIÇOS DE ATENÇÃO PRIMÁRIA 08 - TAGUATINGA', 15),
(98, 'GERÊNCIA DE SERVIÇOS DE ATENÇÃO PRIMÁRIA 06 - GAMA ', 8),
(99, 'GERÊNCIA DE SERVIÇOS DE ATENÇÃO PRIMÁRIA 07 - GAMA', 8),
(100, 'GERÊNCIA DE SERVIÇOS DE ATENÇÃO PRIMÁRIA 05 - SANTA MARIA', 4),
(101, 'GERÊNCIA DE SERVIÇOS DE ATENÇÃO PRIMÁRIA 02 - RIACHO FUNDO II', 25),
(102, 'GERÊNCIA DE SERVIÇOS DE ATENÇÃO PRIMÁRIA 03 - SÃO SEBASTIÃO', 5),
(103, 'GERÊNCIA DE SERVIÇOS DE ATENÇÃO PRIMÁRIA 01 - PARANOÁ', 19),
(104, 'GERÊNCIA DE SERVIÇOS DE ATENÇÃO PRIMÁRIA 02 - PARANOÁ', 19),
(105, 'GERÊNCIA DE SERVIÇOS DE ATENÇÃO PRIMÁRIA 03 - PARANOÁ', 19),
(106, 'GERÊNCIA DE SERVIÇOS DE ATENÇÃO PRIMÁRIA 01 - SÃO SEBASTIÃO', 5),
(107, 'GERÊNCIA DE SERVIÇOS DE ATENÇÃO PRIMÁRIA 02 - SÃO SEBASTIÃO', 5),
(108, 'GERÊNCIA DE SERVIÇOS DE ATENÇÃO PRIMÁRIA 01 - PLANALTINA', 21),
(109, 'GERÊNCIA DE SERVIÇOS DE ATENÇÃO PRIMÁRIA 02 - PLANALTINA', 21),
(110, 'GERÊNCIA DE SERVIÇOS DE ATENÇÃO PRIMÁRIA 04 - PLANALTINA', 21),
(111, 'GERÊNCIA DE SERVIÇOS DE ATENÇÃO PRIMÁRIA 03 - PLANALTINA', 21),
(112, 'GERÊNCIA DE SERVIÇOS DE ATENÇÃO PRIMÁRIA 02 - SOBRADINHO', 13),
(113, 'GERÊNCIA DE SERVIÇOS DE ATENÇÃO PRIMÁRIA 01 - SOBRADINHO', 13),
(114, 'GERÊNCIA DE SERVIÇOS DE ATENÇÃO PRIMÁRIA 03 - SOBRADINHO', 14),
(115, 'GERÊNCIA DE SERVIÇOS DE ATENÇÃO PRIMÁRIA 01 - BRAZLÂNDIA', 1),
(116, 'GERÊNCIA DE SERVIÇOS DE ATENÇÃO PRIMÁRIA 02 - BRAZLÂNDIA', 1),
(117, 'GERÊNCIA DE SERVIÇOS DE ATENÇÃO PRIMÁRIA 03 - BRAZLÂNDIA', 1),
(118, 'GERÊNCIA DE SERVIÇOS DE ATENÇÃO PRIMÁRIA 01 - CEILÂNDIA', 3),
(119, 'GERÊNCIA DE SERVIÇOS DE ATENÇÃO PRIMÁRIA 02 - CEILÂNDIA', 3),
(120, 'GERÊNCIA DE SERVIÇOS DE ATENÇÃO PRIMÁRIA 03 - CEILÂNDIA', 3),
(121, 'GERÊNCIA DE SERVIÇOS DE ATENÇÃO PRIMÁRIA 04 - CEILÂNDIA', 3),
(122, 'GERÊNCIA DE SERVIÇOS DE ATENÇÃO PRIMÁRIA 01 - ÁGUAS CLARAS', 28),
(123, 'GERÊNCIA DE SERVIÇOS DE ATENÇÃO PRIMÁRIA 01 - RECANTO DAS EMAS', 23),
(124, 'GERÊNCIA DE SERVIÇOS DE ATENÇÃO PRIMÁRIA 02 - RECANTO DAS EMAS', 23),
(125, 'GERÊNCIA DE SERVIÇOS DE ATENÇÃO PRIMÁRIA 03 - RECANTO DAS EMAS', 23),
(126, 'GERÊNCIA DE SERVIÇOS DE ATENÇÃO PRIMÁRIA 04 - RECANTO DAS EMAS', 23),
(127, 'GERÊNCIA DE SERVIÇOS DE ATENÇÃO PRIMÁRIA 02 - SAMAMBAIA', 26),
(128, 'GERÊNCIA DE SERVIÇOS DE ATENÇÃO PRIMÁRIA 04 - SAMAMBAIA', 26),
(129, 'GERÊNCIA DE SERVIÇOS DE ATENÇÃO PRIMÁRIA 03 - SAMAMBAIA', 26),
(130, 'GERÊNCIA DE SERVIÇOS DE ATENÇÃO PRIMÁRIA 01 - SAMAMBAIA', 26),
(131, 'GERÊNCIA DE SERVIÇOS DE ATENÇÃO PRIMÁRIA 01 - TAGUATINGA', 15),
(132, 'GERÊNCIA DE SERVIÇOS DE ATENÇÃO PRIMÁRIA 02 - TAGUATINGA', 15),
(133, 'GERÊNCIA DE SERVIÇOS DE ATENÇÃO PRIMÁRIA 03 - TAGUATINGA', 15),
(134, 'GERÊNCIA DE SERVIÇOS DE ATENÇÃO PRIMÁRIA 01 - VICENTE PIRES', 17),
(135, 'GERÊNCIA DE SERVIÇOS DE ATENÇÃO PRIMÁRIA 02 - GAMA', 8),
(136, 'GERÊNCIA DE SERVIÇOS DE ATENÇÃO PRIMÁRIA 03 - GAMA', 8),
(137, 'GERÊNCIA DE SERVIÇOS DE ATENÇÃO PRIMÁRIA 04 - GAMA', 8),
(138, 'GERÊNCIA DE SERVIÇOS DE ATENÇÃO PRIMÁRIA 05 - GAMA', 8),
(139, 'GERÊNCIA DE SERVIÇOS DE ATENÇÃO PRIMÁRIA 01 - SANTA MARIA', 4),
(140, 'GERÊNCIA DE SERVIÇOS DE ATENÇÃO PRIMÁRIA 02 - SANTA MARIA', 4),
(141, 'GERÊNCIA DE SERVIÇOS DE ATENÇÃO PRIMÁRIA 04 - SANTA MARIA', 4),
(142, 'GERÊNCIA DE SERVIÇOS DE ATENÇÃO PRIMÁRIA 06 - SANTA MARIA', 4),
(143, 'GERÊNCIA DE SERVIÇOS DE ATENÇÃO PRIMÁRIA 01 - GAMA', 8),
(144, 'GERÊNCIA DE SERVIÇOS DE ATENÇÃO PRIMÁRIA 01 - CRUZEIRO', 6),
(145, 'GERÊNCIA DE SERVIÇOS DE ATENÇÃO PRIMÁRIA 02 - CRUZEIRO', 6),
(146, 'GERÊNCIA DE SERVIÇOS DE ATENÇÃO PRIMÁRIA 01 - LAGO NORTE', 11),
(147, 'GERÊNCIA DE SERVIÇOS DE ATENÇÃO PRIMÁRIA 01 - ASA NORTE', 22),
(148, 'GERÊNCIA DE SERVIÇOS DE ATENÇÃO PRIMÁRIA 01 - ASA SUL', 22),
(149, 'GERÊNCIA DE SERVIÇOS DE ATENÇÃO PRIMÁRIA 02 - ASA NORTE', 22),
(150, 'GERÊNCIA DE SERVIÇOS DE ATENÇÃO PRIMÁRIA 03 - ASA NORTE', 22),
(151, 'GERÊNCIA DE SERVIÇOS DE ATENÇÃO PRIMÁRIA - VARJÃO', 16),
(152, 'GERÊNCIA DE SERVIÇOS DE ATENÇÃO PRIMÁRIA 01 - CANDANGOLÂNDIA', 2),
(153, 'GERÊNCIA DE SERVIÇOS DE ATENÇÃO PRIMÁRIA 01 - GUARÁ', 9),
(154, 'GERÊNCIA DE SERVIÇOS DE ATENÇÃO PRIMÁRIA 02 - GUARÁ', 9),
(155, 'GERÊNCIA DE SERVIÇOS DE ATENÇÃO PRIMÁRIA 03 - GUARÁ', 9),
(156, 'GERÊNCIA DE SERVIÇOS DE ATENÇÃO PRIMÁRIA 04 - GUARÁ', 9),
(157, 'GERÊNCIA DE SERVIÇOS DE ATENÇÃO PRIMÁRIA 01 - NÚCLEO BANDEIRANTE', 18),
(158, 'GERÊNCIA DE SERVIÇOS DE ATENÇÃO PRIMÁRIA 01 - RIACHO FUNDO I', 24),
(159, 'GERÊNCIA DE SERVIÇOS DE ATENÇÃO PRIMÁRIA 01 - RIACHO FUNDO II', 25),
(160, 'GERÊNCIA DE SERVIÇOS DE ATENÇÃO PRIMÁRIA 01 - ESTRUTURAL', 27),
(161, 'GERÊNCIA DE SERVIÇOS DE ATENÇÃO PRIMÁRIA 01 - ITAPOÃ', 10),
(162, 'GERÊNCIA DE SERVIÇOS DE ATENÇÃO PRIMÁRIA 02 - ITAPOÃ', 10),
(163, 'GERÊNCIA DE SERVIÇOS DE ATENÇÃO PRIMÁRIA 02 - RIACHO FUNDO I', 24),
(164, 'GERÊNCIA DE SERVIÇOS DE ATENÇÃO PRIMÁRIA 04 - SÃO SEBASTIÃO', 5),
(165, 'GERÊNCIA DE SERVIÇOS DE ATENÇÃO PRIMÁRIA 07 - SOBRADINHO', 7),
(166, 'GERÊNCIA DE SERVIÇOS DE ATENÇÃO PRIMÁRIA 08 - PLANALTINA', 21),
(167, 'GERÊNCIA DE SERVIÇOS DE ATENÇÃO PRIMÁRIA 09 - PLANALTINA', 21),
(168, 'GERÊNCIA DE SERVIÇOS DE ATENÇÃO PRIMÁRIA 06 - PLANALTINA', 21),
(169, 'GERÊNCIA DE SERVIÇOS DE ATENÇÃO PRIMÁRIA 07 - PLANALTINA', 21),
(170, 'GERÊNCIA DE SERVIÇOS DE ATENÇÃO PRIMÁRIA 05 - PLANALTINA', 21),
(171, 'GERÊNCIA DE SERVIÇOS DE ATENÇÃO PRIMÁRIA 04 - SOBRADINHO', 13),
(172, 'GERÊNCIA DE SERVIÇOS DE ATENÇÃO PRIMÁRIA 05 - SOBRADINHO', 14),
(173, 'GERÊNCIA DE SERVIÇOS DE ATENÇÃO PRIMÁRIA 06 - SOBRADINHO', 14),
(174, 'GERÊNCIA DE SERVIÇOS DE ATENÇÃO PRIMÁRIA 05 - CEILÂNDIA', 3),
(175, 'GERÊNCIA DE SERVIÇOS DE ATENÇÃO PRIMÁRIA 06 - CEILÂNDIA', 3),
(176, 'GERÊNCIA DE SERVIÇOS DE ATENÇÃO PRIMÁRIA 07 - CEILÂNDIA', 3),
(177, 'GERÊNCIA DE SERVIÇOS DE ATENÇÃO PRIMÁRIA 08 - CEILÂNDIA', 3),
(178, 'GERÊNCIA DE SERVIÇOS DE ATENÇÃO PRIMÁRIA 09 - CEILÂNDIA', 3),
(179, 'GERÊNCIA DE SERVIÇOS DE ATENÇÃO PRIMÁRIA 10 - CEILÂNDIA', 3),
(180, 'GERÊNCIA DE SERVIÇOS DE ATENÇÃO PRIMÁRIA 11 - CEILÂNDIA', 3),
(181, 'GERÊNCIA DE SERVIÇOS DE ATENÇÃO PRIMÁRIA 12 - CEILÂNDIA', 3),
(182, 'GERÊNCIA DE SERVIÇOS DE ATENÇÃO PRIMÁRIA 13 - CEILÂNDIA', 3),
(183, 'GERÊNCIA DE SERVIÇOS DE ATENÇÃO PRIMÁRIA 14 - CEILÂNDIA', 3),
(184, 'GERÊNCIA DE SERVIÇOS DE ATENÇÃO PRIMÁRIA 15 - CEILÂNDIA', 3),
(185, 'GERÊNCIA DE SERVIÇOS DE ATENÇÃO PRIMÁRIA 17 - CEILÂNDIA', 3),
(186, 'GERÊNCIA DE SERVIÇOS DE ATENÇÃO PRIMÁRIA 18 - CEILÂNDIA', 3),
(187, 'GERÊNCIA DE SERVIÇOS DE ATENÇÃO PRIMÁRIA 16 - CEILÂNDIA', 3),
(188, 'GERÊNCIA DE SERVIÇOS DE ATENÇÃO PRIMÁRIA 05 - RECANTO DAS EMAS', 23),
(189, 'GERÊNCIA DE SERVIÇOS DE ATENÇÃO PRIMÁRIA 09 - SAMAMBAIA', 26),
(190, 'GERÊNCIA DE SERVIÇOS DE ATENÇÃO PRIMÁRIA 05 - SAMAMBAIA', 26),
(191, 'GERÊNCIA DE SERVIÇOS DE ATENÇÃO PRIMÁRIA 06 - SAMAMBAIA', 26),
(192, 'GERÊNCIA DE SERVIÇOS DE ATENÇÃO PRIMÁRIA 07 - SAMAMBAIA', 26),
(193, 'GERÊNCIA DE SERVIÇOS DE ATENÇÃO PRIMÁRIA 08 - SAMAMBAIA', 26),
(194, 'GERÊNCIA DE SERVIÇOS DE ATENÇÃO PRIMÁRIA 05 - TAGUATINGA', 15),
(195, 'GERÊNCIA DE SERVIÇOS DE ATENÇÃO PRIMÁRIA 06 - TAGUATINGA', 15),
(196, 'GERÊNCIA DE SERVIÇOS DE ATENÇÃO PRIMÁRIA 07 - TAGUATINGA', 15),
(197, 'GERÊNCIA DE SERVIÇOS DE ATENÇÃO PRIMÁRIA 08 - TAGUATINGA', 15),
(198, 'GERÊNCIA DE SERVIÇOS DE ATENÇÃO PRIMÁRIA 06 - GAMA ', 8),
(199, 'GERÊNCIA DE SERVIÇOS DE ATENÇÃO PRIMÁRIA 07 - GAMA', 8),
(200, 'GERÊNCIA DE SERVIÇOS DE ATENÇÃO PRIMÁRIA 05 - SANTA MARIA', 4);

INSERT INTO "public"."regiao_admin" ("id", "nome", "regiao_saude_id") VALUES
(1, 'BRAZLÂNDIA', 8),
(2, 'CANDANGOLÂNDIA', 5),
(3, 'CEILÂNDIA', 8),
(4, 'SANTA MARIA', 10),
(5, 'SÃO SEBASTIÃO', 6),
(6, 'CRUZEIRO', 4),
(7, 'FERCAL', 7),
(8, 'GAMA', 10),
(9, 'GUARÁ', 5),
(10, 'ITAPOÃ', 6),
(11, 'LAGO NORTE', 4),
(12, 'SIA', 5),
(13, 'SOBRADINHO', 7),
(14, 'SOBRADINHO II', 7),
(15, 'TAGUATINGA', 9),
(16, 'VARJÃO', 4),
(17, 'VICENTE PIRES', 9),
(18, 'NÚCLEO BANDEIRANTE', 5),
(19, 'PARANOÁ', 6),
(20, 'PARK WAY', 5),
(21, 'PLANALTINA', 7),
(22, 'PLANO PILOTO', 4),
(23, 'RECANTO DAS EMAS', 9),
(24, 'RIACHO FUNDO I', 5),
(25, 'RIACHO FUNDO II', 5),
(26, 'SAMAMBAIA', 9),
(27, 'SCIA/ESTRUTURAL', 5),
(28, 'ÁGUAS CLARAS', 9);

INSERT INTO "public"."regiao_saude" ("id", "nome", "sigla") VALUES
(4, 'CENTRAL', 'SRSCE'),
(5, 'CENTRO-SUL', 'SRSCS'),
(6, 'LESTE', 'SRSLE'),
(7, 'NORTE', 'SRSNO'),
(8, 'OESTE', 'SRSOE'),
(9, 'SUDOESTE', 'SRSSO'),
(10, 'SUL', 'SRSSU');

INSERT INTO "public"."ubs" ("id", "nome", "gsap_id", "sigla", "cnes", "tipo", "rural", "telefone", "endereco", "ponto_eletronico", "agd_acesso_avancado", "agd_ordem_chegada", "agd_bloco_horas", "agd_horario_marcado", "agd_turno", "realiza_ecg_ubs", "farmaciafornecimento_usuarios", "presenca_supervisao_farmaceutico", "dispensacao_psicotropico", "coleta_laboratorial", "imunizacao", "horario_funcionamento_sala_vacina", "bcg", "formato_uso_esus_ab", "cadeiras_odonto_funcionamento", "esf_completas", "esf_incompletas", "total_esf", "total_esb", "total_nasf", "total_ecr", "total_prisional", "total_equipe_socio_educativo", "nu_min_ent_inloco", "tipologia", "horario_funcionamento", "latitude", "longitude") VALUES
(1, 'UNIDADE BÁSICA DE SAÚDE Nº 13 - GAMA', 99, 'UBS Nº 13 - GAMA', '470104', 'nan', 'nan', 'nan', 'nan', 'nan', 'nan', 'nan', 'nan', 'nan', 'nan', 'nan', 'nan', 'nan', 'nan', 'nan', 'nan', 'nan', 'nan', 'nan', 'nan', 'nan', 'nan', 'nan', 'nan', 'nan', 'nan', 'nan', 'nan', '84', 'nan', 'nan', 'nan', 'nan'),
(2, 'UNIDADE BÁSICA DE SAÚDE Nº 01 - JARDINS MANGUEIRAL', 2, 'UBS Nº 01 - JARDINS MANGUEIRAL', '736260', 'nan', 'nan', 'nan', 'nan', 'nan', 'nan', 'nan', 'nan', 'nan', 'nan', 'nan', 'nan', 'nan', 'nan', 'nan', 'nan', 'nan', 'nan', 'nan', 'nan', 'nan', 'nan', 'nan', 'nan', 'nan', 'nan', 'nan', 'nan', '55', 'nan', 'nan', 'nan', 'nan'),
(3, 'UNIDADE BÁSICA DE SAÚDE Nº 10 - RECANTO DAS EMAS', 23, 'UBS Nº 10 - RECANTO DAS EMAS', '3144623', 'UBS TIPO 1', 'NÃO', '99166-9596', 'QUADRA 511/311 LOTE 01 AV. MONJOLO', 'NÃO', 'NÃO', 'NÃO', 'NÃO', 'SIM', 'NÃO', 'NÃO', 'CAUTELA', 'NÃO', 'NÃO', 'NÃO', 'NÃO', 'NÃO', 'NÃO', 'OFFLINE', '1.0', '0.0', '2.0', '2.0', '1.0', '0.0', '0.0', '0.0', '0.0', '19', 'E', 'das 07h às 17h de segunda a sexta', '-15,933119', '-48,106438'),
(4, 'UNIDADE BÁSICA DE SAÚDE Nº 01 - CRUZEIRO', 44, 'UBS Nº 01 - CRUZEIRO', '10731', 'UBS TIPO 2', 'NÃO', '2017-1900 RAMAL 4245', 'SHCES Quadra 601 LT 01 Àrea especial', 'SIM', 'NÃO', 'NÃO', 'NÃO', 'SIM', 'NÃO', 'NÃO', 'SIM', 'SIM', 'SIM', 'SIM - DIÁRIO', 'SIM', '08 às 18:30h segunda a sexta e sábado 08 às 11:30h', 'QUINTA - FEIRA', 'ONLINE', '2.0', '0.0', '5.0', '5.0', '2.0', '1.0', '0.0', '0.0', '1.0', '9', 'B', 'das 07h às 19h de segunda a sexta, e sábado das 07h às 12h ', '-15,800747', '-47,942181'),
(5, 'UNIDADE BÁSICA DE SAÚDE Nº 13 - SAMAMBAIA', 27, 'UBS Nº 13 - SAMAMBAIA', '9647597', 'UBS TIPO 1', 'NÃO', 'não tem', 'QS 615 A AREA ESPECIAL 1', 'NÃO', 'NÃO', 'NÃO', 'SIM', 'NÃO', 'NÃO', 'NÃO', 'NÃO', 'NÃO', 'NÃO', 'NÃO', 'NÃO', 'NÃO', 'NÃO', 'OFFLINE', '0.0', '1.0', '2.0', '3.0', '0.0', '0.0', '0.0', '0.0', '0.0', '41', 'nan', 'das 07h às 18h de segunda a sexta', '-15,876583', '-48,115639'),
(6, 'UNIDADE BÁSICA DE SAÚDE Nº 07 - SOBRADINHO II', 14, 'UBS Nº 07 - SOBRADINHO II', '957755', 'nan', 'nan', 'nan', 'nan', 'nan', 'nan', 'nan', 'nan', 'nan', 'nan', 'nan', 'nan', 'nan', 'nan', 'nan', 'nan', 'nan', 'nan', 'nan', 'nan', 'nan', 'nan', 'nan', 'nan', 'nan', 'nan', 'nan', 'nan', '56', 'nan', 'nan', 'nan', 'nan'),
(7, 'UNIDADE BÁSICA DE SAÚDE Nº 01 - ESTRUTURAL', 60, 'UBS Nº 01 - ESTRUTURAL', '2779374', 'UBS TIPO 2', 'NÃO', '2017-1145 (R-4111)', 'AE 01 Setor Central Vila Estrutural CEP 71.255-030', 'SIM', 'NÃO', 'NÃO', 'NÃO', 'SIM', 'NÃO', 'SIM', 'SIM', 'SIM', 'SIM', 'SIM - DIÁRIO', 'SIM', '07:30h às 18:30h segunda a sexta e sábado 7:30h às 11:30h ', 'SEGUNDA, QUARTA E SEXTA', 'ONLINE', '3.0', '5.0', '4.0', '9.0', '5.0', '1.0', '0.0', '0.0', '0.0', '10', 'B', 'das 07h às 22h de segunda a sexta', '-15,783654', '-47,997248'),
(8, 'UNIDADE BÁSICA DE SAÚDE Nº 01 - FERCAL', 65, 'UBS Nº 01 - FERCAL', '2804360', 'UBS TIPO 1', 'NÃO', '98624-9364', 'DF 150 KM 12 Quadra 10 Casa 14, Engenho Velho - Fercal', 'NÃO', 'NÃO', 'NÃO', 'NÃO', 'SIM', 'NÃO', 'NÃO', 'SIM', 'SIM', 'SIM', 'SIM - VOLANTE', 'SIM', '8h às 16:30 - segunda a sexta ', 'SEXTA - FEIRA', 'OFFLINE', '1.0', '2.0', '0.0', '2.0', '0.0', '0.0', '0.0', '0.0', '0.0', '87', 'B', 'das 07h às 17h de segunda a sexta', '-15,600348', '-47,871589'),
(9, 'UNIDADE BÁSICA DE SAÚDE Nº 01 - GAMA', 43, 'UBS Nº 01 - GAMA', '10820', 'UBS TIPO 2', 'NÃO', '2017-5491', 'Entrequadra 06/12, Área Especial, Setor Sul - Gama', 'SIM', 'NÃO', 'NÃO', 'NÃO', 'SIM', 'NÃO', 'SIM', 'SIM', 'SIM', 'NÃO', 'SIM - DIÁRIO', 'SIM', '08h às 17:30h segunda a sexta, sábados das 8h às 11h30 ', 'SEGUNDA - FEIRA', 'ONLINE', '4.0', '5.0', '0.0', '5.0', '4.0', '1.0', '0.0', '0.0', '0.0', '11', 'B', 'das 07h às 19h de segunda a sexta, e sábado das 07h às 12h ', '-16,020679', '-48,084848'),
(10, 'UNIDADE BÁSICA DE SAÚDE Nº 01 - GUARÁ', 53, 'UBS Nº 01 - GUARÁ', '11118', 'UBS TIPO 2', 'NÃO', '2017-4195', 'QE 06-Lote C - Área Especial S/N-Guará I - CEP: 71.010-006', 'SIM', 'NÃO', 'NÃO', 'NÃO', 'SIM', 'NÃO', 'SIM', 'SIM', 'SIM', 'NÃO', 'SIM - DIÁRIO', 'SIM', '07:30h às 17:30h segunda a sexta', 'SEGUNDA E QUARTA', 'ONLINE', '2.0', '6.0', '1.0', '7.0', '3.0', '1.0', '0.0', '0.0', '0.0', '12', 'D', 'das 07h às 18h de segunda a sexta, e sábado das 07h às 12h', '-15,818217', '-47,986487'),
(11, 'UNIDADE BÁSICA DE SAÚDE Nº 01 - ITAPOÃ', 61, 'UBS Nº 01 - ITAPOÃ', '6268269', 'UBS TIPO 2', 'NÃO', 'TEL. 2017-1048 / RAMAIS: 2181 - GSAP: 2180', 'QD 378 AE DEL LAGO - ITAPOÃ PROX. ESCOLA ZILDA ARNS', 'SIM', 'NÃO', 'NÃO', 'NÃO', 'SIM', 'NÃO', 'SIM', 'SIM', 'SIM', 'SIM', 'SIM - DIÁRIO', 'SIM', '07h às 18h de segunda a sexta-feira', 'QUINTA - FEIRA', 'ONLINE', '4.0', '9.0', '0.0', '9.0', '5.0', '1.0', '0.0', '0.0', '0.0', '13', 'B', 'das 07h às 22h de segunda a sexta', '-15,740397', '-47,763109'),
(12, 'UNIDADE BÁSICA DE SAÚDE Nº 01 - LAGO NORTE', 46, 'UBS Nº 01 - LAGO NORTE', '11177', 'UBS TIPO 2', 'NÃO', '2017-1145 - RAMAL 2150 ou 2151', 'SHIN QI 03 Área Especial, Lago Norte', 'SIM', 'NÃO', 'NÃO', 'NÃO', 'SIM', 'NÃO', 'NÃO', 'SIM', 'SIM', 'SIM', 'SIM - DIÁRIO', 'SIM', '08 às 18:30h segunda a sexta e sábado 08 às 12:000h', 'SEGUNDA - FEIRA', 'ONLINE', '2.0', '0.0', '4.0', '4.0', '2.0', '0.0', '0.0', '0.0', '0.0', '14', 'B', 'das 07h às 19h de segunda a sexta, e sábado das 07h às 12h ', '-15,725567', '-47,87385'),
(13, 'UNIDADE BÁSICA DE SAÚDE Nº 04 - CEILÂNDIA', 21, 'UBS Nº 04 - CEILÂNDIA', '11002', 'UBS TIPO 1', 'NÃO', '2017-1145/4454', 'QNN 16 LOTE F', 'SIM', 'NÃO', 'NÃO', 'NÃO', 'NÃO', 'NÃO', 'NÃO', 'SIM', 'NÃO', 'NÃO', 'NÃO', 'NÃO', 'Volante ', 'NÃO', 'ONLINE', '3.0', '2.0', '0.0', '2.0', '2.0', '0.0', '0.0', '0.0', '0.0', '58', 'D', 'das 07h às 18h de segunda a sexta', '-15,835603', '-48,105146'),
(14, 'UNIDADE BÁSICA DE SAÚDE Nº 01 - NÚCLEO BANDEIRANTE', 57, 'UBS Nº 01 - NÚCLEO BANDEIRANTE', '11126', 'UBS TIPO 2', 'NÃO', '2017-6531', '3ª Avenida - Área Especial nº 03 CEP: 71720-586', 'SIM', 'NÃO', 'NÃO', 'NÃO', 'SIM', 'NÃO', 'SIM', 'SIM', 'SIM', 'SIM', 'SIM - DIÁRIO', 'SIM', '07:30h às 18:30h segunda a sexta e sábado 7:30h às 11:30h ', 'SEGUNDA, QUARTA E SEXTA', 'ONLINE', '3.0', '1.0', '4.0', '5.0', '2.0', '1.0', '0.0', '0.0', '0.0', '16', 'B', 'das 07h às 19h de segunda a sexta, e sábado das 07h às 12h ', '-15,87052436', '-47,9655093'),
(15, 'UNIDADE BÁSICA DE SAÚDE Nº 01 - PARANOÁ', 3, 'UBS Nº 01 - PARANOÁ', '10634', 'UBS TIPO 2', 'NÃO', '2017 - 1545', 'QD 21 AREA ESPECIAL CONJUNTO 15 - PARANOÁ', 'SIM', 'NÃO', 'NÃO', 'NÃO', 'NÃO', 'SIM', 'SIM', 'SIM', 'SIM', 'SIM', 'SIM - DIÁRIO', 'SIM', '07:30h às 18h de segunda a sexta feira', 'SEGUNDA - FEIRA', 'OFFLINE', '2.0', '7.0', '3.0', '10.0', '5.0', '1.0', '0.0', '0.0', '0.0', '17', 'C', 'das 07h às 22h de segunda a sexta', '-15,769394', '-47,779941'),
(16, 'UNIDADE BÁSICA DE SAÚDE Nº 01 - PLANALTINA', 8, 'UBS Nº 01 - PLANALTINA', '5167817', 'UBS TIPO 1', 'NÃO', 'Não possui linha telefônica', 'Quadra 18 Conjunto H AE 1, St Residencial Leste, Buritis IV, Planaltina, antigo prédio do SEDEST', 'NÃO', 'NÃO', 'NÃO', 'NÃO', 'SIM', 'NÃO', 'NÃO', 'SIM', 'NÃO', 'NÃO', 'NÃO', 'SIM', '8h às 16:30 - segunda a sexta', 'SEXTA - FEIRA', 'OFFLINE', '1.0', '2.0', '1.0', '3.0', '1.0', '0.0', '0.0', '0.0', '0.0', '18', 'D', 'das 07h às 17h de segunda a sexta', '-15,618292', '-47,640293'),
(17, 'UNIDADE BÁSICA DE SAÚDE Nº 01 - RIACHO FUNDO I', 58, 'UBS Nº 01 - RIACHO FUNDO I', '11169', 'UBS TIPO 2', 'NÃO', '2017-1287', 'QN 09 - Área Especial nº 11 Riacho Fundo I CEP: 71.805-739', 'SIM', 'NÃO', 'NÃO', 'NÃO', 'SIM', 'NÃO', 'SIM', 'SIM', 'SIM', 'SIM', 'SIM - DIÁRIO', 'SIM', '07:30h às 18:30h segunda a sexta', 'TERÇA E SEXTA', 'OFFLINE', '1.0', '4.0', '3.0', '7.0', '3.0', '1.0', '0.0', '0.0', '0.0', '20', 'B', 'das 07h às 22h de segunda a sexta', '-15,885214', '-48,02341'),
(18, 'UNIDADE BÁSICA DE SAÚDE Nº 01 - RIACHO FUNDO II', 59, 'UBS Nº 01 - RIACHO FUNDO II', '5038669', 'UBS TIPO 2', 'NÃO', '2017-1291 (R-6422) 2017-1293 (R-6424)', 'QC 06 Conj. 16 - Área Esp. Lt. 01- Riacho F. II CEP: 71.882-266', 'SIM', 'NÃO', 'NÃO', 'NÃO', 'SIM', 'NÃO', 'SIM', 'SIM', 'SIM', 'NÃO', 'SIM - DIÁRIO', 'SIM', '07:30h às 18:30h segunda a sexta', 'TERÇA E QUARTA', 'OFFLINE', '3.0', '7.0', '0.0', '7.0', '3.0', '1.0', '0.0', '0.0', '0.0', '21', 'C', 'das 07h às 22h de segunda a sexta', '-15,923025', '-48,043917'),
(19, 'UNIDADE BÁSICA DE SAÚDE Nº 01 - SAMAMBAIA', 89, 'UBS Nº 01 - SAMAMBAIA', '10642', 'UBS TIPO 1', 'NÃO', '98587-1283', 'QR 408-ÁREA ESPECIAL Nº 1', 'NÃO', 'NÃO', 'NÃO', 'SIM', 'NÃO', 'NÃO', 'NÃO', 'NÃO', 'NÃO', 'NÃO', 'NÃO', 'NÃO', 'NÃO', 'NÃO', 'OFFLINE', '0.0', '7.0', '2.0', '9.0', '1.0', '0.0', '0.0', '0.0', '0.0', '95', 'E', 'das 07h às 22h de segunda a sexta', '-15,862819', '-48,078827'),
(20, 'UNIDADE BÁSICA DE SAÚDE Nº 01 - SANTA MARIA', 39, 'UBS Nº 01 - SANTA MARIA', '10782', 'UBS TIPO 2', 'NÃO', '2017-1145 - Ramal 6070', 'QR 207/307, Conjunto T, Área Especial, Santa Maria', 'SIM', 'NÃO', 'NÃO', 'NÃO', 'SIM', 'NÃO', 'NÃO', 'SIM', 'SIM', 'SIM', 'SIM - DIÁRIO', 'SIM', '08:00h às 18:30h segunda a sexta e sábado de 08:00h às 11:30h', 'SEGUNDA E QUARTA', 'OFFLINE', '4.0', '3.0', '8.0', '11.0', '6.0', '1.0', '0.0', '0.0', '0.0', '23', 'C', 'das 07h às 22h de segunda a sexta', '-16,026851', '-48,026468'),
(21, 'UNIDADE BÁSICA DE SAÚDE Nº 04 - SÃO SEBASTIÃO', 2, 'UBS Nº 04 - SÃO SEBASTIÃO', '3212033', 'UBS TIPO 1', 'NÃO', '6310 TEL. 99147-1013 GSAP: 6322 / 6323', 'VILA OLÍMPICA (MORRO AZUL) DE SÃO SEBASTIÃO', 'NÃO', 'NÃO', 'NÃO', 'NÃO', 'SIM', 'NÃO', 'NÃO', 'CAUTELA', 'NÃO', 'NÃO', 'NÃO', 'NÃO', 'NÃO', 'NÃO', 'OFFLINE', '0.0', '1.0', '0.0', '1.0', '0.0', '0.0', '0.0', '0.0', '0.0', '55', 'E', 'das 07h às 17h de segunda a sexta', '-15,891723', '-47,782025'),
(22, 'UNIDADE BÁSICA DE SAÚDE Nº 08 - BRAZLÂNDIA', 17, 'UBS Nº 08 - BRAZLÂNDIA', '9571280', 'UBS TIPO 1', 'SIM', 'Não possui linha telefônica', 'RADIOBRAS CHACARA ST. HELENA CAPELA RURAL OESTE', 'NÃO', 'NÃO', 'NÃO', 'NÃO', 'NÃO', 'NÃO', 'NÃO', 'SIM', 'NÃO', 'NÃO', 'SIM - VOLANTE', 'VOLANTE (quinta - feira)', 'Volante - quinta-feira', 'NÃO', 'OFFLINE', '1.0', '1.0', '0.0', '1.0', '1.0', '0.0', '0.0', '0.0', '0.0', '47', 'C', 'das 07h às 17h de segunda a sexta', '-15,677292', '-48,155364'),
(23, 'UNIDADE BÁSICA DE SAÚDE Nº 02 - SANTA MARIA', 40, 'UBS Nº 02 - SANTA MARIA', '10669', 'UBS TIPO 2', 'NÃO', '2017-1500 - Ramal 5840', 'EQ 217/317 - Área Especial Lote E, Santa Maria', 'SIM', 'NÃO', 'NÃO', 'NÃO', 'SIM', 'NÃO', 'SIM', 'SIM', 'SIM', 'SIM', 'SIM - DIÁRIO', 'SIM', '08:00h às 18:30h segunda a sexta e sábado de 08:00h às 11:30h', 'TERÇA E QUINTA', 'ONLINE', '1.0', '6.0', '2.0', '8.0', '6.0', '1.0', '0.0', '0.0', '0.0', '42', 'B', 'das 07h às 19h de segunda a sexta, e sábado das 07h às 12h ', '-16,007455', '-47,989946'),
(24, 'UNIDADE BÁSICA DE SAÚDE Nº 09 - BRAZLÂNDIA', 17, 'UBS Nº 09 - BRAZLÂNDIA', '9548203', 'UBS TIPO 1', 'SIM', 'Não possui linha telefônica', 'CAAG Q 15 - BRAZLÂNDIA', 'NÃO', 'NÃO', 'NÃO', 'NÃO', 'NÃO', 'NÃO', 'NÃO', 'SIM', 'NÃO', 'NÃO', 'SIM - VOLANTE', 'VOLANTE (terça - feira)', 'Volante - terça-feira', 'NÃO', 'ONLINE', '0.0', '1.0', '0.0', '1.0', '0.0', '0.0', '0.0', '0.0', '0.0', '47', 'D', 'das 07h às 17h de segunda a sexta', '-15,742987', '-48,17041'),
(25, 'UNIDADE BÁSICA DE SAÚDE Nº 14 - PLANALTINA', 70, 'UBS Nº 14 - PLANALTINA', '11584', 'UBS TIPO 1', 'SIM', '99877-2644', 'Núcleo Rural Tabatinga, S/N, Planaltina', 'NÃO', 'NÃO', 'NÃO', 'NÃO', 'SIM', 'NÃO', 'NÃO', 'SIM', 'NÃO', 'NÃO', 'SIM - VOLANTE', 'VOLANTE (segunda a sexta - feira)', '8h às 16:30 - segunda a sexta', 'NÃO', 'OFFLINE', '1.0', '1.0', '0.0', '1.0', '0.0', '0.0', '0.0', '0.0', '0.0', '70', 'C', 'das 07h às 17h de segunda a sexta', '-15,820625', '-47,569871'),
(26, 'UNIDADE BÁSICA DE SAÚDE Nº 15 - CEILÂNDIA', 84, 'UBS Nº 15 - CEILÂNDIA', '7347723', 'UBS TIPO 1', 'NÃO', '2017-1145/4590', 'QNP 21 AREA ESPECIAL SEM NÚMERO - 72.242-000', 'NÃO', 'NÃO', 'NÃO', 'NÃO', 'NÃO', 'NÃO', 'NÃO', 'NÃO', 'NÃO', 'NÃO', 'NÃO', 'NÃO', 'NÃO', 'NÃO', 'ONLINE', '0.0', '1.0', '1.0', '2.0', '0.0', '0.0', '0.0', '0.0', '0.0', '101', 'E', 'das 07h às 17h de segunda a sexta', '-15,80952778', '-48,13736111'),
(27, 'UNIDADE BÁSICA DE SAÚDE Nº 15 - PLANALTINA', 70, 'UBS Nº 15 - PLANALTINA', '2672227', 'UBS TIPO 1', 'SIM', '99844-7759', 'Núcleo Rural Rio Preto, 01, Planaltina', 'NÃO', 'NÃO', 'NÃO', 'NÃO', 'SIM', 'NÃO', 'NÃO', 'SIM', 'NÃO', 'NÃO', 'SIM - VOLANTE', 'VOLANTE (segunda a sexta - feira)', '8h às 16:30 - segunda a sexta', 'NÃO', 'OFFLINE', '1.0', '1.0', '0.0', '1.0', '0.0', '0.0', '0.0', '0.0', '0.0', '70', 'D', 'das 07h às 17h de segunda a sexta', '-15,762539', '-47,492673'),
(28, 'UNIDADE BÁSICA DE SAÚDE Nº 02 - ASA NORTE', 49, 'UBS Nº 02 - ASA NORTE', '10723', 'UBS TIPO 2', 'NÃO', '2017-1900 Ramal 7610 ou 7611', 'EQN 114/115 AE - Asa Norte', 'SIM', 'NÃO', 'NÃO', 'NÃO', 'SIM', 'NÃO', 'NÃO', 'SIM', 'SIM', 'SIM', 'SIM - DIÁRIO', 'SIM', '08 às 17:30h segunda a sexta ', 'QUARTA - FEIRA', 'ONLINE', '3.0', '0.0', '6.0', '6.0', '3.0', '1.0', '0.0', '0.0', '0.0', '28', 'A', 'das 07h às 22h de segunda a sexta', '-15,7429114', '-47,8915111'),
(29, 'UNIDADE BÁSICA DE SAÚDE Nº 09 - PLANALTINA', 68, 'UBS Nº 09 - PLANALTINA', '2672235', 'UBS TIPO 1', 'NÃO', '2017-1145 Ramal 1401', 'Núcleo Rural de Santos Dumont DF 130 KM 25, Planaltina', 'NÃO', 'NÃO', 'NÃO', 'NÃO', 'SIM', 'NÃO', 'NÃO', 'CAUTELA', 'NÃO', 'NÃO', 'SIM - VOLANTE', 'VOLANTE (segunda a sexta - feira)', '9:30 às 16:30 - segunda a sexta', 'NÃO', 'OFFLINE', '1.0', '1.0', '0.0', '1.0', '1.0', '0.0', '0.0', '0.0', '0.0', '78', 'B', 'das 07h às 17h de segunda a sexta', '-15,679269', '-47,64829'),
(30, 'UNIDADE BÁSICA DE SAÚDE Nº 09 - SAMAMBAIA', 90, 'UBS Nº 09 - SAMAMBAIA', '3742857', 'UBS TIPO 1', 'NÃO', '2017-1145, Ramal: 4922/4923', 'QN 317 AE 01', 'NÃO', 'NÃO', 'NÃO', 'SIM', 'NÃO', 'NÃO', 'NÃO', 'NÃO', 'NÃO', 'NÃO', 'NÃO', 'NÃO', 'NÃO', 'NÃO', 'ONLINE', '0.0', '2.0', '0.0', '2.0', '0.0', '0.0', '0.0', '0.0', '0.0', '72', 'E', 'das 07h às 18h de segunda a sexta', '-15,892962', '-48,113025'),
(31, 'UNIDADE BÁSICA DE SAÚDE Nº 09 - SÃO SEBASTIÃO', 64, 'UBS Nº 09 - SÃO SEBASTIÃO', '3742873', 'UBS TIPO 1', 'NÃO', '6340/ 6341 TEL. 2017-1384 GSAP: 6232/ 6233', 'RUA DA ESCOLA 540 - VILA NOVA - SSB', 'NÃO', 'NÃO', 'NÃO', 'NÃO', 'SIM', 'NÃO', 'NÃO', 'SIM', 'SIM', 'SIM', 'NÃO', 'SIM', 'Toda segunda e terça-feira de 9h às 16h', 'NÃO', 'OFFLINE', '1.0', '1.0', '1.0', '2.0', '1.0', '1.0', '0.0', '0.0', '0.0', '66', 'B', 'das 07h às 17h de segunda a sexta', '-15,905074', '-47,755795'),
(32, 'UNIDADE BÁSICA DE SAÚDE Nº 16 - CEILÂNDIA', 87, 'UBS Nº 16 - CEILÂNDIA', '9475931', 'UBS TIPO 2', 'NÃO', '2017 - 4595 / 4596 (VOIP)', 'QD 500 A/E S/N TRECHO 01 SOL NASCENTE', 'SIM', 'NÃO', 'NÃO', 'NÃO', 'NÃO', 'NÃO', 'NÃO', 'SIM', 'NÃO', 'NÃO', 'SIM - VOLANTE', 'SIM', '07:30h às 17:30h segunda a sexta', 'SEGUNDA - FEIRA', 'ONLINE', '4.0', '2.0', '2.0', '4.0', '4.0', '1.0', '0.0', '0.0', '0.0', '102', 'B', 'das 07h às 19h de segunda a sexta, e sábado das 07h às 12h ', '-15,834317', '-48,133572'),
(33, 'UNIDADE BÁSICA DE SAÚDE Nº 10 - CEILÂNDIA', 79, 'UBS Nº 10 - CEILÂNDIA', '11207', 'UBS TIPO 2', 'NÃO', '2017-2079', 'QNN 12 ÁREA ESPECIAL 01', 'SIM', 'NÃO', 'NÃO', 'NÃO', 'NÃO', 'NÃO', 'NÃO', 'SIM', 'SIM', 'SIM', 'SIM - DIÁRIO', 'SIM', '08h às 17:30h segunda a sexta', 'TERÇA - FEIRA', 'ONLINE', '3.0', '3.0', '2.0', '5.0', '4.0', '1.0', '0.0', '0.0', '0.0', '96', 'C', 'das 07h às 19h de segunda a sexta, e sábado das 07h às 12h ', '-15,82455556', '-48,11347222'),
(34, 'UNIDADE BÁSICA DE SAÚDE Nº 02 - CEILÂNDIA', 19, 'UBS Nº 02 - CEILÂNDIA', '10987', 'UBS TIPO 2', 'NÃO', '2017-2064', 'QNN 15 LOTE F ÁREA ESPECIAL', 'SIM', '#REF!', '#REF!', '#REF!', '#REF!', '#REF!', 'NÃO', 'SIM', 'SIM', 'SIM', 'SIM ', 'SIM', '07:30h às 18:00h segunda a sexta e sábado 07:30h às 11:30h', 'SEXTA - FEIRA', 'ONLINE', '3.0', '5.0', '0.0', '5.0', '3.0', '1.0', '0.0', '0.0', '0.0', '30', 'B', 'das 07h às 19h de segunda a sexta, e sábado das 07h às 12h ', '-15,80775', '-48,12041667'),
(35, 'UNIDADE BÁSICA DE SAÚDE Nº 02 - RIACHO FUNDO I', 63, 'UBS Nº 02 - RIACHO FUNDO I', '3781437', 'UBS TIPO 1', 'NÃO', '2017-1281', 'QN 01 Área Especial 01 Conjunto 32 CEP: 71.805.132', 'SIM', 'NÃO', 'NÃO', 'SIM', 'NÃO', 'NÃO', 'NÃO', 'SIM', 'SIM', 'NÃO', 'SIM - DIÁRIO', 'NÃO', 'NÃO', 'NÃO', 'OFFLINE', '1.0', '3.0', '0.0', '3.0', '1.0', '0.0', '0.0', '0.0', '0.0', '38', 'C', 'das 07h às 18h de segunda a sexta', '-15,879364', '-48,00064'),
(36, 'UNIDADE BÁSICA DE SAÚDE Nº 10 - SANTA MARIA', 41, 'UBS Nº 08 - GAMA', '2673894', 'UBS TIPO 1', 'NÃO', '2017-1700 - Ramal 5891', 'Travessa Eucaliptos nº 04 - Área Especial - DVO - Gama', 'NÃO', 'NÃO', 'NÃO', 'NÃO', 'SIM', 'NÃO', 'NÃO', 'SIM', 'NÃO', 'NÃO', 'NÃO', 'VOLANTE (quinzenal âs quintas feiras)', '08:30h às 16:30h (de 15 em 15 dias - quinta feira)', 'NÃO', 'ONLINE', '1.0', '1.0', '0.0', '1.0', '1.0', '0.0', '0.0', '0.0', '0.0', '65', 'C', 'das 07h às 17h de segunda a sexta', '-16,043986', '-48,043311'),
(37, 'UNIDADE BÁSICA DE SAÚDE Nº 02 - GAMA', 35, 'UBS Nº 02 - GAMA', '10839', 'UBS TIPO 2', 'NÃO', '2017-1145 - Ramal 5763 e 5764', 'Quadra 11, Área Especial, Lotes A, B, C e D, Setor Sul - Gama', 'SIM', 'NÃO', 'NÃO', 'NÃO', 'SIM', 'NÃO', 'NÃO', 'SIM', 'SIM', 'SIM', 'SIM - DIÁRIO', 'SIM', '08h às 17:30h segunda a sexta, sábados das 8h às 11h31', 'QUARTA - FEIRA', 'ONLINE', '4.0', '4.0', '1.0', '5.0', '3.0', '1.0', '0.0', '0.0', '0.0', '32', 'B', 'das 07h às 19h de segunda a sexta, e sábado das 07h às 12h ', '-16,036695', '-48,06098'),
(38, 'UNIDADE BÁSICA DE SAÚDE Nº 04 - BRAZLÂNDIA', 17, 'UBS Nº 04 - BRAZLÂNDIA', '3742865', 'UBS TIPO 1', 'NÃO', 'Não possui linha telefônica', 'QUADRA 01 AREA ESPECIAL 1 SETOR VEREDAS II', 'NÃO', 'NÃO', 'NÃO', 'NÃO', 'NÃO', 'NÃO', 'NÃO', 'SIM', 'NÃO', 'NÃO', 'SIM - VOLANTE', 'VOLANTE ( quarta - feira)', 'Volante - quarta-feira', 'NÃO', 'ONLINE', '0.0', '1.0', '0.0', '1.0', '0.0', '0.0', '0.0', '0.0', '0.0', '47', 'D', 'das 07h às 17h de segunda a sexta', '-15,67283333', '-48,20033333'),
(39, 'UNIDADE BÁSICA DE SAÚDE Nº 13 - CEILÂNDIA', 82, 'UBS Nº 13 - CEILÂNDIA', '3144542', 'UBS TIPO 1', 'SIM', 'nan', 'NÚCLEO RURAL BOA ESPERANÇA', 'SIM', 'NÃO', 'NÃO', 'NÃO', 'NÃO', 'NÃO', 'NÃO', 'NÃO', 'NÃO', 'NÃO', 'NÃO', 'nan', 'VOLANTE', 'NÃO', 'ONLINE', '1.0', '2.0', '0.0', '2.0', '1.0', '0.0', '0.0', '0.0', '0.0', '99', 'D', 'das 07h às 17h de segunda a sexta', '-15,828394', '-48,24648'),
(40, 'UNIDADE BÁSICA DE SAÚDE Nº 02 - GUARÁ', 54, 'UBS Nº 02 - GUARÁ', '11266', 'UBS TIPO 2', 'NÃO', '2017-4810', 'QE 23 Lote C - Área Especial S/N - Guará II CEP 71.050-230', 'SIM', 'NÃO', 'NÃO', 'NÃO', 'SIM', 'NÃO', 'SIM', 'SIM', 'SIM', 'SIM', 'SIM - DIÁRIO', 'SIM', '07:30h às 18:30h segunda a sexta e sábado 7:30h às 11:30h ', 'QUARTA E SEXTA', 'ONLINE', '2.0', '4.0', '3.0', '7.0', '3.0', '1.0', '0.0', '0.0', '0.0', '33', 'B', 'das 07h às 22h de segunda a sexta', '-15,832933', '-47,973326'),
(41, 'UNIDADE BÁSICA DE SAÚDE Nº 02 - NÚCLEO BANDEIRANTE', 57, 'UBS Nº 02 - NÚCLEO BANDEIRANTE', '7236778', 'UBS TIPO 1', 'NÃO', '2017-6531', 'Rua 2 Setor dos Engenheiros AE Metropolitana CEP: 71730-020', 'NÃO', 'NÃO', 'NÃO', 'NÃO', 'SIM', 'NÃO', 'NÃO', 'NÃO', 'NÃO', 'NÃO', 'NÃO', 'NÃO', 'NÃO', 'NÃO', 'ONLINE', '0.0', '1.0', '1.0', '2.0', '1.0', '1.0', '0.0', '0.0', '0.0', '16', 'E', 'das 07h às 17h de segunda a sexta', '-15,879377', '-47,973962'),
(42, 'UNIDADE BÁSICA DE SAÚDE Nº 02 - PLANALTINA', 9, 'UBS Nº 02 - PLANALTINA', '10650', 'UBS TIPO 2', 'NÃO', 'Não possui linha telefônica', 'Entre Quadras 1/10 Área Especial S/N, Vila Buritis, Planaltina', 'SIM', 'NÃO', 'NÃO', 'NÃO', 'SIM', 'NÃO', 'NÃO', 'NÃO', 'NÃO', 'NÃO', 'NÃO', 'SIM', '8h às 18h - segunda a sexta', 'SEGUNDA E QUINTA', 'OFFLINE', '2.0', '4.0', '0.0', '4.0', '4.0', '1.0', '0.0', '0.0', '0.0', '36', 'D', 'das 07h às 18h de segunda a sexta, e sábado das 07h às 12h', '-15,612332', '-47,643199'),
(43, 'UNIDADE BÁSICA DE SAÚDE Nº 02 - SÃO SEBASTIÃO', 7, 'UBS Nº 02 - SÃO SEBASTIÃO', '3254887', 'UBS TIPO 1', 'NÃO', '2017-1389 GSAP :6252/ 6253', 'QD 101, CONJ. 02, LOTE 01, RESIDENCIAL OESTE', 'NÃO', 'NÃO', 'NÃO', 'NÃO', 'SIM', 'NÃO', 'NÃO', 'CAUTELA', 'NÃO', 'NÃO', 'NÃO', 'SIM', 'Todas as terças, quartas e quintas-feiras de 09h às 16h', 'NÃO', 'OFFLINE', '0.0', '2.0', '0.0', '2.0', '0.0', '0.0', '0.0', '0.0', '0.0', '43', 'D', 'das 07h às 17h de segunda a sexta', '-15,889998', '-47,778177'),
(44, 'UNIDADE BÁSICA DE SAÚDE Nº 02 - SOBRADINHO', 12, 'UBS Nº 02 - SOBRADINHO', '11231', 'UBS TIPO 2', 'NÃO', '2017-1145 Ramal 1821', 'Quadra 03 Área Especial entre os Conjunto D/E, Sobradinho', 'SIM', 'NÃO', 'NÃO', 'NÃO', 'SIM', 'NÃO', 'NÃO', 'SIM', 'SIM', 'SIM', 'SIM - DIÁRIO', 'SIM', '8h às 18h - segunda a sexta ', 'SEGUNDA E QUINTA', 'OFFLINE', '3.0', '7.0', '1.0', '8.0', '4.0', '0.0', '0.0', '0.0', '0.0', '44', 'C', 'das 07h às 19h de segunda a sexta, e sábado das 07h às 12h ', '-15,654486', '-47,809496'),
(45, 'UNIDADE BÁSICA DE SAÚDE Nº 02 - SOBRADINHO II', 72, 'UBS Nº 02 - SOBRADINHO II', '7368895', 'UBS TIPO 2', 'NÃO', '98485-0732', 'Rodovia DF 420, Complexo de Saúde, Setor de Mansões, ao lado da UPA Sobradinho', 'SIM', 'NÃO', 'NÃO', 'NÃO', 'SIM', 'NÃO', 'SIM', 'SIM', 'SIM', 'SIM', 'SIM - DIÁRIO', 'SIM', '8h às 18h - segunda a sexta', 'TERÇA E QUINTA
(8h às 12h)', 'ONLINE', '4.0', '5.0', '2.0', '7.0', '4.0', '0.0', '0.0', '0.0', '0.0', '74', 'C', 'das 07h às 19h de segunda a sexta, e sábado das 07h às 12h ', '-15,639134', '-47,819946'),
(46, 'UNIDADE BÁSICA DE SAÚDE Nº 02 - TAGUATINGA', 32, 'UBS Nº 02 - TAGUATINGA', '10928', 'UBS TIPO 2', 'NÃO', '2017-1145, Ramal: 4600', 'QND LOTE "A" PRAÇA DO BICALHO', 'SIM', '#REF!', '#REF!', '#REF!', '#REF!', '#REF!', 'NÃO', 'SIM', 'SIM', 'SIM', 'SIM', 'SIM', ' 7:30h às 18:30h segunda a sexta e sábado 07:30h às 11:30h', 'QUARTA - FEIRA', 'ONLINE', '3.0', '5.0', '3.0', '8.0', '5.0', '1.0', '0.0', '0.0', '0.0', '45', 'B', 'das 07h às 19h de segunda a sexta, e sábado das 07h às 12h ', '-15,810552', '-48,063188'),
(47, 'UNIDADE BÁSICA DE SAÚDE Nº 03 - ASA NORTE', 50, 'UBS Nº 03 - ASA NORTE', '11355', 'UBS TIPO 2', 'NÃO', '2017-1145 Ramal 7621', 'Rua Piauí, área especial s/nº - Vila Planalto', 'SIM', 'NÃO', 'NÃO', 'NÃO', 'SIM', 'NÃO', 'NÃO', 'SIM', 'SIM', 'SIM', 'SIM - DIÁRIO', 'SIM', '08 às 18:30h segunda à sexta e sábado 08 às 12:00h', 'QUARTA - FEIRA', 'ONLINE', '2.0', '1.0', '4.0', '5.0', '2.0', '1.0', '0.0', '0.0', '0.0', '46', 'B', 'das 07h às 19h de segunda a sexta, e sábado das 07h às 12h ', '-15,7953438', '-47,848469'),
(48, 'UNIDADE BÁSICA DE SAÚDE Nº 05 - SOBRADINHO', 13, 'UBS Nº 05 - SOBRADINHO', '6770657', 'UBS TIPO 1', 'SIM', '98582-5469', 'Área Especial 01, Lote 01, Associação de Moradores, Vila BASEVI, Sobradinho', 'NÃO', 'NÃO', 'NÃO', 'NÃO', 'NÃO', 'SIM', 'NÃO', 'CAUTELA', 'NÃO', 'NÃO', 'SIM - VOLANTE', 'SIM', '8h às 16:30 - segunda a sexta ', 'NÃO', 'ONLINE', '1.0', '1.0', '0.0', '1.0', '1.0', '0.0', '0.0', '0.0', '0.0', '25', 'B', 'das 07h às 17h de segunda a sexta', '-15,646025', '-47,889136'),
(49, 'UNIDADE BÁSICA DE SAÚDE Nº 03 - GAMA', 36, 'UBS Nº 03 - GAMA', '10847', 'UBS TIPO 2', 'NÃO', '2017-1800 - Ramais 1885 e 5761', 'EQ 3/5, Área Especial, Setor Leste -Gama', 'SIM', 'NÃO', 'NÃO', 'NÃO', 'SIM', 'NÃO', 'SIM', 'SIM', 'SIM', 'SIM', 'SIM - DIÁRIO', 'SIM', '08h às 17:30h segunda a sexta, e a partir de outubro, também aos sábados das 8h as 12h', 'SEGUNDA E QUARTA', 'ONLINE', '4.0', '5.0', '1.0', '6.0', '3.0', '1.0', '0.0', '0.0', '0.0', '49', 'B', 'das 07h às 19h de segunda a sexta, e sábado das 07h às 12h ', '-16,005841', '-48,052746'),
(50, 'UNIDADE BÁSICA DE SAÚDE Nº 03 - GUARÁ', 55, 'UBS Nº 03 - GUARÁ', '11274', 'UBS TIPO 2', 'NÃO', '2017-4751', 'QE 38 - Área Especial S/N - Guará II CEP 71.070-380', 'SIM', 'NÃO', 'NÃO', 'NÃO', 'SIM', 'NÃO', 'NÃO', 'SIM', 'SIM', 'SIM', 'SIM - DIÁRIO', 'SIM', '07:30h às 17:30h segunda a sexta', 'TERÇA E QUINTA', 'OFFLINE', '3.0', '6.0', '0.0', '6.0', '4.0', '1.0', '0.0', '0.0', '0.0', '50', 'B', 'das 07h às 18h de segunda a sexta, e sábado das 07h às 12h', '-15,848998', '-47,970083'),
(51, 'UNIDADE BÁSICA DE SAÚDE Nº 03 - ITAPOÃ', 62, 'UBS Nº 03 - ITAPOÃ', '9572481', 'UBS TIPO 2', 'NÃO', '2017 - 2241', 'QUADRA 378, CONJUNTO A, LOTE 4 - CEP 71593620', 'NÃO', 'NÃO', 'NÃO', 'SIM', 'NÃO', 'NÃO', 'NÃO', 'CAUTELA', 'NÃO', 'NÃO', 'NÃO', 'NÃO', 'NÃO', 'NÃO', 'ONLINE', '0.0', '4.0', '0.0', '4.0', '2.0', '0.0', '0.0', '0.0', '0.0', '34', 'C', 'das 07h às 17h de segunda a sexta', '-15,744625', '-47,761213'),
(52, 'UNIDADE BÁSICA DE SAÚDE Nº 03 - PARANOÁ', 5, 'UBS Nº 03 - PARANOÁ', '9572511', 'UBS TIPO 2', 'NÃO', '2017 - 2220/ 2221', 'QUADRA 02, Conjunto "A", AREA ESPECIAL S/N, Antiga Biblioteca, Paranoá, CEP 71.570-201', 'NÃO', 'NÃO', 'NÃO', 'SIM', 'NÃO', 'NÃO', 'NÃO', 'SIM', 'SIM', 'SIM', 'NÃO', 'SIM', '07h às 18h de segunda a sexta feira', 'NÃO', 'ONLINE', '2.0', '5.0', '1.0', '6.0', '3.0', '1.0', '0.0', '0.0', '0.0', '51', 'C', 'das 07h às 19h de segunda a sexta, e sábado das 07h às 12h ', '-15,779826', '-47,781357'),
(53, 'UNIDADE BÁSICA DE SAÚDE Nº 03 - RECANTO DAS EMAS', 25, 'UBS Nº 03 - RECANTO DAS EMAS', '7170939', 'UBS TIPO 2', 'NÃO', '3404-2964', 'QUADRA 104/105 ÁREA ESPECIAL', 'SIM', '#REF!', '#REF!', '#REF!', '#REF!', '#REF!', 'SIM', 'SIM', 'NÃO', 'SIM', 'SIM', 'SIM', ' 7:30h às 18:30h segunda a sexta e sábado 07:30h às 11:30h', 'TERÇA - FEIRA', 'ONLINE', '5.0', '3.0', '4.0', '7.0', '7.0', '1.0', '0.0', '0.0', '0.0', '53', 'B', 'das 07h às 19h de segunda a sexta, e sábado das 07h às 12h ', '-15,902435', '-48,074176'),
(54, 'UNIDADE BÁSICA DE SAÚDE Nº 03 - RIACHO FUNDO II', 1, 'UBS Nº 03 - RIACHO FUNDO II', '2660199', 'UBS TIPO 2', 'NÃO', '2017-1145 (R-6200/6201)', 'QN 07 A e B Lts. 1 e 2 A/E Riacho Fundo II CEP: 71880-203', 'NÃO', 'NÃO', 'NÃO', 'NÃO', 'SIM', 'NÃO', 'NÃO', 'SIM', 'SIM', 'NÃO', 'NÃO', 'NÃO', 'NÃO', 'NÃO', 'ONLINE', '0.0', '3.0', '1.0', '4.0', '0.0', '1.0', '0.0', '0.0', '0.0', '40', 'D', 'das 07h às 18h de segunda a sexta', '-15,905892', '-48,045933'),
(55, 'UNIDADE BÁSICA DE SAÚDE Nº 03 - SAMAMBAIA', 29, 'UBS Nº 03 - SAMAMBAIA', '10677', 'UBS TIPO 2', 'NÃO', '2017-2200, Ramal: 5021', 'QN 429 CONJ F LOTE 1 EXPANSÃO', 'SIM', '#REF!', '#REF!', '#REF!', '#REF!', '#REF!', 'NÃO', 'SIM', 'SIM', 'SIM', 'SIM', 'SIM', '07:30h às 17:30h segunda a sexta', 'TERÇA - FEIRA', 'ONLINE', '2.0', '3.0', '0.0', '3.0', '2.0', '0.0', '0.0', '0.0', '0.0', '54', 'A', 'das 07h às 18h de segunda a sexta', '-15,890241', '-48,142062'),
(56, 'UNIDADE BÁSICA DE SAÚDE Nº 03 - SANTA MARIA', 41, 'UBS Nº 03 - SANTA MARIA', '3144550', 'UBS TIPO 1', 'NÃO', '2017-1700 - Ramal 5880', 'QD 100 Conjunto I, Lote 1 Área Especial - Santa Maria', 'NÃO', 'NÃO', 'NÃO', 'NÃO', 'SIM', 'NÃO', 'NÃO', 'SIM', 'NÃO', 'NÃO', 'NÃO', 'VOLANTE (quinze dias a cada quarta feira)', '08:30h às 16:00 (de 15 em 15 dias âs quartas feiras)', 'NÃO', 'ONLINE', '0.0', '1.0', '0.0', '1.0', '1.0', '0.0', '0.0', '0.0', '0.0', '65', 'C', 'das 07h às 17h de segunda a sexta', '-16,04734', '-48,03692'),
(57, 'UNIDADE BÁSICA DE SAÚDE Nº 03 - SÃO SEBASTIÃO', 7, 'UBS Nº 03 - SÃO SEBASTIÃO', '3212068', 'UBS TIPO 1', 'NÃO', '6300 / 99198-7650 - GSAP :6252/ 6253', 'QD 301 CONJ 6 LOTE 1 - SÃO SEBASTIÃO', 'NÃO', 'NÃO', 'NÃO', 'SIM', 'NÃO', 'NÃO', 'NÃO', 'CAUTELA', 'NÃO', 'NÃO', 'NÃO', 'SIM', 'Todas as terças, quartas e quintas-feiras de 09h às 16h', 'NÃO', 'OFFLINE', '1.0', '2.0', '0.0', '2.0', '1.0', '0.0', '0.0', '0.0', '0.0', '43', 'D', 'das 07h às 17h de segunda a sexta', '-15,907718', '-47,777617'),
(58, 'UNIDADE BÁSICA DE SAÚDE Nº 03 - SOBRADINHO', 71, 'UBS Nº 03 - SOBRADINHO', '11568', 'UBS TIPO 2', 'NÃO', 'Não possui linha telefônica', 'Área Especial Novo Setor de Mansões Nova Colina, Sobradinho', 'SIM', 'NÃO', 'NÃO', 'NÃO', 'SIM', 'NÃO', 'NÃO', 'SIM', 'SIM', 'NÃO', 'SIM - DIÁRIO', 'SIM', '8h às 18h - segunda a sexta ', 'QUARTA - FEIRA
(8h às 12h)', 'OFFLINE', '3.0', '6.0', '0.0', '6.0', '5.0', '1.0', '0.0', '0.0', '0.0', '67', 'B', 'das 07h às 19h de segunda a sexta, e sábado das 07h às 12h ', '-15,647957', '-47,755315'),
(59, 'UNIDADE BÁSICA DE SAÚDE Nº 03 - SOBRADINHO II', 73, 'UBS Nº 03 - SOBRADINHO II', '6770681', 'UBS TIPO 1', 'NÃO', 'Não possui linha telefônica', 'Condomínio Vale dos Pinheiros, Quadra 45 A, Conjunto A, Lote 56, Sobradinho II,', 'NÃO', 'NÃO', 'NÃO', 'NÃO', 'SIM', 'NÃO', 'NÃO', 'CAUTELA', 'NÃO', 'NÃO', 'NÃO', 'SIM', '8h às 16:30 - segunda a sexta', 'NÃO', 'OFFLINE', '2.0', '1.0', '0.0', '1.0', '1.0', '0.0', '0.0', '0.0', '0.0', '81', 'B', 'das 07h às 17h de segunda a sexta', '-15,620906', '-47,821668'),
(60, 'UNIDADE BÁSICA DE SAÚDE Nº 03 - TAGUATINGA', 33, 'UBS Nº 03 - TAGUATINGA', '10936', 'UBS TIPO 1', 'NÃO', '2017-4611', 'QNL 01 AE 02', 'SIM', '#REF!', '#REF!', '#REF!', '#REF!', '#REF!', 'SIM', 'SIM', 'SIM', 'SIM', 'SIM', 'SIM', '07:30h às 17:30h segunda a sexta', 'QUARTA - FEIRA', 'ONLINE', '3.0', '3.0', '3.0', '6.0', '3.0', '1.0', '0.0', '0.0', '0.0', '57', 'B', 'das 07h às 19h de segunda a sexta, e sábado das 07h às 12h ', '-15,833137', '-48,077682'),
(61, 'UNIDADE BÁSICA DE SAÚDE Nº 04 - GUARÁ', 56, 'UBS Nº 04 - GUARÁ', '11657', 'UBS TIPO 1', 'NÃO', '2017-1145 (R-4874)', 'QELC - EQ 2 /3 - Conjunto Lúcio Costa CEP: 71.100-100', 'SIM', 'NÃO', 'NÃO', 'NÃO', 'SIM', 'NÃO', 'NÃO', 'SIM', 'SIM', 'NÃO', 'NÃO', 'SIM', '07:30h às 16:30h segunda a sexta', 'TERÇA - FEIRA', 'OFFLINE', '1.0', '2.0', '0.0', '2.0', '1.0', '0.0', '0.0', '0.0', '0.0', '60', 'B', 'das 07h às 17h de segunda a sexta', '-15,810198', '-47,988598'),
(62, 'UNIDADE BÁSICA DE SAÚDE Nº 04 - PARANOÁ', 4, 'UBS Nº 04 - PARANOÁ', '11606', 'UBS TIPO 1', 'SIM', '2017 - 2210/ 2211', 'DF 285 KM 23 AE NR JARDIM II - PARANOÁ', 'NÃO', 'NÃO', 'NÃO', 'SIM', 'NÃO', 'NÃO', 'NÃO', 'CAUTELA', 'NÃO', 'NÃO', 'NÃO', 'VOLANTE (quarta - feira)', 'Às quartas-feiras de 09 às 11:30h; 13:30h às 16h', 'NÃO', 'OFFLINE', '1.0', '1.0', '0.0', '1.0', '0.0', '0.0', '0.0', '0.0', '0.0', '35', 'D', 'das 07h às 17h de segunda a sexta', '-16,016937', '-47,380063'),
(63, 'UNIDADE BÁSICA DE SAÚDE Nº 04 - PLANALTINA', 66, 'UBS Nº 04 - PLANALTINA', '6216013', 'UBS TIPO 2', 'NÃO', '2017-1350 Ramais 1290 e 1291', 'Estância Nova Planaltina Quadra 02 Rua A Área Especial, Estância', 'SIM', 'NÃO', 'NÃO', 'NÃO', 'SIM', 'NÃO', 'SIM', 'SIM', 'SIM', 'SIM', 'SIM - DIÁRIO', 'SIM', '8h às 18h - segunda a sexta-feira', 'TERÇA E QUINTA
(8h às 12h)', 'OFFLINE', '3.0', '8.0', '0.0', '8.0', '5.0', '1.0', '0.0', '0.0', '0.0', '90', 'B', 'das 07h às 18h de segunda a sexta, e sábado das 07h às 12h', '-15,619782', '-47,680616'),
(64, 'UNIDADE BÁSICA DE SAÚDE Nº 04 - RECANTO DAS EMAS', 26, 'UBS Nº 04 - RECANTO DAS EMAS', '7417632', 'UBS TIPO 2', 'NÃO', '3331-4773', 'QUADRA 308 ÁREA ESPECIAL', 'SIM', '#REF!', '#REF!', '#REF!', '#REF!', '#REF!', 'NÃO', 'SIM', 'SIM', 'SIM', 'SIM', 'SIM', ' 7:30h às 18:30h segunda a sexta e sábado 07:30h às 11:30h', 'QUARTA - FEIRA', 'ONLINE', '4.0', '4.0', '2.0', '6.0', '5.0', '1.0', '0.0', '0.0', '0.0', '62', 'A', 'das 07h às 19h de segunda a sexta, e sábado das 07h às 12h ', '-15,919922', '-48,101999'),
(65, 'UNIDADE BÁSICA DE SAÚDE Nº 04 - RIACHO FUNDO II', 59, 'UBS Nº 04 - RIACHO FUNDO II', '2673924', 'UBS TIPO 1', 'SIM', '2017-1291 (R-6422) 2017-1293 (R-6424)', 'Área Especial 01 - CAUB 1 - Ao lado da Escola', 'NÃO', 'NÃO', 'NÃO', 'NÃO', 'SIM', 'NÃO', 'NÃO', 'NÃO', 'NÃO', 'NÃO', 'NÃO', 'NÃO', 'NÃO', 'NÃO', 'OFFLINE', '1.0', '0.0', '1.0', '1.0', '1.0', '0.0', '0.0', '0.0', '0.0', '21', 'C', 'das 07h às 17h de segunda a sexta', '-15,947478', '-48,015149'),
(66, 'UNIDADE BÁSICA DE SAÚDE Nº 04 - SAMAMBAIA', 28, 'UBS Nº 04 - SAMAMBAIA', '10685', 'UBS TIPO 2', 'NÃO', '3358-1335', 'QN 512 CONJ. 2 LT 1/2/3', 'SIM', '#REF!', '#REF!', '#REF!', '#REF!', '#REF!', 'SIM', 'SIM', 'SIM', 'SIM', 'SIM', 'SIM', ' 7:30h às 18:30h segunda a sexta e sábado 07:30h às 11:30h', 'QUINTA - FEIRA', 'ONLINE', '3.0', '4.0', '2.0', '6.0', '3.0', '0.0', '0.0', '0.0', '0.0', '63', 'C', 'das 07h às 19h de segunda a sexta, e sábado das 07h às 12h ', '-15,878564', '-48,069142'),
(67, 'UNIDADE BÁSICA DE SAÚDE Nº 05 - CEILÂNDIA', 74, 'UBS Nº 05 - CEILÂNDIA', '11010', 'UBS TIPO 2', 'NÃO', '2017-2076/ 4460/4461/4462', 'QNM 16 MÓDULO F ÁREA ESPECIAL SEM NÚMERO', 'SIM', '#REF!', '#REF!', '#REF!', '#REF!', '#REF!', 'NÃO', 'SIM', 'NÃO', 'NÃO', 'SIM ', 'SIM', '07:30h às 17:30h segunda a sexta', 'QUINTA - FEIRA', 'ONLINE', '3.0', '4.0', '2.0', '6.0', '2.0', '0.0', '0.0', '0.0', '0.0', '68', 'C', '9 às 22h segunda a sexta e sábado 07 às 12h', '-15,80327778', '-48,11177778'),
(68, 'UNIDADE BÁSICA DE SAÚDE Nº 05 - GAMA', 38, 'UBS Nº 05 - GAMA', '10863', 'UBS TIPO 2', 'NÃO', '2017-5980', 'Área Especial, Lote 38 - Setor Central - Lado Leste - Gama', 'SIM', 'NÃO', 'NÃO', 'NÃO', 'SIM', 'NÃO', 'SIM', 'SIM', 'SIM', 'NÃO', 'SIM - DIÁRIO', 'SIM', '08h às 17:30h segunda a sexta', 'TERÇA E SEXTA', 'ONLINE', '4.0', '3.0', '1.0', '4.0', '4.0', '1.0', '0.0', '0.0', '0.0', '69', 'B', 'das 07h às 19h de segunda a sexta, e sábado das 07h às 12h ', '-16,023375', '-48,061551'),
(69, 'UNIDADE BÁSICA DE SAÚDE Nº 05 - PARANOÁ', 4, 'UBS Nº 05 - PARANOÁ', '11614', 'UBS TIPO 1', 'SIM', '2017 - 2190/ 2191', 'DF 130 KM 54, Quebrada Dos Neres, Paranoá', 'NÃO', 'NÃO', 'NÃO', 'SIM', 'NÃO', 'NÃO', 'NÃO', 'CAUTELA', 'NÃO', 'NÃO', 'NÃO', 'VOLANTE (quinta e sexta - feira)', 'Às quintas e sextas-feiras de 09 às 11:30h; 13:30h às 16h', 'NÃO', 'OFFLINE', '1.0', '1.0', '0.0', '1.0', '1.0', '0.0', '0.0', '0.0', '0.0', '35', 'B', 'das 07h às 17h de segunda a sexta', '-15,963007', '-47,557766'),
(70, 'UNIDADE BÁSICA DE SAÚDE Nº 05 - PLANALTINA', 67, 'UBS Nº 05 - PLANALTINA', '6216021', 'UBS TIPO 2', 'NÃO', '2017-1145 Ramal 1294', 'Quadra 12 D Conjunto A Área Especial, Arapoanga, Planaltina', 'SIM', 'NÃO', 'NÃO', 'NÃO', 'SIM', 'NÃO', 'NÃO', 'SIM', 'SIM', 'SIM', 'SIM - DIÁRIO', 'SIM', '8h às 18h - segunda a sexta-feira', 'TERÇA E QUINTA
(8h às 12h)', 'OFFLINE', '4.0', '7.0', '1.0', '8.0', '7.0', '1.0', '0.0', '0.0', '0.0', '94', 'B', 'das 07h às 19h de segunda a sexta, e sábado das 07h às 12h ', '-15,63932', '-47,647083'),
(71, 'UNIDADE BÁSICA DE SAÚDE Nº 05 - SAMAMBAIA', 90, 'UBS Nº 05 - SAMAMBAIA', '6921736', 'UBS TIPO 2', 'NÃO', '2017-1145, Ramal: 4851/5050', 'QN 523 AE 01', 'NÃO', 'NÃO', 'NÃO', 'SIM', 'NÃO', 'NÃO', 'NÃO', 'SIM', 'NÃO', 'NÃO', 'NÃO', 'NÃO', 'NÃO', 'NÃO', 'ONLINE', '3.0', '4.0', '0.0', '4.0', '4.0', '0.0', '0.0', '0.0', '0.0', '72', 'C', 'das 07h às 18h de segunda a sexta', '-15,898576', '-48,120967'),
(72, 'UNIDADE BÁSICA DE SAÚDE Nº 06 - CEILÂNDIA', 75, 'UBS Nº 06 - CEILÂNDIA', '11029', 'UBS TIPO 2', 'NÃO', '2017-1145', 'EQNP 10/14 MÓDULO E,F,G, H -', 'SIM', '#REF!', '#REF!', '#REF!', '#REF!', '#REF!', 'SIM', 'SIM', 'SIM', 'SIM', 'SIM ', 'SIM', '07:30h às 18:30h segunda a sexta e sábado 07:30h às 11:30h', 'QUINTA - FEIRA', 'ONLINE', '3.0', '5.0', '1.0', '6.0', '4.0', '1.0', '0.0', '0.0', '0.0', '76', 'B', 'das 07h às 19h de segunda a sexta, e sábado das 07h às 12h ', '-15,84019444', '-48,11419444'),
(73, 'UNIDADE BÁSICA DE SAÚDE Nº 06 - GAMA', 98, 'UBS Nº 06 - GAMA', '10871', 'UBS TIPO 2', 'NÃO', '2017-5791 - Ramal 5790', 'Entrequadra 12/16, Área Especial - Setor Oeste - Gama', 'SIM', 'NÃO', 'NÃO', 'NÃO', 'SIM', 'NÃO', 'SIM', 'SIM', 'SIM', 'SIM', 'SIM - DIÁRIO', 'SIM', '08h às 18:30h segunda a sexta e sábado de 08h às 11:30h', 'TERÇA - FEIRA', 'ONLINE', '2.0', '6.0', '0.0', '6.0', '3.0', '1.0', '0.0', '0.0', '0.0', '77', 'B', 'das 07h às 22h de segunda a sexta', '-16,011394', '-48,073777'),
(74, 'UNIDADE BÁSICA DE SAÚDE Nº 06 - SAMAMBAIA', 91, 'UBS Nº 06 - SAMAMBAIA', '7053754', 'UBS TIPO 1', 'NÃO', '3458-7559', 'QS 122 CONJ. 06 LOTE 01', 'NÃO', 'NÃO', 'NÃO', 'NÃO', 'SIM', 'NÃO', 'NÃO', 'SIM', 'NÃO', 'NÃO', 'NÃO', 'NÃO', 'NÃO', 'NÃO', 'ONLINE', '3.0', '3.0', '1.0', '4.0', '3.0', '0.0', '0.0', '0.0', '0.0', '79', 'D', 'das 07h às 18h de segunda a sexta', '-15,870118', '-48,058478'),
(75, 'UNIDADE BÁSICA DE SAÚDE Nº 06 - SANTA MARIA', 41, 'UBS Nº 06 - SANTA MARIA', '3144607', 'UBS TIPO 1', 'NÃO', '2017-1700 - Ramal 5870', 'QR 202/203, Área Especial - Santa Maria', 'NÃO', 'NÃO', 'NÃO', 'SIM', 'NÃO', 'NÃO', 'NÃO', 'SIM', 'NÃO', 'NÃO', 'NÃO', 'VOLANTE (semanal âs quarta feiras)', '08:30h às 16:30h - quarta-feira', 'NÃO', 'ONLINE', '0.0', '1.0', '1.0', '2.0', '0.0', '0.0', '0.0', '0.0', '0.0', '65', 'C', 'das 07h às 17h de segunda a sexta', '-16,0401', '-48,03064'),
(76, 'UNIDADE BÁSICA DE SAÚDE Nº 06 - SÃO SEBASTIÃO', 2, 'UBS Nº 06 - SÃO SEBASTIÃO', '3212017', 'UBS TIPO 1', 'NÃO', '6320/ 6321 TEL. 2017-1381 GSAP: 6322/ 6323', 'CONJUNTO 5 CASA 1 SÃO FRANCISCO - SÃO SEBASTIÃO', 'NÃO', 'NÃO', 'NÃO', 'NÃO', 'NÃO', 'SIM', 'NÃO', 'CAUTELA', 'NÃO', 'NÃO', 'NÃO', 'SIM', 'Toda quarta feira de 9h às 16h', 'NÃO', 'ONLINE', '0.0', '1.0', '0.0', '1.0', '0.0', '0.0', '0.0', '0.0', '0.0', '55', 'D', 'das 07h às 17h de segunda a sexta', '-15,914607', '-47,760687'),
(77, 'UNIDADE BÁSICA DE SAÚDE Nº 06 - SOBRADINHO', 13, 'UBS Nº 06 - SOBRADINHO', '2804387', 'UBS TIPO 1', 'SIM', '98656-7738', 'DF 001 KM 120 Rua 08 Chácara 187 Lago Oeste, Sobradinho', 'NÃO', 'NÃO', 'NÃO', 'NÃO', 'SIM', 'NÃO', 'NÃO', 'CAUTELA', 'NÃO', 'NÃO', 'SIM - VOLANTE', 'SIM', '8h às 16:30 - segunda a sexta ', 'NÃO', 'ONLINE', '1.0', '1.0', '0.0', '1.0', '1.0', '0.0', '0.0', '0.0', '0.0', '25', 'B', 'das 07h às 17h de segunda a sexta', '-15,618981', '-47,948493'),
(78, 'UNIDADE BÁSICA DE SAÚDE Nº 06 - SOBRADINHO II', 73, 'UBS Nº 06 - SOBRADINHO II', '7041594', 'UBS TIPO 1', 'NÃO', 'Não possui linha telefônica', 'Condomínio Vale das Acácias, Quadra 12, Lote 01, Sobradinho II', 'NÃO', 'NÃO', 'NÃO', 'NÃO', 'NÃO', 'SIM', 'NÃO', 'NÃO', 'NÃO', 'NÃO', 'NÃO', 'SIM', '8h às 16:30 - segunda a sexta', 'NÃO', 'OFFLINE', '0.0', '1.0', '0.0', '1.0', '0.0', '0.0', '0.0', '0.0', '0.0', '81', 'D', 'das 07h às 17h de segunda a sexta', '-15,62289', '-47,836444'),
(79, 'UNIDADE BÁSICA DE SAÚDE Nº 06 - TAGUATINGA', 95, 'UBS Nº 06 - TAGUATINGA', '10952', 'UBS TIPO 2', 'NÃO', '3352-8508', 'SETOR C SUL AE 01', 'SIM', '#REF!', '#REF!', '#REF!', '#REF!', '#REF!', 'NÃO', 'SIM', 'SIM', 'SIM', 'SIM', 'SIM', ' 7:30h às 18:30h segunda a sexta e sábado 07:30h às 11:30h', 'QUINTA - FEIRA', 'ONLINE', '2.0', '7.0', '2.0', '9.0', '3.0', '1.0', '0.0', '0.0', '0.0', '82', 'C', 'das 07h às 19h de segunda a sexta, e sábado das 07h às 12h ', '-15,836387', '-48,062946'),
(80, 'UNIDADE BÁSICA DE SAÚDE Nº 07 - CEILÂNDIA', 76, 'UBS Nº 07 - CEILÂNDIA', '11037', 'UBS TIPO 2', 'NÃO', '2017-2065', 'QNO 10 ÁREA ESPECIAL D/E - 72.255-000', 'SIM', '#REF!', '#REF!', '#REF!', '#REF!', '#REF!', 'NÃO', 'SIM', 'SIM', 'SIM', 'SIM ', 'SIM', '07:30h às 18:30h segunda a sexta e sábado 07:30h às 11:30h', 'QUARTA - FEIRA', 'ONLINE', '3.0', '5.0', '1.0', '6.0', '3.0', '1.0', '0.0', '0.0', '0.0', '83', 'B', '10 às 22h segunda a sexta e sábado 07 às 12h', '-15,795757', '-48,131051'),
(81, 'UNIDADE BÁSICA DE SAÚDE Nº 07 - GAMA', 99, 'UBS Nº 07 - GAMA', '10898', 'UBS TIPO 1', 'NÃO', '2017-1145 - Ramal 5486 e 5485', 'Área Especial - Estádio Bezerrão - Setor Central - Gama', 'SIM', 'NÃO', 'NÃO', 'SIM', 'NÃO', 'NÃO', 'NÃO', 'NÃO', 'NÃO', 'NÃO', 'NÃO', 'NÃO', 'NÃO', 'NÃO', 'ONLINE', '0.0', '2.0', '1.0', '3.0', '0.0', '1.0', '0.0', '0.0', '0.0', '84', 'E', 'das 07h às 17h de segunda a sexta', '-16,013508', '-48,067649'),
(82, 'UNIDADE BÁSICA DE SAÚDE Nº 07 - PARANOÁ', 4, 'UBS Nº 07 - PARANOÁ', '7075596', 'UBS TIPO 1', 'SIM', '99253-2431', 'DF 270 KM 02 CAFÉ SEM TROCO - PARANOÁ', 'NÃO', 'NÃO', 'NÃO', 'NÃO', 'SIM', 'NÃO', 'NÃO', 'CAUTELA', 'NÃO', 'NÃO', 'SIM - DIÁRIO', 'VOLANTE (terça - feira)', 'Às terças-feiras de 09 às 11:30h; 13:00h às 16h', 'NÃO', 'OFFLINE', '0.0', '1.0', '0.0', '1.0', '1.0', '1.0', '0.0', '0.0', '0.0', '35', 'B', 'das 07h às 17h de segunda a sexta', '-15,939568', '-47,599129'),
(83, 'UNIDADE BÁSICA DE SAÚDE Nº 07 - PLANALTINA', 9, 'UBS Nº 07 - PLANALTINA', '2360233', 'UBS TIPO 1', 'NÃO', 'Não possui linha telefônica', 'Entrequadras 03/04 Área Especial 02, Jardim Roriz, Planaltina', 'NÃO', 'NÃO', 'NÃO', 'NÃO', 'SIM', 'NÃO', 'NÃO', 'SIM', 'NÃO', 'NÃO', 'NÃO', 'SIM', '8h às 16:30 - segunda a sexta', 'QUARTA - FEIRA', 'OFFLINE', '0.0', '3.0', '0.0', '3.0', '0.0', '0.0', '0.0', '0.0', '0.0', '36', 'D', 'das 07h às 18h de segunda a sexta', '-15,602764', '-47,648284'),
(84, 'UNIDADE BÁSICA DE SAÚDE Nº 07 - SAMAMBAIA', 92, 'UBS Nº 07 - SAMAMBAIA', '7299877', 'UBS TIPO 2', 'NÃO', 'não tem', 'QD 302 CONJ. 05 LOTE 01', 'NÃO', 'NÃO', 'NÃO', 'NÃO', 'SIM', 'NÃO', 'NÃO', 'SIM', 'SIM', 'NÃO', 'NÃO', 'SIM', ' 7:30h às 18:30h segunda a sexta e sábado 07:30h às 11:30h', 'TERÇA - FEIRA', 'ONLINE', '5.0', '4.0', '2.0', '6.0', '5.0', '0.0', '0.0', '0.0', '0.0', '86', 'C', 'das 07h às 19h de segunda a sexta, e sábado das 07h às 12h ', '-15,877945', '-48,082666'),
(85, 'UNIDADE BÁSICA DE SAÚDE Nº 01 - ASA NORTE', 47, 'UBS Nº 01 - ASA NORTE', '10707', 'UBS TIPO 2', 'NÃO', '2017-1900 ramal 7606 ou 7608', 'SGAN 905 modulo D - Asa Norte', 'SIM', 'NÃO', 'SIM', 'NÃO', 'NÃO', 'NÃO', 'SIM', 'SIM', 'SIM', 'SIM', 'SIM - DIÁRIO', 'SIM', '08 às 18:30h segunda a sexta e sábado 08 às 11:30h', 'TERÇA E SEXTA', 'ONLINE', '2.0', '0.0', '5.0', '5.0', '3.0', '0.0', '0.0', '0.0', '0.0', '4', 'C', 'das 07h às 19h de segunda a sexta, e sábado das 07h às 12h ', '-15,7733019', '-47,8924184'),
(86, 'UNIDADE BÁSICA DE SAÚDE Nº 01 - ASA SUL', 48, 'UBS Nº 01 - ASA SUL', '11150', 'UBS TIPO 2', 'NÃO', '20171900 ramal 7448', 'SGAS 612 - Lotes 38/39 CEP: 70200-700', 'SIM', 'NÃO', 'NÃO', 'NÃO', 'SIM', 'NÃO', 'NÃO', 'SIM', 'SIM', 'SIM', 'NÃO', 'SIM', '08 às 18:30h segunda à sexta ', 'TERÇA E SEXTA', 'ONLINE', '2.0', '0.0', '7.0', '7.0', '4.0', '1.0', '1.0', '0.0', '0.0', '5', 'C', 'das 07h às 22h de segunda a sexta', '-15,832798', '-47,90942'),
(87, 'UNIDADE BÁSICA DE SAÚDE Nº 07 - SÃO SEBASTIÃO', 2, 'UBS Nº 07 - SÃO SEBASTIÃO', '3781402', 'UBS TIPO 1', 'SIM', '6330/ 6331 TEL. 2017-1382 GSAP: 6322/ 6323', 'CHÁCARA 10 - MORRO DA CRUZ - SSB', 'NÃO', 'NÃO', 'NÃO', 'NÃO', 'NÃO', 'SIM', 'NÃO', 'CAUTELA', 'NÃO', 'NÃO', 'NÃO', 'SIM', 'Toda terça-feira de 09h às 16h', 'NÃO', 'OFFLINE', '0.0', '1.0', '0.0', '1.0', '0.0', '0.0', '0.0', '0.0', '0.0', '55', 'D', 'das 07h às 17h de segunda a sexta', '-15,916379', '-47,771105'),
(88, 'UNIDADE BÁSICA DE SAÚDE Nº 01 - SOBRADINHO', 13, 'UBS Nº 01 - SOBRADINHO', '11223', 'UBS TIPO 2', 'NÃO', '98638-6759', 'Quadra 14 Área Especial nº 22/23, Sobradinho', 'SIM', 'NÃO', 'NÃO', 'NÃO', 'SIM', 'NÃO', 'NÃO', 'SIM', 'SIM', 'SIM', 'SIM - DIÁRIO', 'SIM', '8h às 18h - segunda a sexta ', 'QUARTA E QUINTA
(8h às 12h)', 'OFFLINE', '2.0', '6.0', '1.0', '7.0', '5.0', '0.0', '0.0', '0.0', '0.0', '25', 'C', 'das 07h às 19h de segunda a sexta, e sábado das 07h às 12h ', '-15,650685', '-47,782041'),
(89, 'UNIDADE BÁSICA DE SAÚDE Nº 02 - RECANTO DAS EMAS', 24, 'UBS Nº 02 - RECANTO DAS EMAS', '11134', 'UBS TIPO 2', 'NÃO', '3333-6323', 'QUADRA 102 ÁREA ESPECIAL 01', 'SIM', '#REF!', '#REF!', '#REF!', '#REF!', '#REF!', 'NÃO', 'SIM', 'SIM', 'SIM', 'SIM', 'SIM', ' 7:30h às 18:30h segunda a sexta e sábado 07:30h às 11:30h', 'SEGUNDA - FEIRA', 'ONLINE', '3.0', '7.0', '1.0', '8.0', '3.0', '1.0', '0.0', '0.0', '0.0', '37', 'B', 'das 07h às 22h de segunda a sexta', '-15,902186', '-48,060234'),
(90, 'UNIDADE BÁSICA DE SAÚDE Nº 02 - RIACHO FUNDO II', 1, 'UBS Nº 02 - RIACHO FUNDO II', '3410196', 'UBS TIPO 1', 'NÃO', '2017-1145 (R-6200/6201)', 'QC 1 Conj. 10 Lt 01- Riacho Fundo II CEP:71.882-110', 'NÃO', 'NÃO', 'NÃO', 'NÃO', 'SIM', 'NÃO', 'NÃO', 'NÃO', 'NÃO', 'NÃO', 'NÃO', 'NÃO', 'NÃO', 'NÃO', 'OFFLINE', '0.0', '2.0', '0.0', '2.0', '0.0', '0.0', '0.0', '0.0', '0.0', '40', 'E', 'das 07h às 17h de segunda a sexta', '-15,909386', '-48,049338'),
(91, 'UNIDADE BÁSICA DE SAÚDE Nº 03 - PLANALTINA', 8, 'UBS Nº 03 - PLANALTINA', '11096', 'UBS TIPO 1', 'NÃO', 'Não possui linha telefônica', 'Setor Hospitalar Area Especial, CEP SAUDE, Planaltina-DF;', 'NÃO', 'NÃO', 'NÃO', 'NÃO', 'SIM', 'NÃO', 'NÃO', 'SIM', 'NÃO', 'NÃO', 'SIM - VOLANTE', 'VOLANTE (terça e quinta - feira)', '9h às 16:30 - terça e quinta', 'NÃO', 'OFFLINE', '1.0', '1.0', '0.0', '1.0', '1.0', '0.0', '0.0', '0.0', '0.0', '18', 'C', 'das 07h às 17h de segunda a sexta', '-15,624705', '-47,655044'),
(92, 'UNIDADE BÁSICA DE SAÚDE Nº 04 - SOBRADINHO', 71, 'UBS Nº 04 - SOBRADINHO', '7687079', 'UBS TIPO 1', 'SIM', '98452-8650', 'DF 440 Condomínio Residencial Serra Verde, KM 12, Sala anexa à Paroquia, Sobradinho', 'NÃO', 'NÃO', 'NÃO', 'SIM', 'NÃO', 'NÃO', 'NÃO', 'CAUTELA', 'NÃO', 'NÃO', 'SIM - VOLANTE', 'VOLANTE (segunda a sexta - feira)', '8h às 16:30 - segunda a sexta ', 'NÃO', 'OFFLINE', '1.0', '1.0', '0.0', '1.0', '1.0', '0.0', '0.0', '0.0', '0.0', '67', 'B', 'das 07h às 17h de segunda a sexta', '-15,702454', '-47,758675'),
(93, 'UNIDADE BÁSICA DE SAÚDE Nº 06 - PARANOÁ', 4, 'UBS Nº 06 - PARANOÁ', '2804107', 'UBS TIPO 1', 'SIM', '2017 - 2200', 'COL AGRIC CARIRU DF 120 AE - PARANOÁ', 'NÃO', 'NÃO', 'NÃO', 'SIM', 'NÃO', 'NÃO', 'NÃO', 'CAUTELA', 'NÃO', 'NÃO', 'NÃO', 'VOLANTE (terça - feira)', 'Às terças-feiras de 09 às 11:30h; 13:00h às 16h', 'NÃO', 'OFFLINE', '2.0', '1.0', '0.0', '1.0', '1.0', '0.0', '0.0', '0.0', '0.0', '35', 'C', 'das 07h às 17h de segunda a sexta', '-15,90691927', '-47,51657724'),
(94, 'UNIDADE BÁSICA DE SAÚDE Nº 06 - PLANALTINA', 67, 'UBS Nº 06 - PLANALTINA', '5050340', 'UBS TIPO 1', 'NÃO', '2017-1145 Ramal 1294', 'Quadra 08 Conjunto 1, S/N Arapoanga, Planaltina', 'NÃO', 'NÃO', 'NÃO', 'NÃO', 'SIM', 'NÃO', 'NÃO', 'NÃO', 'NÃO', 'NÃO', 'NÃO', 'NÃO', 'NÃO', 'NÃO', 'OFFLINE', '0.0', '3.0', '0.0', '3.0', '0.0', '0.0', '0.0', '0.0', '0.0', '94', 'E', 'das 07h às 18h de segunda a sexta', '-15,6407456', '-47,6402785'),
(95, 'UNIDADE BÁSICA DE SAÚDE Nº 02 - ITAPOÃ', 62, 'UBS Nº 02 - ITAPOÃ', '3286959', 'UBS TIPO 1', 'NÃO', '2017-1049 / RAMAL: 2240', 'QD 61 AE DEL LAGO - ITAPOÃ - PROX. QUADRA POLIESPORTIVA', 'NÃO', 'NÃO', 'NÃO', 'SIM', 'NÃO', 'NÃO', 'NÃO', 'CAUTELA', 'NÃO', 'NÃO', 'NÃO', 'NÃO', 'NÃO', 'NÃO', 'ONLINE', '1.0', '1.0', '1.0', '2.0', '1.0', '0.0', '0.0', '0.0', '0.0', '34', 'C', 'das 07h às 17h de segunda a sexta', '-15,74573', '-47,769759'),
(96, 'UNIDADE BÁSICA DE SAÚDE Nº 08 - TAGUATINGA', 97, 'UBS Nº 08 - TAGUATINGA', '2617269', 'UBS TIPO 2', 'NÃO', '3475-2912', 'QNL 24 AE - TAG. NORTE NOVA QNL', 'SIM', '#REF!', '#REF!', '#REF!', '#REF!', '#REF!', 'NÃO', 'SIM', 'SIM', 'NÃO', 'SIM', 'SIM', '07:30h às 17:30h segunda a sexta', 'QUINTA - FEIRA', 'ONLINE', '2.0', '4.0', '1.0', '5.0', '3.0', '1.0', '0.0', '0.0', '0.0', '92', 'B', 'das 07h às 18h de segunda a sexta', '-15,821107', '-48,092253'),
(97, 'UNIDADE BÁSICA DE SAÚDE Nº 09 - CEILÂNDIA', 78, 'UBS Nº 09 - CEILÂNDIA', '11053', 'UBS TIPO 2', 'NÃO', '2017-2078', 'EQNP 28/32 - P SUL LOTE A, B, C e D', 'SIM', '#REF!', '#REF!', '#REF!', '#REF!', '#REF!', 'NÃO', 'SIM', 'SIM', 'NÃO', 'SIM ', 'SIM', '07:30h às 18:30h segunda a sexta e sábado 07:30 h às 11:30h', 'QUARTA - FEIRA', 'ONLINE', '4.0', '4.0', '2.0', '6.0', '4.0', '0.0', '0.0', '0.0', '0.0', '93', 'C', 'das 07h às 19h de segunda a sexta, e sábado das 07h às 12h ', '-15,846605', '-48,123492'),
(98, 'UNIDADE BÁSICA DE SAÚDE Nº 05 - BRAZLÂNDIA', 17, 'UBS Nº 05 - BRAZLÂNDIA', '3144631', 'UBS TIPO 1', 'SIM', 'Não possui linha telefônica', 'RESERVA A DF 240 DF 008 DF 445 KM 4 VINCENAL AE 1', 'NÃO', 'NÃO', 'NÃO', 'NÃO', 'NÃO', 'NÃO', 'NÃO', 'SIM', 'NÃO', 'NÃO', 'SIM - VOLANTE', 'VOLANTE (segunda - feira)', 'Volante - segunda-feira', 'NÃO', 'ONLINE', '0.0', '1.0', '0.0', '1.0', '0.0', '0.0', '0.0', '0.0', '0.0', '47', 'D', 'das 07h às 17h de segunda a sexta', '-15,674537', '-48,15158'),
(99, 'UNIDADE BÁSICA DE SAÚDE Nº 06 - BRAZLÂNDIA', 17, 'UBS Nº 06 - BRAZLÂNDIA', '11495', 'UBS TIPO 1', 'SIM', 'Não possui linha telefônica', 'FAZENDA ALMECEGAS BR 180 DF 205 KM 05 - ALMECEGAS', 'NÃO', 'NÃO', 'NÃO', 'NÃO', 'NÃO', 'NÃO', 'NÃO', 'SIM', 'NÃO', 'NÃO', 'SIM - VOLANTE', 'VOLANTE (sexta - feira)', 'Volante - sexta-feira', 'NÃO', 'OFFLINE', '0.0', '1.0', '0.0', '1.0', '1.0', '0.0', '0.0', '0.0', '0.0', '47', 'D', 'das 07h às 17h de segunda a sexta', '-15,53888889', '-48,16847222'),
(100, 'UNIDADE BÁSICA DE SAÚDE Nº 07 - BRAZLÂNDIA', 17, 'UBS Nº 07 - BRAZLÂNDIA', '11509', 'UBS TIPO 1', 'SIM', 'Não possui linha telefônica', 'QUADRA 15 LOTE 02 LJ 01 AREA ESPECIAL 02 INCRA 08', 'NÃO', 'NÃO', 'NÃO', 'NÃO', 'NÃO', 'NÃO', 'NÃO', 'SIM', 'NÃO', 'NÃO', 'SIM - VOLANTE', 'VOLANTE (terça - feira)', 'Volante - terça-feira', 'NÃO', 'ONLINE', '1.0', '1.0', '0.0', '1.0', '1.0', '0.0', '0.0', '0.0', '0.0', '47', 'C', 'das 07h às 17h de segunda a sexta', '-15,742334', '-48,16957'),
(101, 'UNIDADE BÁSICA DE SAÚDE Nº 10 - PLANALTINA', 10, 'UBS Nº 10 - PLANALTINA', '2804174', 'UBS TIPO 1', 'SIM', '99617-5951', 'Núcleo Rural Taquara, Quadra 1, Área Especial, Planaltina/DF.', 'NÃO', 'NÃO', 'NÃO', 'NÃO', 'NÃO', 'SIM', 'NÃO', 'CAUTELA', 'NÃO', 'NÃO', 'SIM - VOLANTE', 'VOLANTE (segunda a sexta - feira)', '8h às 16:30 - segunda a sexta', 'NÃO', 'ONLINE', '1.0', '1.0', '0.0', '1.0', '1.0', '0.0', '0.0', '0.0', '0.0', '61', 'C', 'das 07h às 17h de segunda a sexta', '-15,629319', '-47,518272'),
(102, 'UNIDADE BÁSICA DE SAÚDE Nº 10 - SAMAMBAIA', 92, 'UBS Nº 10 - SAMAMBAIA', '3633845', 'UBS TIPO 1', 'NÃO', '3357-0465', 'QN 501 CONJ. 07 CASA 31', 'NÃO', 'NÃO', 'NÃO', 'NÃO', 'SIM', 'NÃO', 'NÃO', 'CAUTELA', 'NÃO', 'NÃO', 'NÃO', 'NÃO', 'NÃO', 'NÃO', 'ONLINE', '0.0', '1.0', '0.0', '1.0', '0.0', '0.0', '0.0', '0.0', '0.0', '86', 'E', 'das 07h às 17h de segunda a sexta', '-15,884218', '-48,08701'),
(103, 'UNIDADE BÁSICA DE SAÚDE Nº 10 - SÃO SEBASTIÃO', 64, 'UBS Nº 10 - SÃO SEBASTIÃO', '3286932', 'UBS TIPO 1', 'NÃO', '6230/ 6231 TEL. 2017-1385 GSAP: 6232/ 6233', 'RUA 14 LOTE 21 LOJA 1, 2, 3 JOÃO CANDIDO - SSB', 'NÃO', 'NÃO', 'NÃO', 'NÃO', 'SIM', 'NÃO', 'NÃO', 'CAUTELA', 'NÃO', 'NÃO', 'NÃO', 'SIM', 'Toda terça e quarta-feira de 09h às 16h', 'NÃO', 'OFFLINE', '0.0', '1.0', '0.0', '1.0', '0.0', '0.0', '0.0', '0.0', '0.0', '66', 'C', 'das 07h às 17h de segunda a sexta', '-15,897911', '-47,76124'),
(104, 'UNIDADE BÁSICA DE SAÚDE Nº 11 - CEILÂNDIA', 80, 'UBS Nº 11 - CEILÂNDIA', '11061', 'UBS TIPO 2', 'NÃO', 'Não possui linha telefônica', 'EQNO 17/18 - Expansão do Setor "O" ÁREA ESPECIAL', 'SIM', 'NÃO', 'NÃO', 'NÃO', 'NÃO', 'NÃO', 'NÃO', 'SIM', 'SIM', ' NÃO', 'SIM - DIÁRIO', 'SIM', '07:30h às 18:30h segunda a sexta e sábado 07:30h às 11:30h', 'SEGUNDA - FEIRA', 'ONLINE', '7.0', '4.0', '2.0', '6.0', '3.0', '0.0', '0.0', '0.0', '0.0', '97', 'C', 'das 07h às 19h de segunda a sexta, e sábado das 07h às 12h ', '-15,79828262', '-48,13342094'),
(105, 'UNIDADE BÁSICA DE SAÚDE Nº 11 - GAMA', 98, 'UBS Nº 11 - GAMA', '3144577', 'UBS TIPO 1', 'SIM', '9 8582-9774', 'DF 457, Ponte Alta. Associação dos Produtores Rurais. GAMA DF', 'NÃO', 'NÃO', 'NÃO', 'NÃO', 'SIM', 'NÃO', 'NÃO', 'SIM', 'NÃO', 'NÃO', 'NÃO', 'NÃO', 'NÃO', 'NÃO', 'ONLINE', '1.0', '1.0', '1.0', '2.0', '1.0', '0.0', '0.0', '0.0', '0.0', '77', 'C', 'das 07h às 17h de segunda a sexta', '-15,980404', '-48,072199'),
(106, 'UNIDADE BÁSICA DE SAÚDE Nº 13 - PLANALTINA', 70, 'UBS Nº 13 - PLANALTINA', '11622', 'UBS TIPO 1', 'SIM', '99306-0319', 'Núcleo Rural São José, Área Especial, Planaltina', 'NÃO', 'NÃO', 'NÃO', 'NÃO', 'SIM', 'NÃO', 'NÃO', 'CAUTELA', 'NÃO', 'NÃO', 'SIM - VOLANTE', 'VOLANTE (segunda a sexta - feira)', '8h às 16:30 - segunda a sexta', 'NÃO', 'OFFLINE', '0.0', '1.0', '0.0', '1.0', '0.0', '0.0', '0.0', '0.0', '0.0', '70', 'C', 'das 07h às 17h de segunda a sexta', '-15,704136', '-47,373487'),
(107, 'UNIDADE BÁSICA DE SAÚDE Nº 14 - CEILÂNDIA', 83, 'UBS Nº 14 - CEILÂNDIA', '3677044', 'UBS TIPO 1', 'NÃO', '2017-2069', 'CONDOMÍNIO PRIVÉ LUCENA RORIZ RUA 01 A/E 03 MOD. 12 LT 01', 'SIM', 'NÃO', 'NÃO', 'NÃO', 'NÃO', 'NÃO', 'NÃO', 'SIM', 'NÃO', 'NÃO', 'NÃO', 'NÃO', 'NÃO', 'NÃO', 'ONLINE', '1.0', '1.0', '1.0', '2.0', '1.0', '0.0', '0.0', '0.0', '0.0', '100', 'C', 'das 07h às 17h de segunda a sexta', '-15,78527778', '-48,13655556'),
(108, 'UNIDADE BÁSICA DE SAÚDE Nº 16 - PLANALTINA', 10, 'UBS Nº 16 - PLANALTINA', '11592', 'UBS TIPO 1', 'SIM', '99691-5196', 'Núcleo Rural Pipiripau II, Área Administrativa, Planaltina/DF', 'NÃO', 'NÃO', 'NÃO', 'NÃO', 'NÃO', 'SIM', 'NÃO', 'CAUTELA', 'NÃO', 'NÃO', 'SIM - VOLANTE', 'VOLANTE (segunda a sexta - feira)', '8h às 16:30 - segunda a sexta', 'NÃO', 'OFFLINE', '0.0', '1.0', '0.0', '1.0', '0.0', '0.0', '0.0', '0.0', '0.0', '61', 'D', 'das 07h às 17h de segunda a sexta', '-15,534618', '-47,511097'),
(109, 'UNIDADE BÁSICA DE SAÚDE Nº 02 - PARANOÁ', 4, 'UBS Nº 02 - PARANOÁ', '3286975', 'UBS TIPO 1', 'NÃO', '2017 - 2230/ 2231', 'QD 18 AE - PARANOÁ', 'NÃO', 'NÃO', 'NÃO', 'SIM', 'NÃO', 'NÃO', 'NÃO', 'NÃO', 'NÃO', 'NÃO', 'NÃO', 'NÃO', 'NÃO', 'NÃO', 'ONLINE', '1.0', '2.0', '0.0', '2.0', '1.0', '1.0', '0.0', '0.0', '0.0', '35', 'D', 'das 07h às 17h de segunda a sexta', '-15,770585', '-47,778523'),
(110, 'UNIDADE BÁSICA DE SAÚDE Nº 01 - VARJÃO', 51, 'UBS Nº 01 - VARJÃO', '2617358', 'UBS TIPO 1', 'NÃO', '2017-1900 Ramal 2160', 'Vila Varjão Quadra 05 conj. A lt. 17 -Área Especial - Varjão do Torto', 'SIM', 'NÃO', 'NÃO', 'NÃO', 'SIM', 'NÃO', 'NÃO', 'SIM', 'SIM', 'NÃO', 'SIM - DIÁRIO', 'SIM', '08 às 16:00 segunda a sexta', 'TERÇA - FEIRA', 'ONLINE', '2.0', '0.0', '3.0', '3.0', '2.0', '1.0', '0.0', '0.0', '0.0', '2', 'B', 'das 07h às 17h de segunda a sexta', '-15,7109471', '-47,87622929'),
(111, 'UNIDADE BÁSICA DE SAÚDE Nº 03 - CEILÂNDIA', 20, 'UBS Nº 03 - CEILÂNDIA', '10995', 'UBS TIPO 2', 'NÃO', '2017 - 2074', 'QNM 15 LOTE D ÁREA ESPECIAL', 'SIM', '#REF!', '#REF!', '#REF!', '#REF!', '#REF!', 'NÃO', 'SIM', 'SIM', 'NÃO', 'SIM ', 'SIM', '07:30 h às 18:00h segunda a sexta e sábado 07h às 11:30h', 'SEGUNDA - FEIRA', 'ONLINE', '3.0', '4.0', '1.0', '5.0', '3.0', '0.0', '0.0', '0.0', '0.0', '48', 'C', '8 às 22h segunda a sexta e sábado 07 às 12h', '-15,83098504', '-48,09668541'),
(112, 'UNIDADE BÁSICA DE SAÚDE Nº 03 - FERCAL', 65, 'UBS Nº 03 - FERCAL', '161616', 'UBS TIPO 1', 'SIM', 'Não possui linha telefônica', 'Sítio Patrícia, DF 326, KM 8, Núcleo Rural Lobeiral, FercaL.', 'NÃO', 'NÃO', 'NÃO', 'NÃO', 'SIM', 'NÃO', 'NÃO', 'CAUTELA', 'NÃO', 'NÃO', 'SIM - VOLANTE', 'SIM', '8h às 16:30 - segunda a sexta ', 'NÃO', 'OFFLINE', '1.0', '1.0', '0.0', '1.0', '1.0', '1.0', '0.0', '0.0', '0.0', '87', 'B', 'das 07h às 17h de segunda a sexta', '-15,592532', '-47,837186'),
(113, 'UNIDADE BÁSICA DE SAÚDE Nº 04 - GAMA', 37, 'UBS Nº 04 - GAMA', '10855', 'UBS TIPO 2', 'NÃO', '3556-6878/2017-5770 - Ramal 5771/2017-1886', 'Praça 3 - Área Especial 2 - Setor Leste - Gama', 'SIM', 'NÃO', 'NÃO', 'NÃO', 'NÃO', 'NÃO', 'NÃO', 'SIM', 'SIM', 'NÃO', 'SIM - DIÁRIO', 'SIM', '08h às 17:30h segunda a sexta e, a partir de outubro, e sábado de 08h às 11:30h', 'QUINTA - FEIRA', 'ONLINE', '4.0', '3.0', '2.0', '5.0', '3.0', '0.0', '0.0', '0.0', '0.0', '59', 'C', 'das 07h às 19h de segunda a sexta, e sábado das 07h às 12h ', '-16,026052', '-48,056946'),
(114, 'UNIDADE BÁSICA DE SAÚDE Nº 05 - RIACHO FUNDO II', 1, 'UBS Nº 05 - RIACHO FUNDO II', '7526504', 'UBS TIPO 1', 'NÃO', '2017-1145 (R-6200/6201)', 'CAUB II, Lote 13 CEP: 71884-300', 'NÃO', 'NÃO', 'NÃO', 'NÃO', 'SIM', 'NÃO', 'NÃO', 'NÃO', 'NÃO', 'NÃO', 'NÃO', 'NÃO', 'NÃO', 'NÃO', 'OFFLINE', '1.0', '2.0', '0.0', '2.0', '1.0', '0.0', '0.0', '0.0', '0.0', '40', 'E', 'das 07h às 17h de segunda a sexta', '-15,938581', '-48,034864'),
(115, 'UNIDADE BÁSICA DE SAÚDE Nº 11 - SÃO SEBASTIÃO', 64, 'UBS Nº 11 - SÃO SEBASTIÃO', '3212025', 'UBS TIPO 1', 'NÃO', '6240/ 6241 TEL. 2017-1386 GSAP: 6232/ 6233', 'RUA 26 CONJ B CASA 17 - BOSQUE - SÃO SEBASTIÃO', 'NÃO', 'NÃO', 'NÃO', 'NÃO', 'SIM', 'NÃO', 'NÃO', 'CAUTELA', 'NÃO', 'NÃO', 'NÃO', 'SIM', 'Toda quarta e sexta-feira de 09h às 16h', 'NÃO', 'OFFLINE', '0.0', '1.0', '0.0', '1.0', '0.0', '0.0', '0.0', '0.0', '0.0', '66', 'D', 'das 07h às 17h de segunda a sexta', '-15,912092', '-47,751652'),
(116, 'UNIDADE BÁSICA DE SAÚDE Nº 12 - CEILÂNDIA', 81, 'UBS Nº 12 - CEILÂNDIA', '2617293', 'UBS TIPO 2', 'NÃO', '2017-2063', 'EQNQ 03/04 ÁREA ESPECIAL - CEILÂNDIA NORTE', 'SIM', 'NÃO', 'NÃO', 'NÃO', 'NÃO', 'NÃO', 'NÃO', 'SIM', 'NÃO', 'NÃO', 'SIM - DIÁRIO', 'SIM', '07:30h às 18h segunda a sexta e sábado 07:30h às 11h', 'SEXTA - FEIRA', 'ONLINE', '3.0', '8.0', '3.0', '11.0', '4.0', '1.0', '0.0', '0.0', '0.0', '98', 'C', '07 às 22h segunda a sexta e sábado 07 às 12h', '-15,80469', '-48,143466'),
(117, 'UNIDADE BÁSICA DE SAÚDE Nº 12 - GAMA', 43, 'UBS Nº 12 - GAMA', '3144615', 'UBS TIPO 1', 'SIM', '2017-5487', 'DF 290, Antigo Posto Fiscal, Ponte Alta - Gama', 'NÃO', 'NÃO', 'NÃO', 'NÃO', 'NÃO', 'NÃO', 'NÃO', 'SIM', 'NÃO', 'NÃO', 'SIM - VOLANTE', 'VOLANTE (15 em 15 dias, quinta-feira)', '09h as 16h30 - quinta feira', 'NÃO', 'ONLINE', '1.0', '0.0', '2.0', '2.0', '1.0', '0.0', '0.0', '0.0', '0.0', '11', 'C', 'das 07h às 17h de segunda a sexta', '-16,008947', '-48,159738'),
(118, 'UNIDADE BÁSICA DE SAÚDE Nº 12 - PLANALTINA', 69, 'UBS Nº 12 - PLANALTINA', '2804123', 'UBS TIPO 1', 'NÃO', '4052-7314', 'DF-128, KM 21, Setor Residencial Mestre Darmas, Planaltina', 'NÃO', 'NÃO', 'NÃO', 'NÃO', 'NÃO', 'SIM', 'NÃO', 'CAUTELA', 'NÃO', 'NÃO', 'SIM - VOLANTE', 'VOLANTE (segunda a sexta - feira)', '8h às 16:30 - segunda a sexta', 'NÃO', 'OFFLINE', '0.0', '1.0', '0.0', '1.0', '0.0', '0.0', '0.0', '0.0', '0.0', '85', 'C', 'das 07h às 17h de segunda a sexta', '-15,633893', '-47,674468'),
(119, 'UNIDADE BÁSICA DE SAÚDE Nº 12 - SAMAMBAIA', 30, 'UBS Nº 12 - SAMAMBAIA', '9480587', 'UBS TIPO 2', 'NÃO', 'Ramal: 5190', 'QD 210 CONJ. 22 LOTE 01', 'SIM', '#REF!', '#REF!', '#REF!', '#REF!', '#REF!', 'NÃO', 'SIM', 'SIM', 'SIM', 'SIM', 'SIM', ' 7:30h às 18:30h segunda a sexta e sábado 07:30h às 11:30h', 'QUARTA - FEIRA', 'ONLINE', '4.0', '6.0', '0.0', '6.0', '5.0', '0.0', '0.0', '0.0', '0.0', '22', 'B', 'das 07h às 19h de segunda a sexta, e sábado das 07h às 12h ', '-15,865917', '-48,074603'),
(120, 'UNIDADE BÁSICA DE SAÚDE Nº 12 - SÃO SEBASTIÃO', 64, 'UBS Nº 12 - SÃO SEBASTIÃO', '7423489', 'UBS TIPO 1', 'NÃO', '6260/ 6261 TEL. 2017-1387 GSAP: 6232/ 6233', 'QD 31 CASA 6 SÃO JOSÉ - SÃO SEBASTIÃO', 'NÃO', 'NÃO', 'NÃO', 'NÃO', 'NÃO', 'SIM', 'NÃO', 'CAUTELA', 'NÃO', 'NÃO', 'NÃO', 'SIM', 'Toda quarta-feira de 09 às 16h', 'NÃO', 'ONLINE', '0.0', '1.0', '0.0', '1.0', '0.0', '0.0', '0.0', '0.0', '0.0', '66', 'C', 'das 07h às 17h de segunda a sexta', '-15,90968448', '-47,76488543'),
(121, 'UNIDADE BÁSICA DE SAÚDE Nº 17 - CEILÂNDIA', 85, 'UBS Nº 17 - CEILÂNDIA', '9509356', 'UBS TIPO 2', 'NÃO', '2017-2071', 'EQNP 16/20 AREA ESPECIAL - SETOR P SUL', 'SIM', '#REF!', '#REF!', '#REF!', '#REF!', '#REF!', 'NÃO', 'SIM', 'NÃO', 'NÃO', 'SIM ', 'SIM', '07:30h às 17:30h segunda a sexta', 'SEXTA - FEIRA', 'ONLINE', '4.0', '3.0', '1.0', '4.0', '4.0', '0.0', '0.0', '0.0', '0.0', '103', 'B', 'das 07h às 19h de segunda a sexta, e sábado das 07h às 12h ', '-15,847128', '-48,114353'),
(122, 'UNIDADE BÁSICA DE SAÚDE Nº 17 - PLANALTINA', 10, 'UBS Nº 17 - PLANALTINA', '3144666', 'UBS TIPO 1', 'SIM', '99154-9467', 'Núcleo Rural Jardim Morumbi, Rodovia DF 128, KM 4, Gleba N, Chácara Vale do Sol Nº 15, Planaltina/DF', 'NÃO', 'NÃO', 'NÃO', 'NÃO', 'NÃO', 'SIM', 'NÃO', 'CAUTELA', 'NÃO', 'NÃO', 'SIM - VOLANTE', 'VOLANTE (segunda a sexta - feira)', '8h às 16:30 - segunda a sexta', 'NÃO', 'OFFLINE', '1.0', '1.0', '0.0', '1.0', '1.0', '0.0', '0.0', '0.0', '0.0', '61', 'B', 'das 07h às 17h de segunda a sexta', '-15,523615', '-47,618887'),
(123, 'UNIDADE BÁSICA DE SAÚDE Nº 18 - CEILÂNDIA', 86, 'UBS Nº 18 - CEILÂNDIA', '9643338', 'UBS TIPO 1', 'NÃO', 'Não possui linha telefônica', 'QNN 28 lote H, I, J,K GUARIROBA - Caíque', 'NÃO', 'NÃO', 'NÃO', 'NÃO', 'NÃO', 'NÃO', 'NÃO', 'NÃO', 'NÃO', 'NÃO', 'NÃO', 'NÃO', 'NÃO', 'NÃO', 'ONLINE', '1.0', '1.0', '0.0', '1.0', '1.0', '0.0', '0.0', '0.0', '0.0', '104', 'E', 'das 07h às 17h de segunda a sexta', '-15,832169', '-48,114475'),
(124, 'UNIDADE BÁSICA DE SAÚDE Nº 05 - SOBRADINHO II', 73, 'UBS Nº 05 - SOBRADINHO II', '7686730', 'UBS TIPO 1', 'NÃO', '2017-1200 Ramal 1930/1931', 'Condomínio Mini-Chácaras, QMS 16 Rua 14 Casa 01, Sobradinho II', 'NÃO', 'NÃO', 'NÃO', 'NÃO', 'SIM', 'NÃO', 'NÃO', 'NÃO', 'NÃO', 'NÃO', 'NÃO', 'SIM', '8h às 16:30 - segunda a sexta', 'NÃO', 'ONLINE', '1.0', '2.0', '0.0', '2.0', '1.0', '1.0', '0.0', '0.0', '0.0', '81', 'D', 'das 07h às 17h de segunda a sexta', '-15,635707', '-47,837388'),
(125, 'UNIDADE BÁSICA DE SAÚDE Nº 18 - PLANALTINA', 11, 'UBS Nº 18 - PLANALTINA', '9566961', 'UBS TIPO 1', 'NÃO', '98577 3942', 'Setor Recreativo e Cultural, Módulo Esportivo S/N, Centro Olímpico, Planaltina-DF;', 'NÃO', 'NÃO', 'NÃO', 'NÃO', 'SIM', 'NÃO', 'NÃO', 'NÃO', 'NÃO', 'NÃO', 'SIM - VOLANTE', 'VOLANTE (segunda a sexta - feira)', '8h às 16:30 - segunda a sexta', 'NÃO', 'ONLINE', '0.0', '0.0', '1.0', '1.0', '0.0', '0.0', '0.0', '0.0', '0.0', '52', 'D', 'das 07h às 17h de segunda a sexta', '-15,616921', '-47,651111'),
(126, 'UNIDADE BÁSICA DE SAÚDE Nº 01 - CANDANGOLÂNDIA', 52, 'UBS Nº 01 - CANDANGOLÂNDIA', '11185', 'UBS TIPO 2', 'NÃO', '2017-1265 (R-6110) 2017-1266 (R-6460)', 'EQR 5/7 - Área Especial 1 Candangolândia CEP: 71725-510', 'SIM', 'NÃO', 'NÃO', 'NÃO', 'SIM', 'NÃO', 'SIM', 'SIM', 'SIM', 'SIM', 'SIM - DIÁRIO', 'SIM', '07:30h às 18:30h segunda a sexta', 'QUINTA - FEIRA', 'ONLINE', '2.0', '2.0', '3.0', '5.0', '3.0', '1.0', '0.0', '0.0', '0.0', '7', 'B', 'das 07h às 19h de segunda a sexta, e sábado das 07h às 12h ', '-15,84981', '-47,95139'),
(127, 'UNIDADE BÁSICA DE SAÚDE Nº 01 - CEILÂNDIA', 18, 'UBS Nº 01 - CEILÂNDIA', '7347715', 'UBS TIPO 2', 'NÃO', '2017 - 2067', 'EQNP 7/11, ÁREA ESPECIAL, CEILÂNDIA NORTE', 'SIM', 'NÃO', 'NÃO', 'NÃO', 'NÃO', 'NÃO', 'NÃO', 'NÃO', 'NÃO', 'NÃO', 'NÃO', 'SIM', 'VOLANTE - Segunda e quinta-feira 08:00 às 17:00', 'NÃO', 'ONLINE', '1.0', '4.0', '0.0', '4.0', '2.0', '0.0', '0.0', '0.0', '0.0', '8', 'D', 'das 07h às 19h de segunda a sexta, e sábado das 07h às 12h ', '-15,81894444', '-48,12986111'),
(128, 'UNIDADE BÁSICA DE SAÚDE Nº 07 - SANTA MARIA', 42, 'UBS Nº 07 - SANTA MARIA', '3144569', 'UBS TIPO 1', 'NÃO', '2017-5950', 'Av. Brigadeiro Pinto de Moura, S/N, Área Especial, Santos Dumont - Santa Maria', 'NÃO', 'NÃO', 'NÃO', 'NÃO', 'SIM', 'NÃO', 'NÃO', 'SIM', 'NÃO', 'NÃO', 'NÃO', 'VOLANTE (quinzenal âs tercas feiras)', '09h às 16:30 (de 15 em 15 dias)', 'NÃO', 'ONLINE', '0.0', '1.0', '0.0', '1.0', '0.0', '0.0', '0.0', '0.0', '0.0', '80', 'C', 'das 07h às 17h de segunda a sexta', '-15,99324', '-47,98801'),
(129, 'UNIDADE BÁSICA DE SAÚDE Nº 07 - TAGUATINGA', 96, 'UBS Nº 07 - TAGUATINGA', '10960', 'UBS TIPO 2', 'NÃO', '3371-2888', 'QNM 36 AE 10', 'SIM', '#REF!', '#REF!', '#REF!', '#REF!', '#REF!', 'NÃO', 'SIM', 'SIM', 'SIM', 'SIM', 'SIM', '07:30h às 17:30h segunda a sexta', 'QUARTA - FEIRA', 'ONLINE', '3.0', '4.0', '3.0', '7.0', '3.0', '0.0', '0.0', '0.0', '0.0', '88', 'C', 'das 07h às 18h de segunda a sexta', '-15,801127', '-48,094193'),
(130, 'UNIDADE BÁSICA DE SAÚDE Nº 11 - PLANALTINA', 69, 'UBS Nº 11 - PLANALTINA', '11576', 'UBS TIPO 1', 'SIM', '99462-2349', 'Núcleo Rural Rajadinha II, Rua 02, Lote 16/17, Chácara Riacho Doce, Planaltina', 'NÃO', 'NÃO', 'NÃO', 'NÃO', 'NÃO', 'SIM', 'NÃO', 'CAUTELA', 'NÃO', 'NÃO', 'SIM - VOLANTE', 'VOLANTE (segunda - feira)', '9h às 16:30 - segunda ', 'NÃO', 'OFFLINE', '0.0', '1.0', '0.0', '1.0', '0.0', '0.0', '0.0', '0.0', '0.0', '85', 'C', 'das 07h às 17h de segunda a sexta', '-15,746663', '-47,662715'),
(131, 'UNIDADE BÁSICA DE SAÚDE Nº 11 - RECANTO DAS EMAS', 88, 'UBS Nº 11 - RECANTO DAS EMAS', '9543945', 'UBS TIPO 1', 'SIM', '3359-7664', 'QUADRA 01 LOTE 23 Salomão Elias', 'NÃO', 'NÃO', 'NÃO', 'SIM', 'NÃO', 'NÃO', 'NÃO', 'NÃO', 'NÃO', 'NÃO', 'NÃO', 'NÃO', 'NÃO', 'NÃO', 'OFFLINE', '0.0', '2.0', '0.0', '2.0', '0.0', '0.0', '0.0', '0.0', '0.0', '71', 'E', 'das 07h às 18h de segunda a sexta', '-15,94217', '-48,240685'),
(132, 'UNIDADE BÁSICA DE SAÚDE Nº 08 - CEILÂNDIA', 77, 'UBS Nº 08 - CEILÂNDIA', '11045', 'UBS TIPO 2', 'NÃO', '2017-2066', 'EQNP 13/17 ÁREA ESPECIAL A,B,C,D P. NORTE', 'SIM', '#REF!', '#REF!', '#REF!', '#REF!', '#REF!', 'NÃO', 'SIM', 'SIM', 'SIM', 'SIM ', 'SIM', '07:30h às 18:30h segunda a sexta e sábado 07:30 h às 11:30h', 'TERÇA - FEIRA', 'ONLINE', '2.0', '4.0', '2.0', '6.0', '4.0', '1.0', '0.0', '0.0', '0.0', '89', 'C', 'das 07h às 19h de segunda a sexta, e sábado das 07h às 12h ', '-15,806957', '-48,129921'),
(133, 'UNIDADE BÁSICA DE SAÚDE Nº 08 - SAMAMBAIA', 93, 'UBS Nº 08 - SAMAMBAIA', '7114397', 'UBS TIPO 2', 'NÃO', '2017-1145, Ramal: 4910', 'QS 314 CONJ 05 LOTE 01', 'NÃO', 'NÃO', 'NÃO', 'SIM', 'NÃO', 'NÃO', 'NÃO', 'NÃO', 'NÃO', 'NÃO', 'NÃO', 'NÃO', 'NÃO', 'NÃO', 'ONLINE', '3.0', '4.0', '0.0', '4.0', '3.0', '0.0', '0.0', '0.0', '0.0', '91', 'E', 'das 07h às 19h de segunda a sexta, e sábado das 07h às 12h ', '-15,876741', '-48,067785'),
(134, 'UNIDADE BÁSICA DE SAÚDE Nº 01 - BRAZLÂNDIA', 15, 'UBS Nº 01 - BRAZLÂNDIA', '11215', 'UBS TIPO 2', 'NÃO', '2017-1324', 'EQ 6/8 SETOR NORTE ÁREA ESPECIAL 3', 'SIM', '#REF!', '#REF!', '#REF!', '#REF!', '#REF!', 'SIM', 'SIM', 'SIM', 'SIM', 'SIM ', 'SIM', '07:30 h às 17:30h segunda a sexta', 'SEGUNDA E QUARTA', 'ONLINE', '3.0', '2.0', '3.0', '5.0', '2.0', '1.0', '0.0', '0.0', '0.0', '6', 'B', 'das 07h às 19h de segunda a sexta, e sábado das 07h às 12h ', '-15,677194', '-48,194854'),
(135, 'UNIDADE BÁSICA DE SAÚDE Nº 01 - ÁGUAS CLARAS', 22, 'UBS Nº 01 - ÁGUAS CLARAS', '7108923', 'UBS TIPO 2', 'NÃO', '3356-2296', 'QS 05 LT 24 AV. AREAL', 'SIM', '#REF!', '#REF!', '#REF!', '#REF!', '#REF!', 'NÃO', 'SIM', 'SIM', 'SIM', 'SIM', 'SIM', ' 7:30h às 18:30h segunda a sexta e sábado 07:30h às 11:30h', 'QUINTA - FEIRA', 'ONLINE', '3.0', '6.0', '0.0', '6.0', '3.0', '1.0', '0.0', '0.0', '0.0', '3', 'nan', 'das 07h às 22h de segunda a sexta', '-15,854389', '-48,035669'),
(136, 'UNIDADE BÁSICA DE SAÚDE Nº 01 - RECANTO DAS EMAS', 23, 'UBS Nº 01 - RECANTO DAS EMAS', '10804', 'UBS TIPO 1', 'NÃO', '2017-2304', 'QUADRA 307 ÁREA ESPECIAL 01 CONJUNTO D', 'NÃO', 'NÃO', 'NÃO', 'NÃO', 'SIM', 'NÃO', 'NÃO', 'NÃO', 'NÃO', 'NÃO', 'NÃO', 'NÃO', 'NÃO', 'NÃO', 'ONLINE', '3.0', '1.0', '2.0', '3.0', '3.0', '0.0', '0.0', '0.0', '0.0', '19', 'E', 'das 07h às 17h de segunda a sexta', '-15,919496', '-48,101932'),
(137, 'UNIDADE BÁSICA DE SAÚDE Nº 09 - GAMA', 43, 'UBS Nº 09 - GAMA', '2779404', 'UBS TIPO 1', 'SIM', '2017-1892', 'Rua libânio, Casa nº 13, Engenho das Lages - Gama', 'NÃO', 'NÃO', 'SIM', 'NÃO', 'NÃO', 'NÃO', 'NÃO', 'SIM', 'NÃO', 'NÃO', 'SIM - VOLANTE', 'VOLANTE (1 vez uma por semana na quinta feira)', '08:30h às 15h - quinta feira', 'NÃO', 'ONLINE', '1.0', '1.0', '0.0', '1.0', '1.0', '0.0', '0.0', '0.0', '0.0', '11', 'B', 'das 07h às 17h de segunda a sexta', '-16,04388', '-48,254283'),
(138, 'UNIDADE BÁSICA DE SAÚDE Nº 01 - SÃO SEBASTIÃO', 6, 'UBS Nº 01 - SÃO SEBASTIÃO', '10790', 'UBS TIPO 2', 'NÃO', '6221 GESAP: 6223/ 6220 TEL. 2017-1376', 'CENTRO DE MULTIPLAS ATIV CONJ 10 - CENTRO - SSB', 'SIM', 'NÃO', 'NÃO', 'NÃO', 'SIM', 'NÃO', 'SIM', 'SIM', 'SIM', 'SIM', 'SIM - DIÁRIO', 'SIM', '08h às 18:30h de segunda a quinta-feira e 08hs as 12h sexta-feira', 'SEXTA - FEIRA (MANHÃ)', 'OFFLINE', '5.0', '8.0', '2.0', '10.0', '9.0', '1.0', '0.0', '0.0', '0.0', '24', 'B', 'das 07h às 22h de segunda a sexta', '-15,902241', '-47,772632'),
(139, 'UNIDADE BÁSICA DE SAÚDE Nº 01 - SOBRADINHO II', 14, 'UBS Nº 01 - SOBRADINHO II', '11258', 'UBS TIPO 2', 'NÃO', '98586-4397', 'AR 13 Conjunto 07 Lote 01, Área Especial, Sobradinho II', 'SIM', 'NÃO', 'NÃO', 'NÃO', 'SIM', 'NÃO', 'NÃO', 'SIM', 'NÃO', 'NÃO', 'SIM - DIÁRIO', 'SIM', '8h às 18h - segunda a sexta ', 'TERÇA E QUINTA(8h às 12h)', 'OFFLINE', '2.0', '2.0', '7.0', '9.0', '5.0', '0.0', '0.0', '0.0', '0.0', '56', 'D', 'das 07h às 19h de segunda a sexta, e sábado das 07h às 12h ', '-15,644548', '-47,824431'),
(140, 'UNIDADE BÁSICA DE SAÚDE Nº 01 - TAGUATINGA', 31, 'UBS Nº 01 - TAGUATINGA', '10901', 'UBS TIPO 2', 'NÃO', '2017-1756 / 2017-1781/ 4290', 'QNG AE 18 /19', 'SIM', '#REF!', '#REF!', '#REF!', '#REF!', '#REF!', 'NÃO', 'SIM', 'SIM', 'SIM', 'SIM', 'SIM', ' 7:30h às 18:30h segunda a sexta e sábado 07:30h às 11:30h', 'TERÇA - FEIRA', 'ONLINE', '2.0', '5.0', '2.0', '7.0', '4.0', '1.0', '0.0', '0.0', '0.0', '26', 'B', 'das 07h às 19h de segunda a sexta, e sábado das 07h às 12h ', '-15,795407', '-48,059483'),
(141, 'UNIDADE BÁSICA DE SAÚDE Nº 01 - VICENTE PIRES', 34, 'UBS Nº 01 - VICENTE PIRES', '9056963', 'UBS TIPO 2', 'NÃO', '2017-4300', 'RUA 4C CHAARA 12 - COLONIA AGRICOLA SAMAMBAIA', 'SIM', '#REF!', '#REF!', '#REF!', '#REF!', '#REF!', 'NÃO', 'SIM', 'SIM', 'SIM', 'SIM', 'SIM', ' 7:30h às 18:30h segunda a sexta e sábado 07:30h às 11:30h', 'TERÇA - FEIRA', 'ONLINE', '0.0', '2.0', '6.0', '8.0', '3.0', '0.0', '0.0', '0.0', '0.0', '27', 'B', 'das 07h às 22h de segunda a sexta', '-15,819197', '-48,02213'),
(142, 'UNIDADE BÁSICA DE SAÚDE Nº 02 - CRUZEIRO', 45, 'UBS Nº 02 - CRUZEIRO', '10758', 'UBS TIPO 2', 'NÃO', '2017-1900 Ramal 4240', 'Setor Escolar Lote 04 - Cruzeiro Velho', 'SIM', 'NÃO', 'NÃO', 'NÃO', 'SIM', 'NÃO', 'NÃO', 'SIM', 'SIM', 'SIM', 'SIM - DIÁRIO', 'SIM', '08h às 12h e de 13hs às 17:30 segunda a sexta e sábado 08 às 11:30h', 'SEGUNDA - FEIRA', 'ONLINE', '2.0', '0.0', '5.0', '5.0', '2.0', '1.0', '0.0', '0.0', '0.0', '31', 'B', 'das 07h às 19h de segunda a sexta, e sábado das 07h às 12h ', '-15,7835622', '-47,9358883'),
(143, 'UNIDADE BÁSICA DE SAÚDE Nº 02 - ESTRUTURAL', 60, 'UBS Nº 02 - ESTRUTURAL', '3513564', 'UBS TIPO 1', 'NÃO', '2017-1145 (R-4111)', 'AE 19 s/n - Antigo TRE - CEP: 71255-230', 'NÃO', 'NÃO', 'NÃO', 'NÃO', 'SIM', 'NÃO', 'NÃO', 'SIM', 'NÃO', 'NÃO', 'NÃO', 'NÃO', 'NÃO', 'NÃO', 'OFFLINE', '2.0', '3.0', '0.0', '3.0', '2.0', '1.0', '0.0', '0.0', '0.0', '10', 'D', 'das 07h às 17h de segunda a sexta', '-15,781925', '-47,998773'),
(144, 'UNIDADE BÁSICA DE SAÚDE Nº 02 - FERCAL', 65, 'UBS Nº 02 - FERCAL', '11517', 'UBS TIPO 1', 'SIM', 'Não possui linha telefônica', 'Rodovia DF 205 Oeste Km 13 Núcleo Rural 13, Fercal, Catingueiro', 'NÃO', 'NÃO', 'NÃO', 'NÃO', 'SIM', 'NÃO', 'NÃO', 'CAUTELA', 'NÃO', 'NÃO', 'SIM - VOLANTE', 'SIM', '8h às 16:30 - segunda a sexta ', 'NÃO', 'ONLINE', '1.0', '1.0', '0.0', '1.0', '1.0', '0.0', '0.0', '0.0', '0.0', '87', 'B', 'das 07h às 17h de segunda a sexta', '-15,588392', '-47,922476'),
(145, 'UNIDADE BÁSICA DE SAÚDE Nº 19 - PLANALTINA', 69, 'UBS Nº 19 - PLANALTINA', '9566988', 'UBS TIPO 1', 'NÃO', '98457-2489', 'Setor Residencial Oeste, Vila Nossa Senhora de Fátima, Parque Sucupira, Planaltina-DF;', 'NÃO', 'NÃO', 'NÃO', 'NÃO', 'SIM', 'NÃO', 'NÃO', 'CAUTELA', 'NÃO', 'NÃO', 'SIM - VOLANTE', 'VOLANTE (segunda a sexta - feira)', '8h às 16:30 - segunda a sexta', 'NÃO', 'OFFLINE', '0.0', '1.0', '0.0', '1.0', '0.0', '0.0', '0.0', '0.0', '0.0', '85', 'C', 'das 07h às 17h de segunda a sexta', '-15,604537', '-47,660106'),
(146, 'UNIDADE BÁSICA DE SAÚDE Nº 19 - SÃO SEBASTIÃO', 7, 'UBS Nº 19 - SÃO SEBASTIÃO', '3254909', 'UBS TIPO 1', 'NÃO', 'Não possui linha telefônica', 'RUA 7 CASA 400 VILA DO BOA - SSB', 'NÃO', 'NÃO', 'NÃO', 'NÃO', 'SIM', 'NÃO', 'NÃO', 'CAUTELA', 'NÃO', 'NÃO', 'NÃO', 'SIM', 'Todas as terças, quartas e quintas-feiras de 09h às 16h', 'NÃO', 'OFFLINE', '0.0', '0.0', '1.0', '1.0', '0.0', '0.0', '0.0', '0.0', '0.0', '43', 'E', 'das 07h às 17h de segunda a sexta', '-15,876576', '-47,793017'),
(147, 'UNIDADE BÁSICA DE SAÚDE Nº 20 - PLANALTINA', 11, 'UBS Nº 20 - PLANALTINA', '9768637', 'UBS TIPO 2', 'NÃO', '2017-1350 Ramal 1297', 'Área Especial 9 A, Setor Norte, Planaltina', 'SIM', 'NÃO', 'NÃO', 'NÃO', 'SIM', 'NÃO', 'NÃO', 'SIM', 'SIM', 'SIM', 'SIM - DIÁRIO', 'SIM', '8h às 18h - segunda a sexta', 'NÃO', 'OFFLINE', '2.0', '3.0', '1.0', '4.0', '4.0', '0.0', '0.0', '0.0', '0.0', '52', 'B', 'das 07h às 18h de segunda a sexta, e sábado das 07h às 12h', '-15,611736', '-47,651985'),
(148, 'UNIDADE BÁSICA DE SAÚDE Nº 05 - ASA NORTE', 46, 'UBS Nº 05 - ASA NORTE', '5117666', 'UBS TIPO 1', 'NÃO', '20171145, ramal 2171 ou 2170', 'Vila Weslian Roriz Área especial 01 - Lago Norte', 'SIM', 'NÃO', 'NÃO', 'NÃO', 'SIM', 'NÃO', 'NÃO', 'SIM', 'NÃO', 'NÃO', 'NÃO', 'VOLANTE (terça - feira)', '09 às 12h e 13 às 16:00h Terça feira', 'NÃO', 'ONLINE', '1.0', '1.0', '0.0', '1.0', '1.0', '0.0', '0.0', '0.0', '0.0', '14', 'C', 'das 07h às 17h de segunda a sexta', '-15,7087085', '-47,9136441'),
(149, 'UNIDADE BÁSICA DE SAÚDE Nº 01 - PARK WAY', 63, 'UBS Nº 01 - PARK WAY', '11681', 'UBS TIPO 1', 'SIM', '2017-1281', 'Área Especial - Vargem Bonita CEP: 71.750-000', 'NÃO', 'NÃO', 'NÃO', 'SIM', 'NÃO', 'NÃO', 'NÃO', 'CAUTELA', 'NÃO', 'NÃO', 'SIM - VOLANTE', 'NÃO', 'NÃO', 'NÃO', 'OFFLINE', '1.0', '1.0', '0.0', '1.0', '1.0', '0.0', '0.0', '0.0', '0.0', '38', 'C', 'das 07h às 18h de segunda a sexta', '-15,93361535', '-47,93970645'),
(150, 'UNIDADE BÁSICA DE SAÚDE Nº 05 - GUARÁ', 55, 'UBS Nº 05 - GUARÁ', '9263632', 'UBS TIPO 1', 'NÃO', '2017-4751', 'QE 38 - Conjunto "O" - Área Especial - Horta Comunitária', 'SIM', 'NÃO', 'NÃO', 'NÃO', 'SIM', 'NÃO', 'NÃO', 'NÃO', 'NÃO', 'NÃO', 'NÃO', 'NÃO', 'NÃO', 'TERÇA E QUINTA', 'OFFLINE', '0.0', '1.0', '0.0', '1.0', '0.0', '0.0', '0.0', '0.0', '0.0', '50', 'E', 'das 07h às 17h de segunda a sexta', '-15,848998', '-47,970083'),
(151, 'UNIDADE BÁSICA DE SAÚDE Nº 05 - SANTA MARIA', 100, 'UBS Nº 05 - SANTA MARIA', '3144593', 'UBS TIPO 1', 'NÃO', '2017-1145 - Ramal 5851', 'QR 212/213, Área Especial - Santa Maria', 'NÃO', 'NÃO', 'NÃO', 'SIM', 'NÃO', 'NÃO', 'NÃO', 'SIM', 'NÃO', 'NÃO', 'NÃO', 'VOLANTE (quinzenal)', '08:30h às 16:30 (de 15 em 15 dias)', 'NÃO', 'ONLINE', '0.0', '1.0', '1.0', '2.0', '1.0', '0.0', '0.0', '0.0', '0.0', '73', 'D', 'das 07h às 17h de segunda a sexta', '-16,0104389', '-48,002336'),
(152, 'UNIDADE BÁSICA DE SAÚDE Nº 05 - SÃO SEBASTIÃO', 2, 'UBS Nº 05 - SÃO SEBASTIÃO', '11363', 'UBS TIPO 1', 'SIM', '6250/ 6251 TEL. 2017-1380 GSAP: 6322/ 6323', 'DF 140 KM 7,5 - AO LADO DA EMATER - SSB', 'NÃO', 'NÃO', 'NÃO', 'NÃO', 'NÃO', 'SIM', 'NÃO', 'CAUTELA', 'NÃO', 'NÃO', 'NÃO', 'SIM', 'Toda terça feira de 8h às 16h', 'NÃO', 'OFFLINE', '2.0', '1.0', '1.0', '2.0', '1.0', '0.0', '0.0', '0.0', '0.0', '55', 'C', 'das 07h às 17h de segunda a sexta', '-15,990927', '-47,813177'),
(153, 'UNIDADE BÁSICA DE SAÚDE Nº 05 - TAGUATINGA', 94, 'UBS Nº 05 - TAGUATINGA', '10626', 'UBS TIPO 2', 'NÃO', '2017-4331', 'SETOR D SUL AE 23', 'SIM', '#REF!', '#REF!', '#REF!', '#REF!', '#REF!', 'NÃO', 'SIM', 'SIM', 'SIM', 'SIM', 'SIM', '07:30h às 17:30h segunda a sexta', 'SEGUNDA - FEIRA', 'ONLINE', '2.0', '6.0', '1.0', '7.0', '3.0', '1.0', '1.0', '0.0', '0.0', '75', 'B', 'das 07h às 22h de segunda a sexta', '-15,85101627', '-48,04710209'),
(154, 'UNIDADE BÁSICA DE SAÚDE Nº 04 - SOBRADINHO II', 73, 'UBS Nº 04 - SOBRADINHO II', '6770665', 'UBS TIPO 1', 'NÃO', 'Não possui linha telefônica', 'Condomínio Mini-Chácaras, QMS 30 Área Especial 01, Sobradinho II', 'NÃO', 'NÃO', 'NÃO', 'NÃO', 'SIM', 'NÃO', 'NÃO', 'NÃO', 'NÃO', 'NÃO', 'NÃO', 'SIM', '8h às 16:30 - segunda a sexta', 'NÃO', 'OFFLINE', '1.0', '1.0', '0.0', '1.0', '1.0', '0.0', '0.0', '0.0', '0.0', '81', 'nan', 'das 07h às 17h de segunda a sexta', '-15,635683', '-47,837392'),
(155, 'UNIDADE BÁSICA DE SAÚDE Nº 02 - BRAZLÂNDIA', 16, 'UBS Nº 02 - BRAZLÂNDIA', '6662358', 'UBS TIPO 2', 'NÃO', '2017-1145/5142', 'QD 45 AE 01 - VILA SÃO JOSÉ - BRAZLÂNDIA/DF', 'SIM', '#REF!', '#REF!', '#REF!', '#REF!', '#REF!', 'NÃO', 'SIM', 'SIM', 'SIM', 'SIM ', 'SIM', '07:30 h às 17:30h segunda a sexta', 'TERÇA E QUINTA', 'ONLINE', '3.0', '3.0', '2.0', '5.0', '3.0', '0.0', '0.0', '0.0', '0.0', '29', 'B', 'das 07h às 19h de segunda a sexta, e sábado das 07h às 12h ', '-15,65894444', '-48,19266667'),
(156, 'UNIDADE BÁSICA DE SAÚDE Nº 07 - RECANTO DAS EMAS', 88, 'UBS Nº 07 - RECANTO DAS EMAS', '2779331', 'UBS TIPO 1', 'SIM', '3404-3846', 'NÚCLEO RURAL CASA GRANDE - MONJOLO', 'NÃO', 'NÃO', 'NÃO', 'SIM', 'NÃO', 'NÃO', 'NÃO', 'CAUTELA', 'NÃO', 'NÃO', 'NÃO', 'nan', 'VOLANTE', 'NÃO', 'ONLINE', '1.0', '1.0', '0.0', '1.0', '1.0', '0.0', '0.0', '0.0', '0.0', '71', 'C', 'das 07h às 18h de segunda a sexta', '-15,964549', '-48,099852'),
(157, 'UNIDADE BÁSICA DE SAÚDE Nº 11 - SAMAMBAIA', 29, 'UBS Nº 11 - SAMAMBAIA', '7771479', 'UBS TIPO 2', 'NÃO', '98678-9952', 'QR 831 CONJUNTO 02', 'NÃO', 'NÃO', 'NÃO', 'NÃO', 'SIM', 'NÃO', 'NÃO', 'SIM', 'SIM', 'NÃO', 'NÃO', 'NÃO', '08:30 às 17:00', 'SEGUNDA E QUARTA', 'OFFLINE', '4.0', '3.0', '1.0', '4.0', '3.0', '1.0', '0.0', '0.0', '0.0', '54', 'nan', 'das 07h às 18h de segunda a sexta', '-15,885891', '-48,150507'),
(158, 'UNIDADE BÁSICA DE SAÚDE Nº 02 - ÁGUAS CLARAS', 22, 'UBS Nº 02 - ÁGUAS CLARAS', '3742822', 'UBS TIPO 1', 'NÃO', 'não tem', 'QS 08 CONJ. 410 A LOTE 15', 'NÃO', 'NÃO', 'NÃO', 'SIM', 'NÃO', 'NÃO', 'NÃO', 'CAUTELA', 'NÃO', 'NÃO', 'NÃO', 'NÃO', 'NÃO', 'NÃO', 'ONLINE', '1.0', '1.0', '0.0', '1.0', '1.0', '0.0', '0.0', '0.0', '0.0', '3', 'nan', 'das 07h às 17h de segunda a sexta', '-15,859553', '-48,023901'),
(159, 'UNIDADE BÁSICA DE SAÚDE Nº 02 - SAMAMBAIA', 27, 'UBS Nº 02 - SAMAMBAIA', '10774', 'UBS TIPO 2', 'NÃO', '3459-9316', 'QS 611 AE 02', 'SIM', '#REF!', '#REF!', '#REF!', '#REF!', '#REF!', 'NÃO', 'SIM', 'SIM', 'SIM', 'SIM', 'SIM', ' 7:30h às 18:30h segunda a sexta e sábado 07:30h às 11:30h', 'SEGUNDA - FEIRA', 'ONLINE', '2.0', '6.0', '1.0', '7.0', '7.0', '1.0', '0.0', '0.0', '0.0', '41', 'nan', 'das 07h às 19h de segunda a sexta, e sábado das 07h às 12h ', '-15,875666', '-48,109902'),
(160, 'UNIDADE BÁSICA DE SAÚDE Nº 05 - RECANTO DAS EMAS', 88, 'UBS Nº 05 - RECANTO DAS EMAS', '7059892', 'UBS TIPO 2', 'NÃO', '3331-1719', 'QUADRA 804 CONJUNTO 20B LOTE 01', 'NÃO', '#REF!', '#REF!', '#REF!', '#REF!', '#REF!', 'NÃO', 'SIM', 'SIM', 'NÃO', 'SIM', 'NÃO', 'NÃO', 'NÃO', 'ONLINE', '1.0', '4.0', '1.0', '5.0', '2.0', '0.0', '0.0', '0.0', '0.0', '71', 'nan', 'das 07h às 18h de segunda a sexta', '-15,923448', '-48,054167'),
(161, 'UNIDADE BÁSICA DE SAÚDE Nº 03 - BRAZLÂNDIA', 17, 'UBS Nº 03 - BRAZLÂNDIA', '3144658', 'UBS TIPO 1', 'NÃO', '2017-1326', 'QUADRA 3 LOTE 6 AREA ESPECIAL Nº 02 SETOR VEREDAS', 'NÃO', 'NÃO', 'NÃO', 'NÃO', 'NÃO', 'NÃO', 'NÃO', 'SIM', 'SIM', 'NÃO', 'SIM - VOLANTE', 'VOLANTE ( quarta - feira)', 'Volante - quarta-feira', 'NÃO', 'ONLINE', '1.0', '0.0', '1.0', '1.0', '1.0', '0.0', '0.0', '0.0', '0.0', '47', 'D', 'das 07h às 17h de segunda a sexta', '-15,66986111', '-48,20044444'),
(162, 'UNIDADE BÁSICA DE SAÚDE Nº 08 - PLANALTINA', 68, 'UBS Nº 08 - PLANALTINA', '5050359', 'UBS TIPO 1', 'NÃO', '2017-1145 Ramal 1400', 'CR 61 Casa 17, Vale do Amanhecer, Planaltina', 'NÃO', 'NÃO', 'NÃO', 'NÃO', 'SIM', 'NÃO', 'NÃO', 'NÃO ', 'NÃO', 'NÃO', 'SIM - VOLANTE', 'VOLANTE (segunda a sexta - feira)', '9:30 às 16:30 - segunda a sexta', 'NÃO', 'OFFLINE', '0.0', '3.0', '0.0', '3.0', '1.0', '0.0', '0.0', '0.0', '0.0', '78', 'C', 'das 07h às 17h de segunda a sexta', '-15,677358', '-47,652592'),
(163, 'UNIDADE BÁSICA DE SAÚDE Nº 08 - RECANTO DAS EMAS', 88, 'UBS Nº 08 - RECANTO DAS EMAS', '2804247', 'UBS TIPO 1', 'SIM', '3359-7003', 'DF 280 KM 03 QUADRA 04 SETOR HABITACIONAL AGUA QUENTE', 'NÃO', 'NÃO', 'NÃO', 'SIM', 'NÃO', 'NÃO', 'NÃO', 'CAUTELA', 'NÃO', 'NÃO', 'NÃO', 'nan', 'VOLANTE', 'NÃO', 'ONLINE', '0.0', '2.0', '0.0', '2.0', '1.0', '0.0', '0.0', '0.0', '0.0', '71', 'E', 'das 07h às 18h de segunda a sexta', '-15,937712', '-48,228196'),
(164, 'UNIDADE BÁSICA DE SAÚDE Nº 08 - SANTA MARIA', 100, 'UBS Nº 08 - SANTA MARIA', '7559194', 'UBS TIPO 1', 'NÃO', '2017-1145 - Ramal 5960', 'EQ 417/517 Módulo E, Centro Comunitário Cora Coralina - Santa Maria', 'NÃO', 'NÃO', 'NÃO', 'SIM', 'NÃO', 'NÃO', 'NÃO', 'NÃO', 'NÃO', 'NÃO', 'NÃO', 'VOLANTE (quinzenal)', 'NÃO', 'NÃO', 'ONLINE', '0.0', '2.0', '0.0', '2.0', '0.0', '0.0', '0.0', '0.0', '0.0', '73', 'E', 'das 07h às 17h de segunda a sexta', '-16,0145', '-47,98846'),
(165, 'UNIDADE BÁSICA DE SAÚDE Nº 08 - SÃO SEBASTIÃO', 2, 'UBS Nº 08 - SÃO SEBASTIÃO', '7975295', 'UBS TIPO 1', 'SIM', '6270 TEL. 99133-7620 GSAP: 6322/ 6323', 'BR 251 KM29- ESPAÇO NR N. P CAVAS DE BAIXO', 'NÃO', 'NÃO', 'NÃO', 'SIM', 'NÃO', 'NÃO', 'NÃO', 'CAUTELA', 'NÃO', 'NÃO', 'NÃO', 'SIM', 'Toda terça e quarta-feira de 09h às 16h', 'NÃO', 'OFFLINE', '0.0', '1.0', '0.0', '1.0', '0.0', '0.0', '0.0', '0.0', '0.0', '55', 'D', 'das 07h às 17h de segunda a sexta', '-15,971361', '-47,708768'),
(166, 'UNIDADE BÁSICA DE SAÚDE Nº 08 - PARANOÁ', 4, 'UBS Nº 08 - PARANOÁ', '11630', 'UBS TIPO 1', 'SIM', '99208-5419', 'BR 251 KM 07 PAD DF - PARANOÁ', 'NÃO', 'NÃO', 'NÃO', 'SIM', 'NÃO', 'NÃO', 'NÃO', 'CAUTELA', 'NÃO', 'NÃO', 'SIM - DIÁRIO', 'VOLANTE  (sexta - feira)', 'Às sextas-feiras de 09 às 11:30h; 13:00h às 16h', 'NÃO', 'ONLINE', '1.0', '1.0', '0.0', '1.0', '1.0', '0.0', '0.0', '0.0', '0.0', '35', 'nan', 'das 07h às 17h de segunda a sexta', '-15,999592', '-47,563356');

ALTER TABLE "public"."equipe" ADD FOREIGN KEY ("ubs_id") REFERENCES "public"."ubs"("id");
ALTER TABLE "public"."gsap" ADD FOREIGN KEY ("regiao_admin_id") REFERENCES "public"."regiao_admin"("id");
ALTER TABLE "public"."regiao_admin" ADD FOREIGN KEY ("regiao_saude_id") REFERENCES "public"."regiao_saude"("id");
ALTER TABLE "public"."ubs" ADD FOREIGN KEY ("gsap_id") REFERENCES "public"."gsap"("id");
ALTER TABLE "public"."usuario_equipe" ADD FOREIGN KEY ("id_equipe") REFERENCES "public"."equipe"("id");
ALTER TABLE "public"."usuario_equipe" ADD FOREIGN KEY ("id_usuario") REFERENCES "public"."usuario"("id");
