-- -------------------------------------------------------------
-- TablePlus 5.9.0(538)
--
-- https://tableplus.com/
--
-- Database: qualis
-- Generation Time: 2024-04-21 20:02:14.7480
-- -------------------------------------------------------------


DROP TABLE IF EXISTS "public"."adonis_schema";
-- This script only contains the table creation statements and does not fully represent the table in the database. It's still missing: indices, triggers. Do not use it as a backup.

-- Sequence and defined type
CREATE SEQUENCE IF NOT EXISTS adonis_schema_id_seq;

-- Table Definition
CREATE TABLE "public"."adonis_schema" (
    "id" int4 NOT NULL DEFAULT nextval('adonis_schema_id_seq'::regclass),
    "name" varchar(255) NOT NULL,
    "batch" int4 NOT NULL,
    "migration_time" timestamptz DEFAULT CURRENT_TIMESTAMP,
    PRIMARY KEY ("id")
);

DROP TABLE IF EXISTS "public"."adonis_schema_versions";
-- This script only contains the table creation statements and does not fully represent the table in the database. It's still missing: indices, triggers. Do not use it as a backup.

-- Table Definition
CREATE TABLE "public"."adonis_schema_versions" (
    "version" int4 NOT NULL
);

DROP TABLE IF EXISTS "public"."api_tokens";
-- This script only contains the table creation statements and does not fully represent the table in the database. It's still missing: indices, triggers. Do not use it as a backup.

-- Sequence and defined type
CREATE SEQUENCE IF NOT EXISTS api_tokens_id_seq;

-- Table Definition
CREATE TABLE "public"."api_tokens" (
    "id" int4 NOT NULL DEFAULT nextval('api_tokens_id_seq'::regclass),
    "user_id" int4,
    "name" varchar(255) NOT NULL,
    "type" varchar(255) NOT NULL,
    "token" varchar(64) NOT NULL,
    "expires_at" timestamptz,
    "created_at" timestamptz NOT NULL,
    PRIMARY KEY ("id")
);

DROP TABLE IF EXISTS "public"."equipes";
-- This script only contains the table creation statements and does not fully represent the table in the database. It's still missing: indices, triggers. Do not use it as a backup.

-- Sequence and defined type
CREATE SEQUENCE IF NOT EXISTS equipes_id_seq;

-- Table Definition
CREATE TABLE "public"."equipes" (
    "id" int4 NOT NULL DEFAULT nextval('equipes_id_seq'::regclass),
    "ine" varchar(50),
    "nome" text,
    "cnes" varchar(50),
    "cert_1_ciclo" varchar(50),
    "cert_nota_1_ciclo" float8,
    "cert_2_ciclo" varchar(50),
    "cert_nota_2_ciclo" float8,
    PRIMARY KEY ("id")
);

DROP TABLE IF EXISTS "public"."gsap";
-- This script only contains the table creation statements and does not fully represent the table in the database. It's still missing: indices, triggers. Do not use it as a backup.

-- Sequence and defined type
CREATE SEQUENCE IF NOT EXISTS gsap_id_seq1;

-- Table Definition
CREATE TABLE "public"."gsap" (
    "id" int4 NOT NULL DEFAULT nextval('gsap_id_seq1'::regclass),
    "nome" varchar(250) NOT NULL,
    "regiao_admin" int4,
    PRIMARY KEY ("id")
);

DROP TABLE IF EXISTS "public"."regiao_admin";
-- This script only contains the table creation statements and does not fully represent the table in the database. It's still missing: indices, triggers. Do not use it as a backup.

-- Sequence and defined type
CREATE SEQUENCE IF NOT EXISTS regiao_admin_id_seq1;

-- Table Definition
CREATE TABLE "public"."regiao_admin" (
    "id" int4 NOT NULL DEFAULT nextval('regiao_admin_id_seq1'::regclass),
    "nome" varchar(45) NOT NULL,
    "regiao_saude" int4,
    PRIMARY KEY ("id")
);

DROP TABLE IF EXISTS "public"."regiao_saude";
-- This script only contains the table creation statements and does not fully represent the table in the database. It's still missing: indices, triggers. Do not use it as a backup.

-- Sequence and defined type
CREATE SEQUENCE IF NOT EXISTS regiao_saude_id_seq;

-- Table Definition
CREATE TABLE "public"."regiao_saude" (
    "id" int4 NOT NULL DEFAULT nextval('regiao_saude_id_seq'::regclass),
    "nome" varchar NOT NULL,
    "sigla" varchar,
    PRIMARY KEY ("id")
);

DROP TABLE IF EXISTS "public"."roles";
-- This script only contains the table creation statements and does not fully represent the table in the database. It's still missing: indices, triggers. Do not use it as a backup.

-- Sequence and defined type
CREATE SEQUENCE IF NOT EXISTS roles_id_seq;

-- Table Definition
CREATE TABLE "public"."roles" (
    "id" int4 NOT NULL DEFAULT nextval('roles_id_seq'::regclass),
    "nome" varchar(255) NOT NULL,
    "descricao" varchar(255),
    "created_at" timestamptz,
    "updated_at" timestamptz,
    PRIMARY KEY ("id")
);

DROP TABLE IF EXISTS "public"."ubs";
-- This script only contains the table creation statements and does not fully represent the table in the database. It's still missing: indices, triggers. Do not use it as a backup.

-- Sequence and defined type
CREATE SEQUENCE IF NOT EXISTS ubs_id_seq1;

-- Table Definition
CREATE TABLE "public"."ubs" (
    "id" int4 NOT NULL DEFAULT nextval('ubs_id_seq1'::regclass),
    "nome" varchar(255),
    "gsap_id" int4,
    "sigla" varchar(20),
    "cnes" varchar(30),
    "tipologia_2022" varchar(30),
    "tipologia_2020" bpchar(1),
    "nota_equipe_ponderada" float8,
    "nota_profissional_ponderada" float8,
    "nota_servicos_ponderada" float8,
    "nota_estrutura_ponderada" float8,
    "nota_insumos_ponderada" float8,
    "nota_tic_ponderada" float8,
    "total_esf" int4,
    PRIMARY KEY ("id")
);

DROP TABLE IF EXISTS "public"."usuario";
-- This script only contains the table creation statements and does not fully represent the table in the database. It's still missing: indices, triggers. Do not use it as a backup.

-- Sequence and defined type
CREATE SEQUENCE IF NOT EXISTS usuario_id_seq1;

-- Table Definition
CREATE TABLE "public"."usuario" (
    "id" int4 NOT NULL DEFAULT nextval('usuario_id_seq1'::regclass),
    "cpf" varchar(11) NOT NULL,
    "nome" varchar(45) NOT NULL,
    "email" varchar(30) NOT NULL,
    "nivel" varchar(45) NOT NULL,
    PRIMARY KEY ("id")
);

DROP TABLE IF EXISTS "public"."usuarios";
-- This script only contains the table creation statements and does not fully represent the table in the database. It's still missing: indices, triggers. Do not use it as a backup.

-- Sequence and defined type
CREATE SEQUENCE IF NOT EXISTS usuarios_id_seq;

-- Table Definition
CREATE TABLE "public"."usuarios" (
    "id" int4 NOT NULL DEFAULT nextval('usuarios_id_seq'::regclass),
    "nome" varchar(255) NOT NULL,
    "email" varchar(255),
    "matricula" varchar(50),
    "cpf" varchar(20),
    "password" varchar(255) NOT NULL,
    "remember_me_token" varchar(255),
    "created_at" timestamptz NOT NULL,
    "updated_at" timestamptz NOT NULL,
    PRIMARY KEY ("id")
);

DROP TABLE IF EXISTS "public"."usuarios_roles";
-- This script only contains the table creation statements and does not fully represent the table in the database. It's still missing: indices, triggers. Do not use it as a backup.

-- Sequence and defined type
CREATE SEQUENCE IF NOT EXISTS usuarios_roles_id_seq;

-- Table Definition
CREATE TABLE "public"."usuarios_roles" (
    "id" int4 NOT NULL DEFAULT nextval('usuarios_roles_id_seq'::regclass),
    "usuario" int4 NOT NULL,
    "role" int4 NOT NULL,
    "created_at" timestamptz,
    "updated_at" timestamptz,
    PRIMARY KEY ("id")
);

INSERT INTO "public"."adonis_schema" ("id", "name", "batch", "migration_time") VALUES
(1, 'database/migrations/1711910765928_usuarios', 1, '2024-03-31 22:13:06.712826+00'),
(2, 'database/migrations/1711910765954_api_tokens', 1, '2024-03-31 22:13:06.738743+00'),
(3, 'database/migrations/1711922398990_roles', 1, '2024-03-31 22:13:06.76091+00'),
(4, 'database/migrations/1711922459149_roles_usuarios', 1, '2024-03-31 22:13:06.780374+00'),
(5, 'database/migrations/1711933145551_ubs', 2, '2024-04-01 01:07:08.187906+00');

INSERT INTO "public"."adonis_schema_versions" ("version") VALUES
(2);

INSERT INTO "public"."api_tokens" ("id", "user_id", "name", "type", "token", "expires_at", "created_at") VALUES
(3, 1, 'Opaque Access Token', 'api', '66d4d7963cf6835cee93fa76cf405981ba58d1eec2c06b49be22e9504284b63d', NULL, '2024-03-31 23:29:50.825+00'),
(4, 1, 'Opaque Access Token', 'api', '19aa302388d9c50bc6ed0d916d2c653b86a0c1c9e8589ae5542ca5a241762a4a', NULL, '2024-03-31 23:30:44.015+00'),
(5, 1, 'Opaque Access Token', 'api', '98ccb4b276b6f9c3e03f89dae6dd6a9618a488253815a3658ef24ea3e641d8b6', NULL, '2024-03-31 23:32:40.989+00');

INSERT INTO "public"."equipes" ("id", "ine", "nome", "cnes", "cert_1_ciclo", "cert_nota_1_ciclo", "cert_2_ciclo", "cert_nota_2_ciclo") VALUES
(619, '1670328', 'EQUIPE ALEGRIA', '2617358', '5 IPÊS', 0.8661, '5 IPÊS', 0.7952),
(620, '1670557', 'EQUIPE 02', '11185', '5 IPÊS', 0.8882, '5 IPÊS', 0.8112),
(621, '1800140', 'EQUIPE 01', '11274', '5 IPÊS', 0.8654, '5 IPÊS', 0.8046),
(622, '1575945', 'EQUIPE 04', '11657', '5 IPÊS', 0.8509, '5 IPÊS', 0.8007),
(623, '1617850', 'EQUIPE 02', '9263632', '5 IPÊS', 0.8759, '5 IPÊS', 0.7935),
(624, '470287', 'EQUIPE 08', '2660199', '5 IPÊS', 0.9027, '5 IPÊS', 0.8075),
(625, '471399', 'EQ 14 - VILA DO BOA', '3254909', '5 IPÊS', 0.8508, '5 IPÊS', 0.7943),
(626, '469688', 'ESF 0375/39 - BORBOLETA LARANJA', '2360233', '5 IPÊS', 0.8712, '5 IPÊS', 0.7903),
(627, '1665243', 'EQUIPE 1 - VERMELHA', '11010', '5 IPÊS', 0.8576, '5 IPÊS', 0.8013),
(628, '1664824', 'EQUIPE 3 - VERMELHA', '11037', '5 IPÊS', 0.8625, '5 IPÊS', 0.795),
(629, '1665170', 'EQUIPE 6 - VERDE', '11037', '5 IPÊS', 0.8585, '5 IPÊS', 0.8339),
(630, '1664840', 'EQUIPE 3', '11053', '5 IPÊS', 0.8513, '5 IPÊS', 0.8101),
(631, '2018195', 'EQUIPE 2 - ÁREA 0123', '3144542', '5 IPÊS', 0.8588, '5 IPÊS', 0.7977),
(632, '468843', 'EQUIPE 1 - ÁREA 0039', '3677044', '5 IPÊS', 0.8596, '5 IPÊS', 0.794),
(633, '468630', 'EQUIPE 2 - ÁREA 0046', '3677044', '5 IPÊS', 0.8876, '5 IPÊS', 0.8115),
(634, '468738', 'EQUIPE 2 - ROSA', '9509356', '5 IPÊS', 0.8837, '5 IPÊS', 0.8218),
(635, '468746', 'EQUIPE 4 - AZUL', '9509356', '5 IPÊS', 0.8671, '5 IPÊS', 0.8007),
(636, '1600621', 'EQUIPE 4 - AZUL', '9475931', '5 IPÊS', 0.8808, '5 IPÊS', 0.8008),
(637, '1638912', 'EQUIPE 06 - ROSA - AREA 0655', '7108923', '5 IPÊS', 0.8878, '5 IPÊS', 0.8292),
(638, '1660608', 'EQUIPE 02 -ROXA', '2617269', '5 IPÊS', 0.8689, '5 IPÊS', 0.8033),
(639, '469025', 'EQUIPE 240/19', '10871', '5 IPÊS', 0.8567, '5 IPÊS', 0.8127),
(640, '469041', 'EQUIPE 246/25', '10871', '5 IPÊS', 0.8783, '5 IPÊS', 0.8056),
(641, '1797174', 'EQUIPE AZUL', '11150', '4 IPÊS', 0.828, '5 IPÊS', 0.814),
(642, '1670298', 'EQUIPE AMIZADE', '2617358', '4 IPÊS', 0.8443, '5 IPÊS', 0.7929),
(643, '2063433', 'EQUIPE 05', '11274', '4 IPÊS', 0.8077, '5 IPÊS', 0.7944),
(644, '2063468', 'EQUIPE 06', '11169', '4 IPÊS', 0.8098, '5 IPÊS', 0.8247),
(645, '470260', 'EQUIPE 02', '2660199', '4 IPÊS', 0.8069, '5 IPÊS', 0.8057),
(646, '470279', 'EQUIPE 14', '2660199', '4 IPÊS', 0.8311, '5 IPÊS', 0.7923),
(647, '470422', 'EQUIPE 12', '7526504', '4 IPÊS', 0.8007, '5 IPÊS', 0.7919),
(648, '1668935', 'EQUIPE 04', '9572481', '4 IPÊS', 0.8398, '5 IPÊS', 0.8017),
(649, '1672053', 'EQUIPE 05', '9572481', '4 IPÊS', 0.8499, '5 IPÊS', 0.792),
(650, '471429', 'EQ 23 - VILA NOVA 02', '3742873', '4 IPÊS', 0.8447, '5 IPÊS', 0.79),
(651, '471593', 'ESF 0610/02 - LOBEIRA', '161616', '4 IPÊS', 0.8038, '5 IPÊS', 0.7913),
(652, '1616390', 'ESF 0601/01 - DIAMANTE', '11231', '4 IPÊS', 0.823, '5 IPÊS', 0.8018),
(653, '1664808', 'EQUIPE 2 - AZUL', '11037', '4 IPÊS', 0.8489, '5 IPÊS', 0.7944),
(654, '1664859', 'EQUIPE 5', '11053', '4 IPÊS', 0.8407, '5 IPÊS', 0.8086),
(655, '1480367', 'EQUIPE 3 - VERMELHA', '9475931', '4 IPÊS', 0.8367, '5 IPÊS', 0.819),
(656, '1621416', 'ESF 51 - AZUL', '7299877', '4 IPÊS', 0.8246, '5 IPÊS', 0.7945),
(657, '469106', 'EQUIPE 250/29', '10839', '4 IPÊS', 0.8147, '5 IPÊS', 0.8217),
(658, '471089', 'EQUIPE 527/10', '10782', '4 IPÊS', 0.8431, '5 IPÊS', 0.8184),
(659, '471127', 'EQUIPE 521/04', '3144593', '4 IPÊS', 0.8424, '5 IPÊS', 0.7923),
(660, '1668595', 'EQUIPE 540/23', '7559194', '4 IPÊS', 0.823, '5 IPÊS', 0.7943),
(661, '468401', 'EQUIPE CANTINHO DA SAÚDE', '5117666', '3 IPÊS', 0.7854, '5 IPÊS', 0.7953),
(662, '1796631', 'EQUIPE LILÁS', '11150', '3 IPÊS', 0.7513, '5 IPÊS', 0.8016),
(663, '1670301', 'EQUIPE HARMONIA', '2617358', '3 IPÊS', 0.7696, '5 IPÊS', 0.7916),
(664, '1670468', 'EQUIPE 01', '11266', '3 IPÊS', 0.7373, '5 IPÊS', 0.8161),
(665, '469211', 'EQUIPE 02', '11266', '3 IPÊS', 0.7243, '5 IPÊS', 0.7902),
(666, '1670484', 'EQUIPE 04', '11266', '3 IPÊS', 0.7582, '5 IPÊS', 0.7903),
(667, '470376', 'EQUIPE 02', '3781437', '3 IPÊS', 0.785, '5 IPÊS', 0.8082),
(668, '470309', 'EQUIPE 01', '3410196', '3 IPÊS', 0.7295, '5 IPÊS', 0.7945),
(669, '469505', 'EQ 07 - ROSA', '6268269', '3 IPÊS', 0.7876, '5 IPÊS', 0.791),
(670, '1642308', 'EQ 07 - SOBRADINHO DOS MELOS', '3286975', '3 IPÊS', 0.7498, '5 IPÊS', 0.8106),
(671, '1669028', 'EQ 19 JATOBA', '9572511', '3 IPÊS', 0.7231, '5 IPÊS', 0.8058),
(672, '1669036', 'EQ 20 JACARANDA', '9572511', '3 IPÊS', 0.7868, '5 IPÊS', 0.7917),
(673, '469386', 'EQ 03 - QUEBRADA DOS NERES', '11614', '3 IPÊS', 0.7829, '5 IPÊS', 0.7955),
(674, '2186381', 'ESF AMETISTA - JARDINS MANGUEIRAL', '736260', '3 IPÊS', 0.7941, '5 IPÊS', 0.7926),
(675, '471194', 'EQ 01 - NOVA BETANIA', '11363', '3 IPÊS', 0.7214, '5 IPÊS', 0.8209),
(676, '1671278', 'ESF 0638/21 - JADE', '11231', '3 IPÊS', 0.7438, '5 IPÊS', 0.8433),
(677, '468479', 'EQUIPE 2 - ÁREA 0019', '3742865', '3 IPÊS', 0.7861, '5 IPÊS', 0.8064),
(678, '1664999', 'EQUIPE 3 - ROXA', '11010', '3 IPÊS', 0.7596, '5 IPÊS', 0.8116),
(679, '2018802', 'EQUIPE 6 - ROSA', '11010', '3 IPÊS', 0.7124, '5 IPÊS', 0.817),
(680, '1665219', 'EQUIPE 4 - BRANCA', '7347723', '3 IPÊS', 0.7028, '5 IPÊS', 0.7909),
(681, '1621327', 'EQUIPE 05 - AMARELA - AREA 0652', '7108923', '3 IPÊS', 0.7868, '5 IPÊS', 0.8004),
(682, '471763', 'EQUIPE 01 - BRANCA', '3742822', '3 IPÊS', 0.7316, '5 IPÊS', 0.8297),
(683, '1474170', 'ESF 47 - LARANJA', '7771479', '3 IPÊS', 0.7753, '5 IPÊS', 0.7911),
(684, '1668110', 'EQUIPE 07 - AMARELA', '10901', '3 IPÊS', 0.7505, '5 IPÊS', 0.8179),
(685, '1520571', 'EQUIPE 232/31', '10839', '3 IPÊS', 0.7903, '5 IPÊS', 0.8042),
(686, '468940', 'EQUIPE 209/07', '10847', '3 IPÊS', 0.7789, '5 IPÊS', 0.7925),
(687, '1716638', 'EQUIPE 251/39', '10847', '3 IPÊS', 0.7421, '5 IPÊS', 0.8283),
(688, '1515403', 'EQUIPE 214/12', '10871', '3 IPÊS', 0.7723, '5 IPÊS', 0.8173),
(689, '1619098', 'EQUIPE 531/14', '10669', '3 IPÊS', 0.7257, '5 IPÊS', 0.8217),
(690, '471119', 'EQUIPE 525/08', '3144593', '3 IPÊS', 0.7539, '5 IPÊS', 0.801),
(691, '469122', 'EQUIPE 203/01', '2673894', '3 IPÊS', 0.7714, '5 IPÊS', 0.8499),
(692, '1670204', 'EQUIPE BURITI', '10731', '2 IPÊS', 0.656, '5 IPÊS', 0.8064),
(693, '2063417', 'EQUIPE 04', '11185', '2 IPÊS', 0.6701, '5 IPÊS', 0.7983),
(694, '1800035', 'EQUIPE 05', '11118', '2 IPÊS', 0.6555, '5 IPÊS', 0.8426),
(695, '2063476', 'EQUIPE 03', '3781437', '2 IPÊS', 0.6668, '5 IPÊS', 0.8301),
(696, '1668943', 'EQ 08 - BRANCA', '10634', '2 IPÊS', 0.6933, '5 IPÊS', 0.8105),
(697, '1686534', 'ESF TORORÓ', '11363', '2 IPÊS', 0.6074, '5 IPÊS', 0.8344),
(698, '470929', 'ESF 06 VERMELHA - UBS 09 SAM - AREA 0474', '3742857', '2 IPÊS', 0.6912, '5 IPÊS', 0.7903),
(699, '1641956', 'EQUIPE 01 - PRATA - AREA 0667', '10960', '2 IPÊS', 0.68, '5 IPÊS', 0.7917),
(700, '2001810', 'EQUIPE 1218/55', '3144615', '2 IPÊS', 0.683, '5 IPÊS', 0.8322),
(701, '2235188', 'EQUIPE 6 - VIOLETA', '11029', '1 IPÊ', 0.5397, '5 IPÊS', 0.8162),
(702, '2239965', 'ESF 09 - UBS 10 SAM - AREA 3235', '3633845', 'NÃO AVALIADA', 0, '4 IPÊS', 0.7587),
(703, '2193949', 'EQUIPE 1224/60', '10855', 'NÃO AVALIADA', 0, '4 IPÊS', 0.7517),
(704, '1670190', 'EQUIPE BARU', '10731', '5 IPÊS', 0.9137, '4 IPÊS', 0.7669),
(705, '469289', 'EQUIPE 04', '2779374', '5 IPÊS', 0.8893, '4 IPÊS', 0.7823),
(706, '1634399', 'EQUIPE 03', '9572481', '5 IPÊS', 0.9037, '4 IPÊS', 0.7667),
(707, '471313', 'EQ 17 - SÃO JOSÉ', '7423489', '5 IPÊS', 0.8689, '4 IPÊS', 0.7667),
(708, '1642251', 'ESF 0618/17 - CORUJA', '11223', '5 IPÊS', 0.8517, '4 IPÊS', 0.7607),
(709, '471623', 'ESF 0605/10 - BASEVI', '6770657', '5 IPÊS', 0.8869, '4 IPÊS', 0.7537),
(710, '468487', 'EQUIPE 3 - VERDE', '6662358', '5 IPÊS', 0.8726, '4 IPÊS', 0.7753),
(711, '1664883', 'EQUIPE 5 - AMARELA', '10987', '5 IPÊS', 0.8829, '4 IPÊS', 0.7871),
(712, '1665146', 'EQUIPE 5 - VERDE', '11010', '5 IPÊS', 0.8585, '4 IPÊS', 0.7636),
(713, '1664794', 'EQUIPE 1 - ROSA', '11037', '5 IPÊS', 0.8931, '4 IPÊS', 0.7625),
(714, '468614', 'EQUIPE 1 - AZUL', '11045', '5 IPÊS', 0.8513, '4 IPÊS', 0.7573),
(715, '468703', 'EQUIPE 2 - LARANJA', '11045', '5 IPÊS', 0.8638, '4 IPÊS', 0.7729),
(716, '1665081', 'EQUIPE 2 - LILAS', '11061', '5 IPÊS', 0.8881, '4 IPÊS', 0.7869),
(717, '468800', 'EQUIPE 5 - VERDE', '7347723', '5 IPÊS', 0.8524, '4 IPÊS', 0.7708),
(718, '468762', 'EQUIPE 1', '9643338', '5 IPÊS', 0.8818, '4 IPÊS', 0.7703),
(719, '1709828', 'EQUIPE 07 - ROXA - AREA 0698', '7108923', '5 IPÊS', 0.8791, '4 IPÊS', 0.7617),
(720, '1668072', 'EQUIPE 04 - AZUL - AREA 6802', '9056963', '5 IPÊS', 0.8645, '4 IPÊS', 0.769),
(721, '468932', 'EQUIPE 208/06', '10839', '5 IPÊS', 0.8702, '4 IPÊS', 0.7678),
(722, '469009', 'EQUIPE 210/08', '10855', '5 IPÊS', 0.8634, '4 IPÊS', 0.7723),
(723, '469068', 'EQUIPE 245/24', '10871', '5 IPÊS', 0.8687, '4 IPÊS', 0.7873),
(724, '471135', 'EQUIPE 526/09', '3144607', '5 IPÊS', 0.8856, '4 IPÊS', 0.7868),
(725, '471100', 'EQUIPE 518/01', '3144569', '5 IPÊS', 0.8575, '4 IPÊS', 0.7597),
(726, '1797956', 'EQUIPE ÔNIX', '11177', '4 IPÊS', 0.8048, '4 IPÊS', 0.7729),
(727, '1670107', 'EQUIPE FOGO', '10707', '4 IPÊS', 0.844, '4 IPÊS', 0.7551),
(728, '1670166', 'EQUIPE  BRANCA', '10723', '4 IPÊS', 0.8464, '4 IPÊS', 0.7811),
(729, '468533', 'EQUIPE 01', '11185', '4 IPÊS', 0.8314, '4 IPÊS', 0.7567),
(730, '1677802', 'EQUIPE 05', '11266', '4 IPÊS', 0.8139, '4 IPÊS', 0.7608),
(731, '469238', 'EQUIPE 03', '11274', '4 IPÊS', 0.8277, '4 IPÊS', 0.7652),
(732, '470457', 'EQUIPE 03', '5038669', '4 IPÊS', 0.8104, '4 IPÊS', 0.7519),
(733, '1641832', 'EQUIPE 11', '2779374', '4 IPÊS', 0.8205, '4 IPÊS', 0.758),
(734, '469440', 'EQUIPE 02', '3286959', '4 IPÊS', 0.8418, '4 IPÊS', 0.7683),
(735, '1669060', 'EQ 21 IPÊ', '9572511', '4 IPÊS', 0.8169, '4 IPÊS', 0.7723),
(736, '471356', 'EQ 11 OESTE 1', '3212068', '4 IPÊS', 0.814, '4 IPÊS', 0.7562),
(737, '471410', 'EQ 21 - BOSQUE 1', '3742873', '4 IPÊS', 0.8199, '4 IPÊS', 0.7589),
(738, '471402', 'EQ 22 - JOÃO CANDIDO', '3286932', '4 IPÊS', 0.8379, '4 IPÊS', 0.7599),
(739, '1671235', 'ESF 0388/45 - TULIPA', '10650', '4 IPÊS', 0.8008, '4 IPÊS', 0.7506),
(740, '469742', 'ESF 0335/02 - TAQUARA', '2804174', '4 IPÊS', 0.847, '4 IPÊS', 0.7841),
(741, '469599', 'ESF 0336/03 - RAJADINHA', '11576', '4 IPÊS', 0.8388, '4 IPÊS', 0.7608),
(742, '471615', 'ESF 0593/02 - FLOR DO CERRADO', '2804387', '4 IPÊS', 0.8099, '4 IPÊS', 0.7753),
(743, '468509', 'EQUIPE 1 - AZUL ÁREA 0021', '6662358', '4 IPÊS', 0.815, '4 IPÊS', 0.7791),
(744, '468495', 'EQUIPE 2 - ROSA ÁREA 0022', '6662358', '4 IPÊS', 0.8123, '4 IPÊS', 0.7541),
(745, '468525', 'EQUIPE 4 - AMARELA ÁREA 0024', '6662358', '4 IPÊS', 0.8239, '4 IPÊS', 0.7508),
(746, '1614584', 'EQUIPE 6', '9571280', '4 IPÊS', 0.849, '4 IPÊS', 0.7789),
(747, '468665', 'EQUIPE 3 - ÁREA 0057', '7347715', '4 IPÊS', 0.8346, '4 IPÊS', 0.78),
(748, '1664921', 'EQUIPE 1 - LILAS', '10987', '4 IPÊS', 0.8057, '4 IPÊS', 0.7585),
(749, '1664905', 'EQUIPE 3 - AZUL', '10987', '4 IPÊS', 0.8498, '4 IPÊS', 0.7646),
(750, '1466259', 'EQUIPE 5 - MARGARIDA', '11029', '4 IPÊS', 0.8043, '4 IPÊS', 0.7723),
(751, '468681', 'EQUIPE 3 - AMARELA', '11045', '4 IPÊS', 0.8439, '4 IPÊS', 0.7706),
(752, '1665057', 'EQUIPE 4', '11053', '4 IPÊS', 0.8027, '4 IPÊS', 0.7898),
(753, '2019086', 'EQUIPE 5 - AMARELA', '11061', '4 IPÊS', 0.8342, '4 IPÊS', 0.7714),
(754, '468649', 'EQUIPE 1 - MARROM', '2617293', '4 IPÊS', 0.8107, '4 IPÊS', 0.7665),
(755, '1665154', 'EQUIPE 5 - CINZA', '2617293', '4 IPÊS', 0.8215, '4 IPÊS', 0.7537),
(756, '468835', 'EQUIPE 1 - ÁREA 0038', '3144542', '4 IPÊS', 0.8384, '4 IPÊS', 0.7834),
(757, '468622', 'EQUIPE 1 - LILAS', '9509356', '4 IPÊS', 0.8333, '4 IPÊS', 0.7742),
(758, '468770', 'EQUIPE 1 - ROXA', '9475931', '4 IPÊS', 0.846, '4 IPÊS', 0.7515),
(759, '470651', 'ESF 45 - VERDE', '7771479', '4 IPÊS', 0.8368, '4 IPÊS', 0.7627),
(760, '1656740', 'EQUIPE 03 - AZUL - AREA 0670', '10901', '4 IPÊS', 0.8344, '4 IPÊS', 0.7517),
(761, '1660535', 'EQUIPE 03 - ROXA - AREA 0675', '10936', '4 IPÊS', 0.8169, '4 IPÊS', 0.7777),
(762, '471747', 'EQUIPE 07 - AZUL', '10960', '4 IPÊS', 0.8122, '4 IPÊS', 0.7738),
(763, '1660624', 'EQUIPE 04 - AMARELA - AREA 0683', '2617269', '4 IPÊS', 0.8086, '4 IPÊS', 0.7861),
(764, '1618849', 'EQUIPE 220/36', '10820', '4 IPÊS', 0.8428, '4 IPÊS', 0.76),
(765, '468916', 'EQUIPE 242/21', '10839', '4 IPÊS', 0.8385, '4 IPÊS', 0.7751),
(766, '469173', 'EQUIPE 204/02', '3144577', '4 IPÊS', 0.8268, '4 IPÊS', 0.7591),
(767, '471070', 'EQUIPE 529/12', '10782', '4 IPÊS', 0.8053, '4 IPÊS', 0.7558),
(768, '471097', 'EQUIPE 520/03', '3144550', '4 IPÊS', 0.8187, '4 IPÊS', 0.7676),
(769, '471143', 'EQUIPE 522/05', '3144607', '4 IPÊS', 0.8247, '4 IPÊS', 0.7513),
(770, '1670174', 'EQUIPE ARATICUM', '10731', '3 IPÊS', 0.7643, '4 IPÊS', 0.7637),
(771, '1670271', 'EQUIPE ESMERALDA', '11177', '3 IPÊS', 0.7513, '4 IPÊS', 0.7829),
(772, '1670263', 'EQUIPE TOPÁZIO', '11177', '3 IPÊS', 0.7294, '4 IPÊS', 0.7547),
(773, '1670077', 'EQUIPE SOL', '10707', '3 IPÊS', 0.7942, '4 IPÊS', 0.7583),
(774, '1796860', 'EQUIPE VERDE', '11150', '3 IPÊS', 0.775, '4 IPÊS', 0.7522),
(775, '1797042', 'EQUIPE VERMELHA', '11150', '3 IPÊS', 0.799, '4 IPÊS', 0.766),
(776, '1797514', 'EQUIPE IPÊ AMARELO', '11355', '3 IPÊS', 0.7139, '4 IPÊS', 0.7636),
(777, '1642278', 'EQUIPE IPÊ ROSA', '11355', '3 IPÊS', 0.7552, '4 IPÊS', 0.7566),
(778, '2063425', 'EQUIPE 05', '11185', '3 IPÊS', 0.7329, '4 IPÊS', 0.7603),
(779, '1670492', 'EQUIPE 06', '11266', '3 IPÊS', 0.7751, '4 IPÊS', 0.7805),
(780, '1670514', 'EQUIPE 02', '11274', '3 IPÊS', 0.7901, '4 IPÊS', 0.754),
(781, '1641808', 'EQUIPE 05', '11657', '3 IPÊS', 0.7613, '4 IPÊS', 0.7749),
(782, '469327', 'EQUIPE 02', '11126', '3 IPÊS', 0.7879, '4 IPÊS', 0.7561),
(783, '1670441', 'EQUIPE 02', '7236778', '3 IPÊS', 0.7643, '4 IPÊS', 0.7701),
(784, '470252', 'EQUIPE 01', '3781437', '3 IPÊS', 0.7856, '4 IPÊS', 0.7795),
(785, '1655426', 'EQUIPE 15', '5038669', '3 IPÊS', 0.7495, '4 IPÊS', 0.7527),
(786, '470295', 'EQUIPE 05 ', '2673924', '3 IPÊS', 0.7927, '4 IPÊS', 0.7603),
(787, '470406', 'EQUIPE 09', '7526504', '3 IPÊS', 0.7845, '4 IPÊS', 0.7737),
(788, '470384', 'EQUIPE 11', '7526504', '3 IPÊS', 0.7883, '4 IPÊS', 0.7702),
(789, '469254', 'EQUIPE 01', '2779374', '3 IPÊS', 0.7703, '4 IPÊS', 0.7771),
(790, '1641840', 'EQUIPE 12', '2779374', '3 IPÊS', 0.7474, '4 IPÊS', 0.7889),
(791, '469319', 'EQUIPE 07', '3513564', '3 IPÊS', 0.7498, '4 IPÊS', 0.7593),
(792, '1469363', 'EQ 11 - MARROM', '6268269', '3 IPÊS', 0.7025, '4 IPÊS', 0.7627),
(793, '1642022', 'EQ 13 - VERMELHA', '6268269', '3 IPÊS', 0.7345, '4 IPÊS', 0.7834),
(794, '1641980', 'EQ 10 - AZUL', '10634', '3 IPÊS', 0.791, '4 IPÊS', 0.7676),
(795, '1669001', 'EQ 18 BURITI', '9572511', '3 IPÊS', 0.7765, '4 IPÊS', 0.7899),
(796, '469548', 'EQ 06 - CAFÉ SEM TROCO', '7075596', '3 IPÊS', 0.7897, '4 IPÊS', 0.7509),
(797, '1669133', 'EQUIPE 08 - ROSA', '10790', '3 IPÊS', 0.7272, '4 IPÊS', 0.7656),
(798, '1593439', 'ESF 0623/04 - IPÊ', '2804360', '3 IPÊS', 0.7713, '4 IPÊS', 0.7541),
(799, '469904', 'ESF 0369/33 - AZUL', '6216013', '3 IPÊS', 0.7769, '4 IPÊS', 0.7742),
(800, '469963', 'ESF 0354/18 - GAIVOTA - PL', '6216021', '3 IPÊS', 0.798, '4 IPÊS', 0.7558),
(801, '469696', 'ESF 0376/40 - BORBOLETA AMARELA', '2360233', '3 IPÊS', 0.7342, '4 IPÊS', 0.7895),
(802, '1616455', 'ESF 0348/28 - SUCUPIRA PL', '9566988', '3 IPÊS', 0.7871, '4 IPÊS', 0.7533),
(803, '471496', 'ESF 0598/16 - ARARA', '11223', '3 IPÊS', 0.7802, '4 IPÊS', 0.766),
(804, '1593455', 'ESF 0607/07 - JOÃO-DE-BARRO', '11223', '3 IPÊS', 0.7726, '4 IPÊS', 0.7779),
(805, '471658', 'ESF 0614/04 - VALE DOS PINHEIROS', '6770681', '3 IPÊS', 0.7412, '4 IPÊS', 0.7694),
(806, '1555642', 'EQUIPE 4 - ÁREA 59', '7347715', '3 IPÊS', 0.7306, '4 IPÊS', 0.7558),
(807, '1664913', 'EQUIPE 4 - ROSA', '10987', '3 IPÊS', 0.7868, '4 IPÊS', 0.7614),
(808, '1665030', 'EQUIPE 5 - AMARELA', '11037', '3 IPÊS', 0.7312, '4 IPÊS', 0.7576),
(809, '1664867', 'EQUIPE 6', '11053', '3 IPÊS', 0.7263, '4 IPÊS', 0.7753),
(810, '468584', 'EQUIPE 1 - PRETA', '11207', '3 IPÊS', 0.7252, '4 IPÊS', 0.7605),
(811, '468606', 'EQUIPE 2 - AZUL', '11207', '3 IPÊS', 0.7841, '4 IPÊS', 0.7557),
(812, '1600060', 'EQUIPE 3 - ROSA', '11207', '3 IPÊS', 0.7725, '4 IPÊS', 0.7635),
(813, '1635247', 'EQUIPE 4 - AMARELA', '11207', '3 IPÊS', 0.7818, '4 IPÊS', 0.7778),
(814, '1635255', 'EQUIPE 5 - CINZA', '11207', '3 IPÊS', 0.7969, '4 IPÊS', 0.7599),
(815, '468711', 'EQUIPE 3 - VERDE', '9509356', '3 IPÊS', 0.7762, '4 IPÊS', 0.7775),
(816, '468789', 'EQUIPE 2 - BRANCA', '9475931', '3 IPÊS', 0.7914, '4 IPÊS', 0.7821),
(817, '470058', 'ESF 06 ROSA - UBS 04 REC - AREA 0396', '7417632', '3 IPÊS', 0.7478, '4 IPÊS', 0.7599),
(818, '470074', 'ESF 17 - AZUL', '7417632', '3 IPÊS', 0.7846, '4 IPÊS', 0.7697),
(819, '470120', 'ESF 02 - UBS 08 REC - AREA 0392', '2804247', '3 IPÊS', 0.7433, '4 IPÊS', 0.7584),
(820, '471011', 'ESF 38 ROSA - UBS 08 SAM - AREA 0502', '7114397', '3 IPÊS', 0.7997, '4 IPÊS', 0.7788),
(821, '1593145', 'ESF 50 AZUL - UBS 08 SAM - AREA 0459', '7114397', '3 IPÊS', 0.7293, '4 IPÊS', 0.7685),
(822, '470910', 'ESF 08 VERMELHA - UBS 10 SAM - AREA 0461', '3633845', '3 IPÊS', 0.7418, '4 IPÊS', 0.7659),
(823, '1515373', 'ESF 48 - VERMELHA', '7771479', '3 IPÊS', 0.7969, '4 IPÊS', 0.7747),
(824, '1641867', 'EQUIPE 07 - ROSA - AREA 0658', '10928', '3 IPÊS', 0.7123, '4 IPÊS', 0.7832),
(825, '1660519', 'EQUIPE 01 - LARANJA - AREA 0673', '10936', '3 IPÊS', 0.7896, '4 IPÊS', 0.7722),
(826, '1843591', 'EQUIPE 04 - ROSA - AREA 0680', '10960', '3 IPÊS', 0.7559, '4 IPÊS', 0.7645),
(827, '1843648', 'EQUIPE 05 - AMARELA - AREA 0702', '10960', '3 IPÊS', 0.7193, '4 IPÊS', 0.7892),
(828, '1617796', 'EQUIPE 218/33', '10847', '3 IPÊS', 0.7101, '4 IPÊS', 0.7647),
(829, '468959', 'EQUIPE 237/16', '10847', '3 IPÊS', 0.7189, '4 IPÊS', 0.7841),
(830, '468983', 'EQUIPE 238/17', '10855', '3 IPÊS', 0.7357, '4 IPÊS', 0.7564),
(831, '1618873', 'EQUIPE 221/37', '10863', '3 IPÊS', 0.7888, '4 IPÊS', 0.775),
(832, '469017', 'EQUIPE 239/18', '10863', '3 IPÊS', 0.7081, '4 IPÊS', 0.7797),
(833, '469084', 'EQUIPE 247/26', '10863', '3 IPÊS', 0.7213, '4 IPÊS', 0.7708),
(834, '469130', 'EQUIPE 205/03', '2779404', '3 IPÊS', 0.7837, '4 IPÊS', 0.7696),
(835, '1668528', 'EQUIPE 533/16', '10782', '3 IPÊS', 0.7495, '4 IPÊS', 0.7656),
(836, '1668544', 'EQUIPE 535/18', '10782', '3 IPÊS', 0.7571, '4 IPÊS', 0.7704),
(837, '1677829', 'EQUIPE 544/27', '10782', '3 IPÊS', 0.7916, '4 IPÊS', 0.7719),
(838, '1668617', 'EQUIPE 542/25', '3144569', '3 IPÊS', 0.7665, '4 IPÊS', 0.7596),
(839, '1670255', 'EQUIPE RUBI', '11177', '2 IPÊS', 0.6459, '4 IPÊS', 0.7578),
(840, '1670093', 'EQUIPE TERRA', '10707', '2 IPÊS', 0.6839, '4 IPÊS', 0.7609),
(841, '1796739', 'EQUIPE AMARELA', '11150', '2 IPÊS', 0.6698, '4 IPÊS', 0.7534),
(842, '1797638', 'EQUIPE IPÊ BRANCO', '11355', '2 IPÊS', 0.6109, '4 IPÊS', 0.7808),
(843, '2063492', 'EQUIPE 06', '11118', '2 IPÊS', 0.6469, '4 IPÊS', 0.7635),
(844, '1642014', 'EQ 14 - MARROM', '10634', '2 IPÊS', 0.6965, '4 IPÊS', 0.761),
(845, '469378', 'EQ 02 - JARDIM II', '11606', '2 IPÊS', 0.6345, '4 IPÊS', 0.7534),
(846, '1616404', 'ESF 0602/12 - TURQUESA SOB', '11231', '2 IPÊS', 0.6381, '4 IPÊS', 0.7706),
(847, '1717111', 'ESF 0640/23 - RUBI', '11231', '2 IPÊS', 0.6306, '4 IPÊS', 0.7582),
(848, '1642049', 'ESF 0384/07 - GIRASSOL', '7368895', '2 IPÊS', 0.6575, '4 IPÊS', 0.7859),
(849, '1642235', 'ESF 0385/09 - VIOLETA', '7368895', '2 IPÊS', 0.6585, '4 IPÊS', 0.7744),
(850, '2235196', 'EQUIPE 3 - AMARELA', '11215', '2 IPÊS', 0.6229, '4 IPÊS', 0.7521),
(851, '2235218', 'EQUIPE 5 - ROXA ÁREA', '11215', '2 IPÊS', 0.6342, '4 IPÊS', 0.7691),
(852, '468460', 'EQUIPE 1', '3144658', '2 IPÊS', 0.6922, '4 IPÊS', 0.7657),
(853, '1664980', 'EQUIPE 4 - AMARELA', '11010', '2 IPÊS', 0.6322, '4 IPÊS', 0.7783),
(854, '470112', 'ESF 01 - UBS 08 REC - AREA 0391', '2804247', '2 IPÊS', 0.6846, '4 IPÊS', 0.7531),
(855, '470597', 'ESF 22 - UBS 12 SAM - AREA 0485', '9480587', '2 IPÊS', 0.6847, '4 IPÊS', 0.7606),
(856, '1918575', 'EQUIPE 05 - LARANJA - AREA 0687', '10901', '2 IPÊS', 0.69, '4 IPÊS', 0.7879),
(857, '1843567', 'EQUIPE 03 - VERDE - AREA 0679', '10960', '2 IPÊS', 0.6611, '4 IPÊS', 0.7594),
(858, '1668560', 'EQUIPE 537/20', '10782', '2 IPÊS', 0.6831, '4 IPÊS', 0.769),
(859, '1668579', 'EQUIPE 538/21', '10782', '2 IPÊS', 0.6514, '4 IPÊS', 0.7734),
(860, '471054', 'EQUIPE 524/07', '10669', '2 IPÊS', 0.6951, '4 IPÊS', 0.7582),
(861, '1670212', 'EQUIPE GIRASSOL', '10758', '1 IPÊ', 0.5866, '4 IPÊS', 0.7574),
(862, '1797395', 'EQUIPE AMARELA', '10723', '1 IPÊ', 0.5778, '4 IPÊS', 0.7624),
(863, '2176009', 'EQUIPE 07', '11118', '1 IPÊ', 0.5403, '4 IPÊS', 0.7646),
(864, '2235161', 'EQUIPE 05', '11169', '1 IPÊ', 0.5621, '4 IPÊS', 0.7507),
(865, '469394', 'EQ 01 - PAD DF UBS 03 PARANOÁ', '11630', '1 IPÊ', 0.5911, '4 IPÊS', 0.758),
(866, '1671251', 'ESF 0637/20 - AMETISTA', '11231', '1 IPÊ', 0.5774, '4 IPÊS', 0.7787),
(867, '2272458', 'EQUIPE CRISTAL', '11177', 'NÃO AVALIADA', 0, '3 IPÊS', 0.7017),
(868, '2263327', 'EQUIPE 07', '11274', 'NÃO AVALIADA', 0, '3 IPÊS', 0.7074),
(869, '1670115', 'EQUIPE AZUL', '10723', '5 IPÊS', 0.8586, '3 IPÊS', 0.7174),
(870, '1670522', 'EQUIPE 06', '11274', '5 IPÊS', 0.8662, '3 IPÊS', 0.7188),
(871, '1554263', 'EQUIPE 01', '7236778', '5 IPÊS', 0.8608, '3 IPÊS', 0.7482),
(872, '469343', 'EQUIPE 01', '11681', '5 IPÊS', 0.8568, '3 IPÊS', 0.7135),
(873, '470465', 'EQUIPE 06', '5038669', '5 IPÊS', 0.8572, '3 IPÊS', 0.7188),
(874, '469300', 'EQUIPE 06', '3513564', '5 IPÊS', 0.8558, '3 IPÊS', 0.75),
(875, '2186403', 'ESF SAFIRA - JARDINS MANGUEIRAL', '736260', '5 IPÊS', 0.858, '3 IPÊS', 0.7145),
(876, '1669095', 'EQUIPE 04 - LARANJA', '10790', '5 IPÊS', 0.8502, '3 IPÊS', 0.7375),
(877, '1669141', 'EQUIPE 09 - VERDE', '10790', '5 IPÊS', 0.8539, '3 IPÊS', 0.7318),
(878, '1669168', 'EQUIPE 10 - VERMELHA', '10790', '5 IPÊS', 0.8783, '3 IPÊS', 0.7043),
(879, '469920', 'ESF 0367/31 - LARANJA', '6216013', '5 IPÊS', 0.8878, '3 IPÊS', 0.7485),
(880, '469912', 'ESF 0370/34 - LILÁS', '6216013', '5 IPÊS', 0.8836, '3 IPÊS', 0.7326),
(881, '468444', 'EQUIPE 5 - ÁREA 0011', '11509', '5 IPÊS', 0.8719, '3 IPÊS', 0.7371),
(882, '1665073', 'EQUIPE 1 - LARANJA', '11061', '5 IPÊS', 0.87, '3 IPÊS', 0.7037),
(883, '1665111', 'EQUIPE 4 - AZUL', '11061', '5 IPÊS', 0.8694, '3 IPÊS', 0.7473),
(884, '1635441', 'ESF 55 - ROSA', '10804', '5 IPÊS', 0.8642, '3 IPÊS', 0.7446),
(885, '468967', 'EQUIPE 243/22', '10847', '5 IPÊS', 0.869, '3 IPÊS', 0.7363),
(886, '1609483', 'EQUIPE 244/23', '10863', '5 IPÊS', 0.8767, '3 IPÊS', 0.7417),
(887, '469033', 'EQUIPE 211/09', '10871', '5 IPÊS', 0.9021, '3 IPÊS', 0.7455),
(888, '1670123', 'EQUIPE LILÁS', '10723', '4 IPÊS', 0.8336, '3 IPÊS', 0.7302),
(889, '1670530', 'EQUIPE 02', '11118', '4 IPÊS', 0.8346, '3 IPÊS', 0.7343),
(890, '1670425', 'EQUIPE 04', '11126', '4 IPÊS', 0.8118, '3 IPÊS', 0.7461),
(891, '470414', 'EQUIPE 10', '5038669', '4 IPÊS', 0.8379, '3 IPÊS', 0.7372),
(892, '469491', 'EQ 08 - LARANJA', '6268269', '4 IPÊS', 0.8141, '3 IPÊS', 0.7199),
(893, '469521', 'EQ 10 - CINZA', '6268269', '4 IPÊS', 0.8082, '3 IPÊS', 0.7457),
(894, '1634380', 'EQ 12 - VERDE', '6268269', '4 IPÊS', 0.814, '3 IPÊS', 0.743),
(895, '469432', 'EQUIPE 01', '3286959', '4 IPÊS', 0.8402, '3 IPÊS', 0.74),
(896, '469459', 'EQ 05 - QUADRA 18', '3286975', '4 IPÊS', 0.8023, '3 IPÊS', 0.7498),
(897, '1669079', 'EQ 22 JEQUITIBA', '9572511', '4 IPÊS', 0.8182, '3 IPÊS', 0.7299),
(898, '471380', 'EQ 15 - SETOR TRADICIONAL', '3254887', '4 IPÊS', 0.8195, '3 IPÊS', 0.7295),
(899, '471364', 'EQ 12 - OESTE 2', '3212068', '4 IPÊS', 0.8056, '3 IPÊS', 0.7349),
(900, '471321', 'EQ 25 - BOSQUE 02', '3212025', '4 IPÊS', 0.8331, '3 IPÊS', 0.7255),
(901, '471607', 'ESF 0592/01 - PALMEIRAS', '2804360', '4 IPÊS', 0.8271, '3 IPÊS', 0.7475),
(902, '471550', 'ESF 0613/03 - AROEIRA', '11517', '4 IPÊS', 0.8009, '3 IPÊS', 0.7138),
(903, '469939', 'ESF 0372/36 - BRANCA', '6216013', '4 IPÊS', 0.8499, '3 IPÊS', 0.7271),
(904, '469726', 'ESF 0334/01 - 14 BIS', '2672235', '4 IPÊS', 0.8059, '3 IPÊS', 0.7453),
(905, '469750', 'ESF 0342/09 - JARDIM MORUMBI', '3144666', '4 IPÊS', 0.8348, '3 IPÊS', 0.7138),
(906, '1623648', 'ESF 0381/13 - BEM-TE-VI', '11223', '4 IPÊS', 0.8171, '3 IPÊS', 0.7135),
(907, '471577', 'ESF 0596/05 - SUCUPIRA', '11568', '4 IPÊS', 0.8434, '3 IPÊS', 0.7175),
(908, '471585', 'ESF 0604/09 - ROTA DO CAVALO', '7687079', '4 IPÊS', 0.8217, '3 IPÊS', 0.7497),
(909, '471674', 'ESF 0616/06 - VALE DAS ACÁCIAS', '7041594', '4 IPÊS', 0.8164, '3 IPÊS', 0.7229),
(910, '468428', 'EQUIPE 1 - AZUL', '11215', '4 IPÊS', 0.8407, '3 IPÊS', 0.7206),
(911, '1614606', 'EQUIPE 2 - VERDE', '11215', '4 IPÊS', 0.8074, '3 IPÊS', 0.743),
(912, '1665235', 'EQUIPE 7', '9548203', '4 IPÊS', 0.8025, '3 IPÊS', 0.7263),
(913, '1488635', 'EQUIPE 1 - ÁREA 072', '7347715', '4 IPÊS', 0.8446, '3 IPÊS', 0.7312),
(914, '468673', 'EQUIPE 2 - ÁREA 056', '7347715', '4 IPÊS', 0.8093, '3 IPÊS', 0.7128),
(915, '1664689', 'EQUIPE 1 - VERDE', '10995', '4 IPÊS', 0.8425, '3 IPÊS', 0.7194),
(916, '1496743', 'EQUIPE 3 - LARANJA', '10995', '4 IPÊS', 0.8111, '3 IPÊS', 0.7023),
(917, '1664778', 'EQUIPE 1 - ORQUIDEA', '11029', '4 IPÊS', 0.8087, '3 IPÊS', 0.7138),
(918, '1665022', 'EQUIPE 4 - ROXA', '11037', '4 IPÊS', 0.8292, '3 IPÊS', 0.7379),
(919, '1550586', 'EQUIPE 4 - ROXA', '11045', '4 IPÊS', 0.8305, '3 IPÊS', 0.7381),
(920, '1665049', 'EQUIPE 6 - ROSA', '11045', '4 IPÊS', 0.8439, '3 IPÊS', 0.7256),
(921, '468657', 'EQUIPE 1 - VERMELHA', '7347723', '4 IPÊS', 0.8408, '3 IPÊS', 0.7205),
(922, '468797', 'EQUIPE 3 - AMARELA', '7347723', '4 IPÊS', 0.8076, '3 IPÊS', 0.7249),
(923, '1549146', 'EQUIPE 03 - AZUL - AREA 0003', '7108923', '4 IPÊS', 0.8206, '3 IPÊS', 0.7469),
(924, '1621319', 'EQUIPE 04 - VERDE - AREA 0651', '7108923', '4 IPÊS', 0.835, '3 IPÊS', 0.7482),
(925, '470201', 'ESF 18 AMARELA - UBS 03 REC - AREA 0408', '7170939', '4 IPÊS', 0.8241, '3 IPÊS', 0.737),
(926, '470236', 'ESF 23 ROSA - UBS 03 REC - AREA 0413', '7170939', '4 IPÊS', 0.8295, '3 IPÊS', 0.7102),
(927, '1487493', 'ESF 25 AZUL - UBS 06 SAM - AREA 0489', '7053754', '4 IPÊS', 0.8482, '3 IPÊS', 0.7178),
(928, '470635', 'ESF 18 - VERDE', '7299877', '4 IPÊS', 0.8028, '3 IPÊS', 0.7413),
(929, '1474189', 'ESF 46 - AMARELA', '7771479', '4 IPÊS', 0.8066, '3 IPÊS', 0.7048),
(930, '471690', 'EQUIPE 01 - VERMELHA - AREA 0642', '10901', '4 IPÊS', 0.8475, '3 IPÊS', 0.7289),
(931, '1641883', 'EQUIPE 01 - AZUL', '10626', '4 IPÊS', 0.8469, '3 IPÊS', 0.7116),
(932, '1675680', 'EQUIPE 09 - CINZA - AREA 0696', '10952', '4 IPÊS', 0.8014, '3 IPÊS', 0.7062),
(933, '471755', 'EQUIPE 08 - LARANJA - AREA 0649', '2617269', '4 IPÊS', 0.8278, '3 IPÊS', 0.7337),
(934, '1668080', 'EQUIPE 05 - CINZA - AREA 6803', '9056963', '4 IPÊS', 0.848, '3 IPÊS', 0.7452),
(935, '468975', 'EQUIPE 207/05', '10855', '4 IPÊS', 0.8476, '3 IPÊS', 0.7285),
(936, '1619071', 'EQUIPE 222/35', '10855', '4 IPÊS', 0.8315, '3 IPÊS', 0.7494),
(937, '469114', 'EQUIPE 249/28', '10898', '4 IPÊS', 0.8268, '3 IPÊS', 0.7439),
(938, '1620932', 'EQUIPE 223/38', '3144577', '4 IPÊS', 0.819, '3 IPÊS', 0.7407),
(939, '1668536', 'EQUIPE 534/17', '10782', '4 IPÊS', 0.8439, '3 IPÊS', 0.7496),
(940, '1668587', 'EQUIPE 539/22', '10782', '4 IPÊS', 0.8009, '3 IPÊS', 0.7325),
(941, '1670182', 'EQUIPE MURICI', '10731', '3 IPÊS', 0.7981, '3 IPÊS', 0.7196),
(942, '1796801', 'EQUIPE LARANJA', '11150', '3 IPÊS', 0.7411, '3 IPÊS', 0.7064),
(943, '1670131', 'EQUIPE VERMELHA', '10723', '3 IPÊS', 0.7132, '3 IPÊS', 0.7209),
(944, '1670549', 'EQUIPE 03', '11118', '3 IPÊS', 0.7597, '3 IPÊS', 0.7036),
(945, '2063484', 'EQUIPE 04', '11118', '3 IPÊS', 0.7106, '3 IPÊS', 0.7478),
(946, '1672983', 'EQUIPE 04', '11274', '3 IPÊS', 0.78, '3 IPÊS', 0.7331),
(947, '1670417', 'EQUIPE 03', '11126', '3 IPÊS', 0.7429, '3 IPÊS', 0.7468),
(948, '1800221', 'EQUIPE 04', '11169', '3 IPÊS', 0.7894, '3 IPÊS', 0.7194),
(949, '470449', 'EQUIPE 04', '5038669', '3 IPÊS', 0.7516, '3 IPÊS', 0.7381),
(950, '470317', 'EQUIPE 13', '3410196', '3 IPÊS', 0.7861, '3 IPÊS', 0.7442),
(951, '1672975', 'EQUIPE 16', '2660199', '3 IPÊS', 0.7043, '3 IPÊS', 0.7363),
(952, '469262', 'EQUIPE 02', '2779374', '3 IPÊS', 0.7975, '3 IPÊS', 0.7326),
(953, '469297', 'EQUIPE 03', '2779374', '3 IPÊS', 0.7437, '3 IPÊS', 0.7263),
(954, '469270', 'EQUIPE 05', '2779374', '3 IPÊS', 0.7449, '3 IPÊS', 0.7471),
(955, '1469606', 'EQUIPE 09', '2779374', '3 IPÊS', 0.7811, '3 IPÊS', 0.7307),
(956, '1469649', 'EQUIPE 10', '2779374', '3 IPÊS', 0.7664, '3 IPÊS', 0.7249),
(957, '1469592', 'EQUIPE 08', '3513564', '3 IPÊS', 0.7028, '3 IPÊS', 0.7058),
(958, '469513', 'EQ 06 - AZUL', '6268269', '3 IPÊS', 0.7564, '3 IPÊS', 0.7315),
(959, '1642030', 'EQ 14 - AMARELA', '6268269', '3 IPÊS', 0.7399, '3 IPÊS', 0.7443),
(960, '2138697', 'EQUIPE 15 RUBI', '9572481', '3 IPÊS', 0.7334, '3 IPÊS', 0.7014),
(961, '1668978', 'EQ 12 - ROSA', '10634', '3 IPÊS', 0.7158, '3 IPÊS', 0.7487),
(962, '1642006', 'EQ 13 - LILÁS', '10634', '3 IPÊS', 0.7409, '3 IPÊS', 0.7275),
(963, '1668986', 'EQ 15 - VERMELHA', '10634', '3 IPÊS', 0.7967, '3 IPÊS', 0.7258),
(964, '1642227', 'EQ 16 - LARANJA', '10634', '3 IPÊS', 0.7779, '3 IPÊS', 0.7358),
(965, '1669087', 'EQ 23 PEQUI', '9572511', '3 IPÊS', 0.721, '3 IPÊS', 0.731),
(966, '1669125', 'EQUIPE 07 - LILAS', '10790', '3 IPÊS', 0.7533, '3 IPÊS', 0.7149),
(967, '471178', 'EQUIPE 18 - MARROM', '10790', '3 IPÊS', 0.768, '3 IPÊS', 0.7242),
(968, '471151', 'EQUIPE 19 - PRATA', '10790', '3 IPÊS', 0.7875, '3 IPÊS', 0.7087),
(969, '471348', 'EQ 13 - MORRO AZUL', '3212033', '3 IPÊS', 0.7431, '3 IPÊS', 0.7338),
(970, '469580', 'ESF 0347/12 - ORQUÍDEA', '10650', '3 IPÊS', 0.782, '3 IPÊS', 0.7144),
(971, '469890', 'ESF 0368/32 - VERMELHA', '6216013', '3 IPÊS', 0.7827, '3 IPÊS', 0.735),
(972, '1717197', 'ESF 0390/47 - ROSA PL', '6216013', '3 IPÊS', 0.7654, '3 IPÊS', 0.7008),
(973, '470031', 'ESF 0358/22 - CANÁRIO - PL', '6216021', '3 IPÊS', 0.7073, '3 IPÊS', 0.7187),
(974, '469793', 'ESF 0361/25 - FLAMINGO', '5050340', '3 IPÊS', 0.7087, '3 IPÊS', 0.7082),
(975, '469831', 'ESF 0351/15 - ESTRELA', '5050359', '3 IPÊS', 0.7156, '3 IPÊS', 0.7056),
(976, '469629', 'ESF 0338/05 - SÃO JOSÉ', '11622', '3 IPÊS', 0.7329, '3 IPÊS', 0.7154),
(977, '469602', 'ESF 0339/06 - TABATINGA', '11584', '3 IPÊS', 0.702, '3 IPÊS', 0.7471),
(978, '469718', 'ESF 0340/07 - RIO PRETO', '2672227', '3 IPÊS', 0.7312, '3 IPÊS', 0.7352),
(979, '469815', 'ESF 0353/17 - ÁGUAS EMENDADAS', '9566961', '3 IPÊS', 0.758, '3 IPÊS', 0.7426),
(980, '469947', 'ESF 0373/37 - ÔMEGA', '9768637', '3 IPÊS', 0.703, '3 IPÊS', 0.731),
(981, '469653', 'ESF 0377/41 - ALFA', '9768637', '3 IPÊS', 0.7114, '3 IPÊS', 0.7361),
(982, '471518', 'ESF 0609/11 - SAFIRA', '11231', '3 IPÊS', 0.7682, '3 IPÊS', 0.7389),
(983, '1671286', 'ESF 0639/22 - ESMERALDA SOB', '11231', '3 IPÊS', 0.7015, '3 IPÊS', 0.718),
(984, '471569', 'ESF 0595/04 - ANGELIM-DO-CERRADO', '11568', '3 IPÊS', 0.7819, '3 IPÊS', 0.747),
(985, '1656848', 'ESF 0619/03 - ALECRIM', '7368895', '3 IPÊS', 0.7433, '3 IPÊS', 0.7261),
(986, '471631', 'ESF 0615/05 - MINI-CHÁCARAS', '6770665', '3 IPÊS', 0.7329, '3 IPÊS', 0.7374),
(987, '471526', 'ESF 0611/13 - AMOR-PERFEITO', '7686730', '3 IPÊS', 0.7775, '3 IPÊS', 0.7483),
(988, '1665227', 'EQUIPE 4 - VERMELHA', '11215', '3 IPÊS', 0.7029, '3 IPÊS', 0.7066),
(989, '468452', 'EQUIPE 3 - ÁREA 0015', '3144631', '3 IPÊS', 0.7201, '3 IPÊS', 0.7121),
(990, '1664972', 'EQUIPE 1 - VERDE', '11002', '3 IPÊS', 0.7894, '3 IPÊS', 0.7106),
(991, '1665200', 'EQUIPE 2 - AMARELA', '11002', '3 IPÊS', 0.7725, '3 IPÊS', 0.7042),
(992, '1664875', 'EQUIPE 2 - AZUL', '11010', '3 IPÊS', 0.759, '3 IPÊS', 0.7406),
(993, '1665006', 'EQUIPE 2 - TULIPA', '11029', '3 IPÊS', 0.7561, '3 IPÊS', 0.7096),
(994, '1664786', 'EQUIPE 3 - GIRASSOL', '11029', '3 IPÊS', 0.7116, '3 IPÊS', 0.7244),
(995, '1665014', 'EQUIPE 4 - JASMIN', '11029', '3 IPÊS', 0.7516, '3 IPÊS', 0.7253),
(996, '1664298', 'EQUIPE 2', '11053', '3 IPÊS', 0.7504, '3 IPÊS', 0.7009),
(997, '468827', 'EQUIPE 2 - VERMELHA', '2617293', '3 IPÊS', 0.712, '3 IPÊS', 0.7187),
(998, '1665162', 'EQUIPE 6 - LILAS', '2617293', '3 IPÊS', 0.7197, '3 IPÊS', 0.7183),
(999, '1621300', 'EQUIPE 02 - LARANJA - AREA 0650', '7108923', '3 IPÊS', 0.7985, '3 IPÊS', 0.7214),
(1000, '1635468', 'ESF 56 - VERDE', '10804', '3 IPÊS', 0.7362, '3 IPÊS', 0.7236),
(1001, '1482262', 'ESF 15 - VERMELHA', '7417632', '3 IPÊS', 0.7369, '3 IPÊS', 0.7474),
(1002, '470082', 'ESF 16 - LARANJA', '7417632', '3 IPÊS', 0.7701, '3 IPÊS', 0.7393),
(1003, '1471953', 'ESF 05 - VERMELHA', '3144623', '3 IPÊS', 0.7936, '3 IPÊS', 0.7118),
(1004, '1717588', 'ESF 12 - UBS 01 SAM - AREA 3205', '10642', '3 IPÊS', 0.7508, '3 IPÊS', 0.7211),
(1005, '470821', 'ESF 28 - UBS 02 SAM - AREA 0491', '10774', '3 IPÊS', 0.7327, '3 IPÊS', 0.7047),
(1006, '470775', 'ESF 29 - UBS 02 SAM - AREA 0493', '10774', '3 IPÊS', 0.709, '3 IPÊS', 0.726),
(1007, '1923757', 'ESF 32 - UBS 02 SAM - AREA 3210', '10774', '3 IPÊS', 0.7323, '3 IPÊS', 0.7184),
(1008, '470708', 'ESF 12 - AMARELA', '10685', '3 IPÊS', 0.7172, '3 IPÊS', 0.7229),
(1009, '470767', 'ESF 13 - VERMELHA', '10685', '3 IPÊS', 0.7604, '3 IPÊS', 0.7334),
(1010, '470988', 'ESF 44 AMARELA - UBS 06 SAM - AREA 0508', '7053754', '3 IPÊS', 0.7157, '3 IPÊS', 0.7284),
(1011, '470724', 'ESF 37 - LILÁS', '7299877', '3 IPÊS', 0.7605, '3 IPÊS', 0.7424),
(1012, '1621408', 'ESF 45', '7299877', '3 IPÊS', 0.7297, '3 IPÊS', 0.7297),
(1013, '470996', 'ESF 36 VERMELHA - UBS 08 SAM - AREA 0500', '7114397', '3 IPÊS', 0.7132, '3 IPÊS', 0.701),
(1014, '471003', 'ESF 40 VERDE - UBS 08 SAM - AREA 0504', '7114397', '3 IPÊS', 0.7628, '3 IPÊS', 0.7099),
(1015, '470627', 'ESF 19 - UBS 12 SAM - AREA 0483', '9480587', '3 IPÊS', 0.7768, '3 IPÊS', 0.7057),
(1016, '470554', 'ESF 42 - UBS 12 SAM - AREA 0506', '9480587', '3 IPÊS', 0.7542, '3 IPÊS', 0.7478),
(1017, '1641972', 'EQUIPE 02 - VIOLETA - AREA 0668', '10901', '3 IPÊS', 0.7872, '3 IPÊS', 0.7363),
(1018, '1660500', 'EQUIPE 02 - VERMELHA - AREA 0672', '10928', '3 IPÊS', 0.7863, '3 IPÊS', 0.7402),
(1019, '1660470', 'EQUIPE 03 - AZUL - AREA 0685', '10928', '3 IPÊS', 0.758, '3 IPÊS', 0.7171),
(1020, '1660489', 'EQUIPE 04 - LARANJA - AREA 0686', '10928', '3 IPÊS', 0.718, '3 IPÊS', 0.7219),
(1021, '1660497', 'EQUIPE 05 - VERDE - AREA 0671', '10928', '3 IPÊS', 0.7777, '3 IPÊS', 0.7328),
(1022, '1641875', 'EQUIPE 08 - DOURADA - AREA 0659', '10928', '3 IPÊS', 0.7101, '3 IPÊS', 0.7069),
(1023, '1668897', 'EQUIPE 04 - AMARELA - AREA 0693', '10936', '3 IPÊS', 0.7748, '3 IPÊS', 0.7121),
(1024, '1668900', 'EQUIPE 05 - ROSA - AREA 0694', '10936', '3 IPÊS', 0.7202, '3 IPÊS', 0.7268),
(1025, '1641921', 'EQUIPE 01 - ROSA - AREA 0666', '2617269', '3 IPÊS', 0.7087, '3 IPÊS', 0.7368),
(1026, '1668064', 'EQUIPE 03 - VERMELHA - AREA 6801', '9056963', '3 IPÊS', 0.7493, '3 IPÊS', 0.7007),
(1027, '468878', 'EQUIPE 215/13', '10820', '3 IPÊS', 0.7486, '3 IPÊS', 0.7056),
(1028, '468908', 'EQUIPE 235/14', '10820', '3 IPÊS', 0.7416, '3 IPÊS', 0.7022),
(1029, '468886', 'EQUIPE 248/27', '10820', '3 IPÊS', 0.784, '3 IPÊS', 0.7237),
(1030, '1616420', 'EQUIPE 217/32', '10871', '3 IPÊS', 0.7642, '3 IPÊS', 0.7409),
(1031, '1574434', 'EQUIPE 216/30', '10898', '3 IPÊS', 0.7048, '3 IPÊS', 0.7388),
(1032, '469076', 'EQUIPE 241/20', '10898', '3 IPÊS', 0.7095, '3 IPÊS', 0.7322),
(1033, '471062', 'EQUIPE 523/06', '10782', '3 IPÊS', 0.7708, '3 IPÊS', 0.7437),
(1034, '1668552', 'EQUIPE 536/19', '10782', '3 IPÊS', 0.7081, '3 IPÊS', 0.7457),
(1035, '1528041', 'EQUIPE 530/13', '10669', '3 IPÊS', 0.7492, '3 IPÊS', 0.7303),
(1036, '1663372', 'EQUIPE 532/15', '10669', '3 IPÊS', 0.7752, '3 IPÊS', 0.7115),
(1037, '1668625', 'EQUIPE 543/26', '10669', '3 IPÊS', 0.7645, '3 IPÊS', 0.7217),
(1038, '1681532', 'EQUIPE 545/11', '10669', '3 IPÊS', 0.7833, '3 IPÊS', 0.7485),
(1039, '1797301', 'EQUIPE AR', '10707', '2 IPÊS', 0.6065, '3 IPÊS', 0.7388),
(1040, '1664212', 'EQUIPE ROSA', '11150', '2 IPÊS', 0.6781, '3 IPÊS', 0.7133),
(1041, '1670158', 'EQUIPE VERDE', '10723', '2 IPÊS', 0.6648, '3 IPÊS', 0.7476),
(1042, '1670476', 'EQUIPE 03', '11266', '2 IPÊS', 0.6485, '3 IPÊS', 0.7176),
(1043, '2063506', 'EQUIPE 01', '11126', '2 IPÊS', 0.6501, '3 IPÊS', 0.7242),
(1044, '1641824', 'EQUIPE 01', '11169', '2 IPÊS', 0.6798, '3 IPÊS', 0.7477),
(1045, '1800272', 'EQUIPE 07', '11169', '2 IPÊS', 0.6749, '3 IPÊS', 0.7372),
(1046, '469351', 'EQ 09 - AMARELA', '10634', '2 IPÊS', 0.6589, '3 IPÊS', 0.7101),
(1047, '469424', 'EQ 04 - CARIRU', '2804107', '2 IPÊS', 0.6462, '3 IPÊS', 0.7335),
(1048, '2184478', 'ESF DIAMANTE - JARDINS MANGUEIRAL', '736260', '2 IPÊS', 0.6685, '3 IPÊS', 0.7427),
(1049, '1603426', 'EQUIPE 03 - CAVAS DE BAIXO', '7975295', '2 IPÊS', 0.6399, '3 IPÊS', 0.743),
(1050, '469661', 'ESF 0379/43 - SUÇUARANA', '5167817', '2 IPÊS', 0.6, '3 IPÊS', 0.7208),
(1051, '1621297', 'ESF 0380/49 - CALANGO', '5167817', '2 IPÊS', 0.6721, '3 IPÊS', 0.7133),
(1052, '469645', 'ESF 0374/38 - BORBOLETA AZUL', '2360233', '2 IPÊS', 0.6809, '3 IPÊS', 0.75),
(1053, '1717146', 'ESF 0641/24 - PÉROLA', '11231', '2 IPÊS', 0.6654, '3 IPÊS', 0.7205),
(1054, '469777', 'ESF 0365/19 - FLAMBOYANT', '11568', '2 IPÊS', 0.6743, '3 IPÊS', 0.7429),
(1055, '1642243', 'ESF 0386/10 - LÍRIO', '7368895', '2 IPÊS', 0.6529, '3 IPÊS', 0.718),
(1056, '471534', 'ESF 0599/08 - BEM-ME-QUER', '7368895', '2 IPÊS', 0.6724, '3 IPÊS', 0.7161),
(1057, '471666', 'ESF 0612/14 - SERRA AZUL', '7368895', '2 IPÊS', 0.6899, '3 IPÊS', 0.749),
(1058, '1616412', 'ESF 0617/02 -  ERVA-DOCE', '7368895', '2 IPÊS', 0.6771, '3 IPÊS', 0.737),
(1059, '1593447', 'ESF 0625/18 - FLOR DE LIS', '7686730', '2 IPÊS', 0.6808, '3 IPÊS', 0.7032),
(1060, '1671375', 'ESF 0624/15 - VERMELHA - SOB', '957755', '2 IPÊS', 0.6913, '3 IPÊS', 0.7386),
(1061, '2018160', 'EQUIPE 2 - VINHO', '7347723', '2 IPÊS', 0.685, '3 IPÊS', 0.7053),
(1062, '1563300', 'ESF 25 - AZUL', '10804', '2 IPÊS', 0.6993, '3 IPÊS', 0.737),
(1063, '1477617', 'ESF 20 VERDE - UBS 03 REC - AREA 0410', '7170939', '2 IPÊS', 0.6223, '3 IPÊS', 0.7459),
(1064, '470066', 'ESF 10 - VERDE', '7417632', '2 IPÊS', 0.6923, '3 IPÊS', 0.717),
(1065, '470163', 'ESF 05 - UBS 05 REC - AREA 0401', '7059892', '2 IPÊS', 0.6895, '3 IPÊS', 0.7096),
(1066, '470139', 'ESF 04 - BRANCA', '3144623', '2 IPÊS', 0.6531, '3 IPÊS', 0.7152),
(1067, '1668145', 'ESF 14 - UBS 01 SAM - AREA 3202', '10642', '2 IPÊS', 0.6638, '3 IPÊS', 0.7217),
(1068, '470619', 'ESF 20 - UBS 01 SAM - AREA 0484', '10642', '2 IPÊS', 0.6918, '3 IPÊS', 0.718),
(1069, '470856', 'ESF 27 - UBS 02 SAM - AREA 0491', '10774', '2 IPÊS', 0.6859, '3 IPÊS', 0.7016),
(1070, '470872', 'ESF 31 - UBS 02 SAM - AREA 0495', '10774', '2 IPÊS', 0.6855, '3 IPÊS', 0.7155),
(1071, '1623257', 'ESF 52 - ROXO', '10685', '2 IPÊS', 0.6221, '3 IPÊS', 0.7121),
(1072, '1621351', 'ESF 54 VERDE - UBS 05 SAM - AREA 0460', '6921736', '2 IPÊS', 0.6849, '3 IPÊS', 0.7237),
(1073, '2157284', 'ESF EQUIPE 45 - UBS 06 - AREA 3232', '7053754', '2 IPÊS', 0.6856, '3 IPÊS', 0.707),
(1074, '1621378', 'ESF 14', '7299877', '2 IPÊS', 0.6426, '3 IPÊS', 0.7295),
(1075, '470589', 'ESF 23 - UBS 12 SAM - AREA 0487', '9480587', '2 IPÊS', 0.6752, '3 IPÊS', 0.716),
(1076, '470481', 'ESF 43 - UBS 12 SAM - AREA 0507', '9480587', '2 IPÊS', 0.6073, '3 IPÊS', 0.7061),
(1077, '1668161', 'ESF 01 - UBS 13 SAM', '9647597', '2 IPÊS', 0.6641, '3 IPÊS', 0.7265),
(1078, '1668102', 'EQUIPE 06 - VERDE - AREA 0688', '10901', '2 IPÊS', 0.6071, '3 IPÊS', 0.708),
(1079, '1641859', 'EQUIPE 06 - AMARELA - AREA 0657', '10928', '2 IPÊS', 0.6319, '3 IPÊS', 0.7288),
(1080, '1660543', 'EQUIPE 02 - ROSA', '10626', '2 IPÊS', 0.6954, '3 IPÊS', 0.7308),
(1081, '1668196', 'EQUIPE 04 - VERDE - AREA 0690', '10952', '2 IPÊS', 0.6551, '3 IPÊS', 0.7159),
(1082, '1805622', 'EQUIPE 07 - LILAS', '9056963', '2 IPÊS', 0.6178, '3 IPÊS', 0.7135),
(1083, '1573705', 'EQUIPE 213/11', '10820', '2 IPÊS', 0.6984, '3 IPÊS', 0.7059),
(1084, '469181', 'EQUIPE 206/04', '3144615', '2 IPÊS', 0.6784, '3 IPÊS', 0.747),
(1085, '1668609', 'EQUIPE 541/24', '10669', '2 IPÊS', 0.6909, '3 IPÊS', 0.7435),
(1086, '471038', 'EQUIPE 519/02', '7559194', '2 IPÊS', 0.6954, '3 IPÊS', 0.7413),
(1087, '1798170', 'EQUIPE JASMIM', '10758', '1 IPÊ', 0.5545, '3 IPÊS', 0.7241),
(1088, '1670239', 'EQUIPE LÍRIO', '10758', '1 IPÊ', 0.5685, '3 IPÊS', 0.7352),
(1089, '1797816', 'EQUIPE IPÊ ROXO', '11355', '1 IPÊ', 0.5466, '3 IPÊS', 0.7373),
(1090, '2154129', 'EQUIPE IPÊ VERDE', '11355', '1 IPÊ', 0.5865, '3 IPÊS', 0.7488),
(1091, '1670506', 'EQUIPE 07', '11266', '1 IPÊ', 0.5681, '3 IPÊS', 0.7433),
(1092, '469807', 'ESF 0363/27 - JOÃO-DE-BARRO PL', '5050340', '1 IPÊ', 0.5892, '3 IPÊS', 0.7498),
(1093, '1671308', 'ESF 0621/11 - LARANJA - SOB', '11258', '1 IPÊ', 0.5249, '3 IPÊS', 0.7118),
(1094, '1671367', 'ESF 0622/12 - MARROM', '11258', '1 IPÊ', 0.5754, '3 IPÊS', 0.7133),
(1095, '468436', 'EQUIPE 4 - ÁREA 0013', '11495', '1 IPÊ', 0.5856, '3 IPÊS', 0.7376),
(1096, '1621335', 'ESF 21 ROXA - UBS 03 REC - AREA 0411', '7170939', '1 IPÊ', 0.4569, '3 IPÊS', 0.7429),
(1097, '1717596', 'ESF 02 - UBS 13 SAM', '9647597', '1 IPÊ', 0.5469, '3 IPÊS', 0.7239),
(1098, '2098792', 'EQUIPE 1219/15', '10839', '1 IPÊ', 0.5995, '3 IPÊS', 0.7377),
(1099, '2272431', 'EQUIPE AMETISTA', '11177', 'NÃO AVALIADA', 0, '2 IPÊS', 0.6822),
(1100, '2272466', 'EQUIPE SAFIRA', '11177', 'NÃO AVALIADA', 0, '2 IPÊS', 0.6754),
(1101, '2236168', 'EQUIPE 1225/61', '10669', 'NÃO AVALIADA', 0, '2 IPÊS', 0.6693),
(1102, '1676458', 'EQ 24 VILA NOVA', '3254887', '5 IPÊS', 0.8511, '2 IPÊS', 0.6879),
(1103, '1623656', 'ESF 0382/14 - SABIÁ', '11223', '5 IPÊS', 0.868, '2 IPÊS', 0.687),
(1104, '468754', 'EQUIPE 5 - VERDE', '11045', '5 IPÊS', 0.9093, '2 IPÊS', 0.6831),
(1105, '1670565', 'EQUIPE 03', '11185', '4 IPÊS', 0.8029, '2 IPÊS', 0.6732),
(1106, '470473', 'EQUIPE 07', '5038669', '4 IPÊS', 0.8237, '2 IPÊS', 0.6804),
(1107, '469483', 'EQ 09 - LILÁS', '6268269', '4 IPÊS', 0.8143, '2 IPÊS', 0.6762),
(1108, '1668951', 'EQ 11 - VERDE', '10634', '4 IPÊS', 0.8066, '2 IPÊS', 0.6973),
(1109, '471437', 'EQ 02 - MORRO DA CRUZ', '3781402', '4 IPÊS', 0.8144, '2 IPÊS', 0.6707),
(1110, '469971', 'ESF 0356/20 - ÁGUIA - PL', '6216021', '4 IPÊS', 0.8085, '2 IPÊS', 0.6937),
(1111, '469734', 'ESF 0337/04 - BICA DO DER', '2804123', '4 IPÊS', 0.8047, '2 IPÊS', 0.6878),
(1112, '469610', 'ESF 0341/08 - PIPIRIPAU', '11592', '4 IPÊS', 0.8397, '2 IPÊS', 0.6965),
(1113, '470937', 'ESF 03 LILÁS - UBS 09 SAM - AREA 0456', '3742857', '4 IPÊS', 0.8458, '2 IPÊS', 0.6922),
(1114, '471704', 'EQUIPE 01 - ROXA - AREA 0643', '10928', '4 IPÊS', 0.8301, '2 IPÊS', 0.6838),
(1115, '1641891', 'EQUIPE 01 - LILÁS - AREA 0661', '10952', '4 IPÊS', 0.8352, '2 IPÊS', 0.675),
(1116, '1617788', 'EQUIPE 219/34', '10847', '4 IPÊS', 0.8398, '2 IPÊS', 0.6994),
(1117, '1670069', 'EQUIPE ÁGUA', '10707', '3 IPÊS', 0.7441, '2 IPÊS', 0.6935),
(1118, '469203', 'EQUIPE 01', '11118', '3 IPÊS', 0.708, '2 IPÊS', 0.6883);

INSERT INTO "public"."equipes" ("id", "ine", "nome", "cnes", "cert_1_ciclo", "cert_nota_1_ciclo", "cert_2_ciclo", "cert_nota_2_ciclo") VALUES
(1119, '1658778', 'EQUIPE 02', '11169', '3 IPÊS', 0.7246, '2 IPÊS', 0.6747),
(1120, '1669109', 'EQUIPE 05 - AZUL', '10790', '3 IPÊS', 0.7261, '2 IPÊS', 0.6818),
(1121, '1669117', 'EQUIPE 06 - AMARELA', '10790', '3 IPÊS', 0.7053, '2 IPÊS', 0.6764),
(1122, '471186', 'EQUIPE 20 - BRANCA', '10790', '3 IPÊS', 0.7778, '2 IPÊS', 0.6953),
(1123, '471305', 'EQ 16 - SÃO FRANCISCO', '3212017', '3 IPÊS', 0.7469, '2 IPÊS', 0.6887),
(1124, '469564', 'ESF 0346/11 - LOBO GUARÁ', '5167817', '3 IPÊS', 0.7574, '2 IPÊS', 0.6625),
(1125, '469637', 'ESF 0378/42 - AZALÉIA', '10650', '3 IPÊS', 0.7316, '2 IPÊS', 0.6518),
(1126, '469866', 'ESF 0352/16 - CEP SAÚDE', '11096', '3 IPÊS', 0.7873, '2 IPÊS', 0.6883),
(1127, '469882', 'ESF 0366/30 - VERDE', '6216013', '3 IPÊS', 0.7939, '2 IPÊS', 0.6642),
(1128, '469874', 'ESF 0371/35 - AMARELA ', '6216013', '3 IPÊS', 0.7486, '2 IPÊS', 0.6918),
(1129, '469998', 'ESF 0355/19 - BEIJA-FLOR - PL', '6216021', '3 IPÊS', 0.7384, '2 IPÊS', 0.6713),
(1130, '470023', 'ESF 0357/21 - BEM-TE-VI - PL', '6216021', '3 IPÊS', 0.7344, '2 IPÊS', 0.6705),
(1131, '469955', 'ESF 0359/23 - ANDORINHA - PL', '6216021', '3 IPÊS', 0.7326, '2 IPÊS', 0.6787),
(1132, '470007', 'ESF 0360/24 - ARARA - PL', '6216021', '3 IPÊS', 0.7269, '2 IPÊS', 0.6517),
(1133, '469858', 'ESF 0349/13 - SOL', '5050359', '3 IPÊS', 0.7876, '2 IPÊS', 0.6703),
(1134, '469823', 'ESF 0350/14 - LUA', '5050359', '3 IPÊS', 0.7451, '2 IPÊS', 0.6685),
(1135, '1717219', 'ESF 2001/49 - SIGMA', '9768637', '3 IPÊS', 0.7145, '2 IPÊS', 0.6557),
(1136, '1623621', 'ESF 0383/15 - BEIJA-FLOR', '11223', '3 IPÊS', 0.7184, '2 IPÊS', 0.6681),
(1137, '471488', 'ESF 0597/06 - ÁGUIA', '11223', '3 IPÊS', 0.7592, '2 IPÊS', 0.6804),
(1138, '1717154', 'ESF 0629/20 - AZUL CLARO', '11258', '3 IPÊS', 0.7059, '2 IPÊS', 0.6563),
(1139, '1664891', 'EQUIPE 2 - VERDE', '10987', '3 IPÊS', 0.7293, '2 IPÊS', 0.6759),
(1140, '1664743', 'EQUIPE 2 - AZUL', '10995', '3 IPÊS', 0.7156, '2 IPÊS', 0.663),
(1141, '468819', 'EQUIPE 4 - VERMELHA', '10995', '3 IPÊS', 0.771, '2 IPÊS', 0.6922),
(1142, '1664751', 'EQUIPE 1', '11053', '3 IPÊS', 0.7583, '2 IPÊS', 0.6949),
(1143, '1665103', 'EQUIPE 3 - ROSA', '11061', '3 IPÊS', 0.7651, '2 IPÊS', 0.6801),
(1144, '1664948', 'EQUIPE 3 - LARANJA', '2617293', '3 IPÊS', 0.7725, '2 IPÊS', 0.6555),
(1145, '1468618', 'ESF 14 - LILÁS', '7417632', '3 IPÊS', 0.7495, '2 IPÊS', 0.6888),
(1146, '1668137', 'ESF 13 - UBS 01 SAM - AREA 3201', '10642', '3 IPÊS', 0.7647, '2 IPÊS', 0.6802),
(1147, '470864', 'ESF 30 - UBS 02 SAM - AREA 0494', '10774', '3 IPÊS', 0.7151, '2 IPÊS', 0.6792),
(1148, '470686', 'ESF 10 LILÁS - UBS 03 SAM - AREA 0473', '10677', '3 IPÊS', 0.7156, '2 IPÊS', 0.6759),
(1149, '470643', 'ESF 11 AZUL - UBS 03 SAM - AREA 0475', '10677', '3 IPÊS', 0.7164, '2 IPÊS', 0.6849),
(1150, '470813', 'ESF 02 - AZUL', '10685', '3 IPÊS', 0.709, '2 IPÊS', 0.6512),
(1151, '1717553', 'ESF 04 AMARELA - UBS 05 SAM - AREA 3207', '6921736', '3 IPÊS', 0.7188, '2 IPÊS', 0.6828),
(1152, '471712', 'EQUIPE 06 - VERDE - AREA 0644', '10936', '3 IPÊS', 0.7372, '2 IPÊS', 0.6677),
(1153, '1668226', 'EQUIPE 06 - MARROM - AREA 0692', '10952', '3 IPÊS', 0.7197, '2 IPÊS', 0.6584),
(1154, '1656759', 'EQUIPE 02 - VERMELHA - AREA 0669', '10960', '3 IPÊS', 0.7589, '2 IPÊS', 0.6969),
(1155, '1660616', 'EQUIPE 03 - AZUL - AREA 0682', '2617269', '3 IPÊS', 0.7748, '2 IPÊS', 0.6857),
(1156, '1638947', 'EQUIPE 01 - LARANJA - AREA 0656', '9056963', '3 IPÊS', 0.7269, '2 IPÊS', 0.654),
(1157, '469092', 'EQUIPE 212/10', '10863', '3 IPÊS', 0.7531, '2 IPÊS', 0.6736),
(1158, '1670220', 'EQUIPE ORQUÍDEA', '10758', '2 IPÊS', 0.614, '2 IPÊS', 0.6997),
(1159, '1668994', 'EQ 17 - PRATA', '10634', '2 IPÊS', 0.6083, '2 IPÊS', 0.6817),
(1160, '2198797', 'ESF ESMERALDA - JARDINS MANGUEIRAL', '736260', '2 IPÊS', 0.6188, '2 IPÊS', 0.6926),
(1161, '469785', 'ESF 0362/26 - SABIÁ PL', '5050340', '2 IPÊS', 0.671, '2 IPÊS', 0.674),
(1162, '469769', 'ESF 0364/18 - IPÊ AMARELO', '11568', '2 IPÊS', 0.6824, '2 IPÊS', 0.6946),
(1163, '1665197', 'EQUIPE 4 - PRETA', '2617293', '2 IPÊS', 0.6925, '2 IPÊS', 0.6861),
(1164, '1641964', 'ESF 01 ROSA - UBS 02 REC - AREA 0664', '11134', '2 IPÊS', 0.651, '2 IPÊS', 0.6571),
(1165, '1668269', 'ESF 32 LARANJA - UBS 02 REC - AREA 0427', '11134', '2 IPÊS', 0.641, '2 IPÊS', 0.6635),
(1166, '1668277', 'ESF 33 BRANCA - UBS 02 REC - AREA 3800', '11134', '2 IPÊS', 0.6891, '2 IPÊS', 0.6968),
(1167, '1505750', 'ESF 22 AZUL - UBS 03 REC - AREA 0412', '7170939', '2 IPÊS', 0.6188, '2 IPÊS', 0.6941),
(1168, '470244', 'ESF 24 CINZA - UBS 03 REC - AREA 0414', '7170939', '2 IPÊS', 0.6598, '2 IPÊS', 0.6652),
(1169, '470848', 'ESF 18 - UBS 01 SAM - AREA 0496', '10642', '2 IPÊS', 0.6746, '2 IPÊS', 0.6563),
(1170, '470805', 'ESF 19 - UBS 01 SAM - AREA 0498', '10642', '2 IPÊS', 0.6182, '2 IPÊS', 0.6755),
(1171, '470694', 'ESF 07 ROSA - UBS 03 SAM - AREA 0741', '10677', '2 IPÊS', 0.6358, '2 IPÊS', 0.6991),
(1172, '470716', 'ESF 39 - VERDE', '10685', '2 IPÊS', 0.6596, '2 IPÊS', 0.6703),
(1173, '1623265', 'ESF 53 - LARANJA', '10685', '2 IPÊS', 0.6722, '2 IPÊS', 0.657),
(1174, '470961', 'ESF 01 AZUL - UBS 05 SAM - AREA 0454', '6921736', '2 IPÊS', 0.6955, '2 IPÊS', 0.6779),
(1175, '470732', 'ESF 26 VERMELHA - UBS 06 SAM - AREA 0490', '7053754', '2 IPÊS', 0.6828, '2 IPÊS', 0.6571),
(1176, '471682', 'EQUIPE 05 - AMARELA', '10626', '2 IPÊS', 0.6944, '2 IPÊS', 0.6682),
(1177, '1709763', 'EQUIPE 06 - ROXA', '10626', '2 IPÊS', 0.6022, '2 IPÊS', 0.6841),
(1178, '470090', 'EQUIPE 07 - LARANJA', '10626', '2 IPÊS', 0.6384, '2 IPÊS', 0.6525),
(1179, '1843702', 'EQUIPE 06 - LARANJA', '10960', '2 IPÊS', 0.6842, '2 IPÊS', 0.6837),
(1180, '1668056', 'EQUIPE 02 - VERDE - AREA 6800', '9056963', '2 IPÊS', 0.6519, '2 IPÊS', 0.6704),
(1181, '1805649', 'EQUIPE 08 - BRANCA - AREA 6806', '9056963', '2 IPÊS', 0.6974, '2 IPÊS', 0.6904),
(1182, '470104', 'EQUIPE 1233/69', '2779331', '2 IPÊS', 0.6371, '2 IPÊS', 0.6728),
(1183, '2063441', 'EQUIPE 03', '11169', '1 IPÊ', 0.4995, '2 IPÊS', 0.6923),
(1184, '1671383', 'ESF 0626/16 - AMARELA - SOB', '11258', '1 IPÊ', 0.4999, '2 IPÊS', 0.6709),
(1185, '1631225', 'ESF 07 AZUL - UBS 02 REC - AREA 0417', '11134', '1 IPÊ', 0.5199, '2 IPÊS', 0.662),
(1186, '470228', 'ESF 19 LARANJA - UBS 03 REC - AREA 0409', '7170939', '1 IPÊ', 0.5315, '2 IPÊS', 0.6686),
(1187, '470147', 'ESF 08 - UBS 05 REC - AREA 0398', '7059892', '1 IPÊ', 0.5026, '2 IPÊS', 0.6939),
(1188, '470562', 'ESF 41 - AMARELA', '7299877', '1 IPÊ', 0.5385, '2 IPÊS', 0.6976),
(1189, '2188317', 'ESF 52', '7299877', '1 IPÊ', 0.5759, '2 IPÊS', 0.6988),
(1190, '1668129', 'ESF 03 - UBS 13 SAM', '9647597', '1 IPÊ', 0.547, '2 IPÊS', 0.6647),
(1191, '1660578', 'EQUIPE 04 - VERMELHA', '10626', '1 IPÊ', 0.5463, '2 IPÊS', 0.6879),
(1192, '1675672', 'EQUIPE 07 - AMARELA - AREA 0695', '10952', '1 IPÊ', 0.5567, '2 IPÊS', 0.6716),
(1193, '2268817', 'EQUIPE 17', '7526504', 'NÃO AVALIADA', 0, '1 IPÊ', 0.578),
(1194, '2259206', 'ESF 2005/50 - CINZA - PL', '6216013', 'NÃO AVALIADA', 0, '1 IPÊ', 0.6483),
(1195, '2259214', 'ESF 2006/51 - VIOLETA - PL', '6216013', 'NÃO AVALIADA', 0, '1 IPÊ', 0.6144),
(1196, '1798804', 'EQUIPE 07 - VERMELHA - AREA 0699', '10936', 'NÃO AVALIADA', 0, '1 IPÊ', 0.6476),
(1197, '2198908', 'EQUIPE 1226/62', '3144569', 'NÃO AVALIADA', 0, '1 IPÊ', 0.6119),
(1198, '1798022', 'EQUIPE INGÁ', '10731', '4 IPÊS', 0.8206, '1 IPÊ', 0.6455),
(1199, '1478117', 'ESF 0603/08 - JACARANDÁ', '11568', '4 IPÊS', 0.8074, '1 IPÊ', 0.598),
(1200, '1664956', 'EQUIPE 5 - ROSA', '10995', '4 IPÊS', 0.8285, '1 IPÊ', 0.6441),
(1201, '1660462', 'EQUIPE 04 - ROSA - AREA 0684', '10901', '4 IPÊS', 0.8188, '1 IPÊ', 0.6448),
(1202, '1668234', 'ESF 29 AMARELA - UBS 02 REC - AREA 0429', '11134', '3 IPÊS', 0.7744, '1 IPÊ', 0.6357),
(1203, '1668242', 'ESF 30 VERMELHA - UBS 02 REC - AREA 0425', '11134', '3 IPÊS', 0.7476, '1 IPÊ', 0.5971),
(1204, '1660527', 'EQUIPE 02 - AZUL - AREA 0674', '10936', '3 IPÊS', 0.786, '1 IPÊ', 0.6331),
(1205, '471739', 'EQUIPE 08 - LARANJA - AREA 0647', '10952', '3 IPÊS', 0.7068, '1 IPÊ', 0.647),
(1206, '1670247', 'EQUIPE CALIANDRA', '10758', '2 IPÊS', 0.6245, '1 IPÊ', 0.6118),
(1207, '1670433', 'EQUIPE 05', '11126', '2 IPÊS', 0.6065, '1 IPÊ', 0.6494),
(1208, '1717200', 'ESF 2000/48 -  ROUXINOL', '6216021', '2 IPÊS', 0.6271, '1 IPÊ', 0.6147),
(1209, '1671243', 'ESF 0389/46 - DELTA', '9768637', '2 IPÊS', 0.6593, '1 IPÊ', 0.6325),
(1210, '471542', 'ESF 0594/03 - BURITI', '11568', '2 IPÊS', 0.6798, '1 IPÊ', 0.6437),
(1211, '1717162', 'ESF 0630/21 - ROSA SOB', '957755', '2 IPÊS', 0.6713, '1 IPÊ', 0.6357),
(1212, '1631233', 'ESF 26 MARROM - UBS 02 REC - AREA 0418', '11134', '2 IPÊS', 0.6317, '1 IPÊ', 0.5936),
(1213, '470171', 'ESF 04 - UBS 05 REC - AREA 0399', '7059892', '2 IPÊS', 0.6806, '1 IPÊ', 0.6243),
(1214, '470511', 'ESF 15 - UBS 01 SAM - AREA 0479', '10642', '2 IPÊS', 0.6145, '1 IPÊ', 0.6288),
(1215, '470538', 'ESF 16 - UBS 01 SAM - AREA 0480', '10642', '2 IPÊS', 0.6749, '1 IPÊ', 0.6419),
(1216, '1668153', 'ESF 17 - UBS 01 SAM - AREA 3203', '10642', '2 IPÊS', 0.6118, '1 IPÊ', 0.6478),
(1217, '470880', 'ESF 33 - UBS 02 SAM - AREA 0497', '10774', '2 IPÊS', 0.6774, '1 IPÊ', 0.6237),
(1218, '1487485', 'ESF 05 ROSA - UBS 05 SAM - AREA 0458', '6921736', '2 IPÊS', 0.6319, '1 IPÊ', 0.6362),
(1219, '470600', 'ESF 21 - UBS 12 SAM - AREA 0485', '9480587', '2 IPÊS', 0.6453, '1 IPÊ', 0.6283),
(1220, '1641905', 'EQUIPE 02 - VERMELHA', '10952', '2 IPÊS', 0.6817, '1 IPÊ', 0.5062),
(1221, '1641913', 'EQUIPE 03 - AZUL - AREA 0663', '10952', '2 IPÊS', 0.6206, '1 IPÊ', 0.6406),
(1222, '1668218', 'EQUIPE 05 - ROSA - AREA 0691', '10952', '2 IPÊS', 0.6245, '1 IPÊ', 0.5556),
(1223, '1671227', 'ESF 0387/44 - DÁLIA', '10650', '1 IPÊ', 0.5544, '1 IPÊ', 0.6271),
(1224, '1671413', 'ESF 0628/19 - AZUL ESCURO', '11258', '1 IPÊ', 0.5494, '1 IPÊ', 0.6491),
(1225, '1671294', 'ESF 0620/01 - ROXA', '957755', '1 IPÊ', 0.5566, '1 IPÊ', 0.605),
(1226, '1717170', 'ESF 0631/22 - VERDE SOB', '957755', '1 IPÊ', 0.5082, '1 IPÊ', 0.6473),
(1227, '1668250', 'ESF 31 ROXA - UBS 02 REC - AREA 0426', '11134', '1 IPÊ', 0.4925, '1 IPÊ', 0.5855),
(1228, '470155', 'ESF 06 - UBS 05 REC - AREA 0402', '7059892', '1 IPÊ', 0.525, '1 IPÊ', 0.6105),
(1229, '470198', 'ESF 07 - UBS 05 REC - AREA 0403', '7059892', '1 IPÊ', 0.5808, '1 IPÊ', 0.6169),
(1230, '1659804', 'ESF 28 - UBS 11 REC - AREA 0423', '9543945', '1 IPÊ', 0.5023, '1 IPÊ', 0.6305),
(1231, '1714775', 'ESF 29 - UBS 11 REC - AREA 3801', '9543945', '1 IPÊ', 0.4996, '1 IPÊ', 0.6435),
(1232, '1660551', 'EQUIPE 03 - VERDE', '10626', '1 IPÊ', 0.5437, '1 IPÊ', 0.6097),
(1233, '1805568', 'EQUIPE 06 - AMARELA', '9056963', '1 IPÊ', 0.5646, '1 IPÊ', 0.6471);

INSERT INTO "public"."gsap" ("id", "nome", "regiao_admin") VALUES
(1, 'GERÊNCIA DE SERVIÇOS DE ATENÇÃO PRIMÁRIA 03 - SAMAMBAIA', 2),
(2, 'GERÊNCIA DE SERVIÇOS DE ATENÇÃO PRIMÁRIA 02 - CEILÂNDIA', 3),
(3, 'GERÊNCIA DE SERVIÇOS DE ATENÇÃO PRIMÁRIA 07 - CEILÂNDIA', 3),
(4, 'GERÊNCIA DE SERVIÇOS DE ATENÇÃO PRIMÁRIA 07 - SAMAMBAIA', 2),
(5, 'GERÊNCIA DE SERVIÇOS DE ATENÇÃO PRIMÁRIA 08 - CEILÂNDIA', 3),
(6, 'GERÊNCIA DE SERVIÇOS DE ATENÇÃO PRIMÁRIA 04 - RECANTO DAS EMAS', 4),
(7, 'GERÊNCIA DE SERVIÇOS DE ATENÇÃO PRIMÁRIA 01 - BRAZLÂNDIA', 5),
(8, 'GERÊNCIA DE SERVIÇOS DE ATENÇÃO PRIMÁRIA 01 - CANDANGOLÂNDIA', 6),
(9, 'GERÊNCIA DE SERVIÇOS DE ATENÇÃO PRIMÁRIA 01 - CRUZEIRO', 7),
(10, 'GERÊNCIA DE SERVIÇOS DE ATENÇÃO PRIMÁRIA 07 - SOBRADINHO', 8),
(11, 'GERÊNCIA DE SERVIÇOS DE ATENÇÃO PRIMÁRIA 01 - GAMA', 9),
(12, 'GERÊNCIA DE SERVIÇOS DE ATENÇÃO PRIMÁRIA 01 - ITAPOÃ', 10),
(13, 'GERÊNCIA DE SERVIÇOS DE ATENÇÃO PRIMÁRIA 01 - LAGO NORTE', 11),
(14, 'GERÊNCIA DE SERVIÇOS DE ATENÇÃO PRIMÁRIA 01 - NÚCLEO BANDEIRANTE', 12),
(15, 'GERÊNCIA DE SERVIÇOS DE ATENÇÃO PRIMÁRIA 01 - RIACHO FUNDO I', 13),
(16, 'GERÊNCIA DE SERVIÇOS DE ATENÇÃO PRIMÁRIA 01 - TAGUATINGA', 14),
(17, 'GERÊNCIA DE SERVIÇOS DE ATENÇÃO PRIMÁRIA - VARJÃO', 15),
(18, 'GERÊNCIA DE SERVIÇOS DE ATENÇÃO PRIMÁRIA 01 - VICENTE PIRES', 16),
(19, 'GERÊNCIA DE SERVIÇOS DE ATENÇÃO PRIMÁRIA 02 - ASA NORTE', 17),
(20, 'GERÊNCIA DE SERVIÇOS DE ATENÇÃO PRIMÁRIA 02 - BRAZLÂNDIA', 5),
(21, 'GERÊNCIA DE SERVIÇOS DE ATENÇÃO PRIMÁRIA 02 - CRUZEIRO', 7),
(22, 'GERÊNCIA DE SERVIÇOS DE ATENÇÃO PRIMÁRIA 02 - GAMA', 9),
(23, 'GERÊNCIA DE SERVIÇOS DE ATENÇÃO PRIMÁRIA 02 - GUARÁ', 18),
(24, 'GERÊNCIA DE SERVIÇOS DE ATENÇÃO PRIMÁRIA 02 - SANTA MARIA', 19),
(25, 'GERÊNCIA DE SERVIÇOS DE ATENÇÃO PRIMÁRIA 02 - TAGUATINGA', 14),
(26, 'GERÊNCIA DE SERVIÇOS DE ATENÇÃO PRIMÁRIA 03 - ASA NORTE', 17),
(27, 'GERÊNCIA DE SERVIÇOS DE ATENÇÃO PRIMÁRIA 03 - GAMA', 9),
(28, 'GERÊNCIA DE SERVIÇOS DE ATENÇÃO PRIMÁRIA 03 - GUARÁ', 18),
(29, 'GERÊNCIA DE SERVIÇOS DE ATENÇÃO PRIMÁRIA 03 - RECANTO DAS EMAS', 4),
(30, 'GERÊNCIA DE SERVIÇOS DE ATENÇÃO PRIMÁRIA 04 - SOBRADINHO', 20),
(31, 'GERÊNCIA DE SERVIÇOS DE ATENÇÃO PRIMÁRIA 03 - TAGUATINGA', 14),
(32, 'GERÊNCIA DE SERVIÇOS DE ATENÇÃO PRIMÁRIA 04 - GUARÁ', 18),
(33, 'GERÊNCIA DE SERVIÇOS DE ATENÇÃO PRIMÁRIA 05 - GAMA', 9),
(34, 'GERÊNCIA DE SERVIÇOS DE ATENÇÃO PRIMÁRIA 09 - PLANALTINA', 21),
(35, 'GERÊNCIA DE SERVIÇOS DE ATENÇÃO PRIMÁRIA 05 - TAGUATINGA', 14),
(36, 'GERÊNCIA DE SERVIÇOS DE ATENÇÃO PRIMÁRIA 01 - SOBRADINHO', 20),
(37, 'GERÊNCIA DE SERVIÇOS DE ATENÇÃO PRIMÁRIA 04 - SÃO SEBASTIÃO', 22),
(38, 'GERÊNCIA DE SERVIÇOS DE ATENÇÃO PRIMÁRIA 01 - SAMAMBAIA', 2),
(39, 'GERÊNCIA DE SERVIÇOS DE ATENÇÃO PRIMÁRIA 17 - CEILÂNDIA', 3),
(40, 'GERÊNCIA DE SERVIÇOS DE ATENÇÃO PRIMÁRIA 01 - ASA NORTE', 17),
(41, 'GERÊNCIA DE SERVIÇOS DE ATENÇÃO PRIMÁRIA 01 - ASA SUL', 17),
(42, 'GERÊNCIA DE SERVIÇOS DE ATENÇÃO PRIMÁRIA 01 - ESTRUTURAL', 23),
(43, 'GERÊNCIA DE SERVIÇOS DE ATENÇÃO PRIMÁRIA 01 - RIACHO FUNDO II', 24),
(44, 'GERÊNCIA DE SERVIÇOS DE ATENÇÃO PRIMÁRIA 02 - RECANTO DAS EMAS', 4),
(45, 'GERÊNCIA DE SERVIÇOS DE ATENÇÃO PRIMÁRIA 05 - SOBRADINHO', 25),
(46, 'GERÊNCIA DE SERVIÇOS DE ATENÇÃO PRIMÁRIA 03 - PARANOÁ', 26),
(47, 'GERÊNCIA DE SERVIÇOS DE ATENÇÃO PRIMÁRIA 08 - PLANALTINA', 21),
(48, 'GERÊNCIA DE SERVIÇOS DE ATENÇÃO PRIMÁRIA 04 - SAMAMBAIA', 2),
(49, 'GERÊNCIA DE SERVIÇOS DE ATENÇÃO PRIMÁRIA 06 - PLANALTINA', 21),
(50, 'GERÊNCIA DE SERVIÇOS DE ATENÇÃO PRIMÁRIA 11 - CEILÂNDIA', 3),
(51, 'GERÊNCIA DE SERVIÇOS DE ATENÇÃO PRIMÁRIA 07 - PLANALTINA', 21),
(52, 'GERÊNCIA DE SERVIÇOS DE ATENÇÃO PRIMÁRIA 16 - CEILÂNDIA', 27),
(53, 'GERÊNCIA DE SERVIÇOS DE ATENÇÃO PRIMÁRIA 04 - PLANALTINA', 21),
(54, 'GERÊNCIA DE SERVIÇOS DE ATENÇÃO PRIMÁRIA 03 - PLANALTINA', 21),
(55, 'GERÊNCIA DE SERVIÇOS DE ATENÇÃO PRIMÁRIA 03 - SOBRADINHO', 25),
(56, 'GERÊNCIA DE SERVIÇOS DE ATENÇÃO PRIMÁRIA 02 - ITAPOÃ', 10),
(57, 'GERÊNCIA DE SERVIÇOS DE ATENÇÃO PRIMÁRIA 05 - SAMAMBAIA', 2),
(58, 'GERÊNCIA DE SERVIÇOS DE ATENÇÃO PRIMÁRIA 08 - SAMAMBAIA', 2),
(59, 'GERÊNCIA DE SERVIÇOS DE ATENÇÃO PRIMÁRIA 01 - ÁGUAS CLARAS', 28),
(60, 'GERÊNCIA DE SERVIÇOS DE ATENÇÃO PRIMÁRIA 02 - SAMAMBAIA', 2),
(61, 'GERÊNCIA DE SERVIÇOS DE ATENÇÃO PRIMÁRIA 03 - SÃO SEBASTIÃO', 29),
(62, 'GERÊNCIA DE SERVIÇOS DE ATENÇÃO PRIMÁRIA 01 - SÃO SEBASTIÃO', 22),
(63, 'GERÊNCIA DE SERVIÇOS DE ATENÇÃO PRIMÁRIA 06 - CEILÂNDIA', 3),
(64, 'GERÊNCIA DE SERVIÇOS DE ATENÇÃO PRIMÁRIA 06 - GAMA', 9),
(65, 'GERÊNCIA DE SERVIÇOS DE ATENÇÃO PRIMÁRIA 08 - TAGUATINGA', 14),
(66, 'GERÊNCIA DE SERVIÇOS DE ATENÇÃO PRIMÁRIA 01 - PARANOÁ', 26),
(67, 'GERÊNCIA DE SERVIÇOS DE ATENÇÃO PRIMÁRIA 02 - RIACHO FUNDO I', 30),
(68, 'GERÊNCIA DE SERVIÇOS DE ATENÇÃO PRIMÁRIA 01 - SANTA MARIA', 19),
(69, 'GERÊNCIA DE SERVIÇOS DE ATENÇÃO PRIMÁRIA 02 - SOBRADINHO', 20),
(70, 'GERÊNCIA DE SERVIÇOS DE ATENÇÃO PRIMÁRIA 03 - CEILÂNDIA', 3),
(71, 'GERÊNCIA DE SERVIÇOS DE ATENÇÃO PRIMÁRIA 04 - GAMA', 9),
(72, 'GERÊNCIA DE SERVIÇOS DE ATENÇÃO PRIMÁRIA 01 - LAGO NORTE', 17),
(73, 'GERÊNCIA DE SERVIÇOS DE ATENÇÃO PRIMÁRIA 05 - CEILÂNDIA', 3),
(74, 'GERÊNCIA DE SERVIÇOS DE ATENÇÃO PRIMÁRIA 03 - SÃO SEBASTIÃO', 22),
(75, 'GERÊNCIA DE SERVIÇOS DE ATENÇÃO PRIMÁRIA 06 - TAGUATINGA', 14),
(76, 'GERÊNCIA DE SERVIÇOS DE ATENÇÃO PRIMÁRIA 05 - RECANTO DAS EMAS', 4),
(77, 'GERÊNCIA DE SERVIÇOS DE ATENÇÃO PRIMÁRIA 07 - TAGUATINGA', 14),
(78, 'GERÊNCIA DE SERVIÇOS DE ATENÇÃO PRIMÁRIA 03 - BRAZLÂNDIA', 5),
(79, 'GERÊNCIA DE SERVIÇOS DE ATENÇÃO PRIMÁRIA 10 - CEILÂNDIA', 3),
(80, 'GERÊNCIA DE SERVIÇOS DE ATENÇÃO PRIMÁRIA 05 - PLANALTINA', 21),
(81, 'GERÊNCIA DE SERVIÇOS DE ATENÇÃO PRIMÁRIA 01 - GUARÁ', 18),
(82, 'GERÊNCIA DE SERVIÇOS DE ATENÇÃO PRIMÁRIA 02 - PLANALTINA', 21),
(83, 'GERÊNCIA DE SERVIÇOS DE ATENÇÃO PRIMÁRIA 02 - SÃO SEBASTIÃO', 22),
(84, 'GERÊNCIA DE SERVIÇOS DE ATENÇÃO PRIMÁRIA 05 - SANTA MARIA', 19),
(85, 'GERÊNCIA DE SERVIÇOS DE ATENÇÃO PRIMÁRIA 06 - SOBRADINHO', 25),
(86, 'GERÊNCIA DE SERVIÇOS DE ATENÇÃO PRIMÁRIA 04 - SANTA MARIA', 19),
(87, 'GERÊNCIA DE SERVIÇOS DE ATENÇÃO PRIMÁRIA 06 - SANTA MARIA', 19),
(88, 'GERÊNCIA DE SERVIÇOS DE ATENÇÃO PRIMÁRIA 09 - SAMAMBAIA', 2),
(89, 'GERÊNCIA DE SERVIÇOS DE ATENÇÃO PRIMÁRIA 02 - RIACHO FUNDO II', 24),
(90, 'GERÊNCIA DE SERVIÇOS DE ATENÇÃO PRIMÁRIA 02 - PARANOÁ', 26),
(91, 'GERÊNCIA DE SERVIÇOS DE ATENÇÃO PRIMÁRIA 02 - RIACHO FUNDO I', 13),
(92, 'GERÊNCIA DE SERVIÇOS DE ATENÇÃO PRIMÁRIA 12 - CEILÂNDIA', 3),
(93, 'GERÊNCIA DE SERVIÇOS DE ATENÇÃO PRIMÁRIA 01 - CEILÂNDIA', 3),
(94, 'GERÊNCIA DE SERVIÇOS DE ATENÇÃO PRIMÁRIA 01 - PLANALTINA', 21),
(95, 'GERÊNCIA DE SERVIÇOS DE ATENÇÃO PRIMÁRIA 09 - CEILÂNDIA', 3),
(96, 'GERÊNCIA DE SERVIÇOS DE ATENÇÃO PRIMÁRIA 06 - SAMAMBAIA', 2),
(97, 'GERÊNCIA DE SERVIÇOS DE ATENÇÃO PRIMÁRIA 15 - CEILÂNDIA', 3),
(98, 'GERÊNCIA DE SERVIÇOS DE ATENÇÃO PRIMÁRIA 13 - CEILÂNDIA', 3),
(99, 'GERÊNCIA DE SERVIÇOS DE ATENÇÃO PRIMÁRIA 14 - CEILÂNDIA', 3),
(100, 'GERÊNCIA DE SERVIÇOS DE ATENÇÃO PRIMÁRIA 01 - RECANTO DAS EMAS', 4),
(101, 'GERÊNCIA DE SERVIÇOS DE ATENÇÃO PRIMÁRIA 04 - CEILÂNDIA', 3),
(102, 'GERÊNCIA DE SERVIÇOS DE ATENÇÃO PRIMÁRIA 07 - GAMA', 9),
(103, 'GERÊNCIA DE SERVIÇOS DE ATENÇÃO PRIMÁRIA 18 - CEILÂNDIA', 3);

INSERT INTO "public"."regiao_admin" ("id", "nome", "regiao_saude") VALUES
(2, 'SAMAMBAIA', 1),
(3, 'CEILÂNDIA', 2),
(4, 'RECANTO DAS EMAS', 1),
(5, 'BRAZLÂNDIA', 2),
(6, 'CANDANGOLÂNDIA', 3),
(7, 'CRUZEIRO', 4),
(8, 'FERCAL', 5),
(9, 'GAMA', 6),
(10, 'ITAPOÃ', 7),
(11, 'LAGO NORTE', 4),
(12, 'NÚCLEO BANDEIRANTE', 3),
(13, 'RIACHO FUNDO I', 3),
(14, 'TAGUATINGA', 1),
(15, 'VARJÃO', 4),
(16, 'VICENTE PIRES', 1),
(17, 'PLANO PILOTO', 4),
(18, 'GUARÁ', 3),
(19, 'SANTA MARIA', 6),
(20, 'SOBRADINHO', 5),
(21, 'PLANALTINA', 5),
(22, 'SÃO SEBASTIÃO', 7),
(23, 'SCIA/ESTRUTURAL', 3),
(24, 'RIACHO FUNDO II', 3),
(25, 'SOBRADINHO II', 5),
(26, 'PARANOÁ', 7),
(27, 'SOL NASCENTE E PÔR DO SOL', 2),
(28, 'ÁGUAS CLARAS', 1),
(29, 'JARDIM BOTÂNICO', 7),
(30, 'PARK WAY', 3);

INSERT INTO "public"."regiao_saude" ("id", "nome", "sigla") VALUES
(1, 'SUDOESTE', NULL),
(2, 'OESTE', NULL),
(3, 'CENTRO-SUL', NULL),
(4, 'CENTRAL', NULL),
(5, 'NORTE', NULL),
(6, 'SUL', NULL),
(7, 'LESTE', NULL);

INSERT INTO "public"."ubs" ("id", "nome", "gsap_id", "sigla", "cnes", "tipologia_2022", "tipologia_2020", "nota_equipe_ponderada", "nota_profissional_ponderada", "nota_servicos_ponderada", "nota_estrutura_ponderada", "nota_insumos_ponderada", "nota_tic_ponderada", "total_esf") VALUES
(1, 'UNIDADE BÁSICA DE SAÚDE Nº 03 - SAMAMBAIA', 1, NULL, '10677', 'A', 'A', 0.024, 0.169, 0.281, 0.075, 0.225, 0.051, 3),
(2, 'UNIDADE BÁSICA DE SAÚDE Nº 02 - CEILÂNDIA', 2, NULL, '10987', 'A', 'B', 0.024, 0.224, 0.281, 0.07, 0.262, 0.062, 5),
(3, 'UNIDADE BÁSICA DE SAÚDE Nº 07 - CEILÂNDIA', 3, NULL, '11037', 'A', 'B', 0.024, 0.215, 0.281, 0.057, 0.225, 0.062, 6),
(4, 'UNIDADE BÁSICA DE SAÚDE Nº 07 - SAMAMBAIA', 4, NULL, '7299877', 'A', 'C', 0.024, 0.196, 0.281, 0.077, 0.244, 0.047, 7),
(5, 'UNIDADE BÁSICA DE SAÚDE Nº 08 - CEILÂNDIA', 5, NULL, '11045', 'A', 'C', 0.024, 0.215, 0.281, 0.072, 0.244, 0.062, 6),
(6, 'UNIDADE BÁSICA DE SAÚDE Nº 04 - RECANTO DAS EMAS', 6, NULL, '7417632', 'B', 'A', 0.028, 0.196, 0.281, 0.059, 0.225, 0.035, 6),
(7, 'UNIDADE BÁSICA DE SAÚDE Nº 01 - BRAZLÂNDIA', 7, NULL, '11215', 'B', 'B', 0.016, 0.205, 0.281, 0.068, 0.187, 0.062, 5),
(8, 'UNIDADE BÁSICA DE SAÚDE Nº 01 - CANDANGOLÂNDIA', 8, NULL, '11185', 'B', 'B', 0.016, 0.205, 0.281, 0.047, 0.225, 0.035, 5),
(9, 'UNIDADE BÁSICA DE SAÚDE Nº 01 - CRUZEIRO', 9, NULL, '10731', 'B', 'B', 0.016, 0.224, 0.281, 0.05, 0.187, 0.062, 5),
(10, 'UNIDADE BÁSICA DE SAÚDE Nº 01 - FERCAL', 10, NULL, '2804360', 'B', 'B', 0.024, 0.114, 0.281, 0.062, 0.225, 0.035, 2),
(11, 'UNIDADE BÁSICA DE SAÚDE Nº 01 - GAMA', 11, NULL, '10820', 'B', 'B', 0.024, 0.196, 0.211, 0.069, 0.225, 0.047, 5),
(12, 'UNIDADE BÁSICA DE SAÚDE Nº 01 - ITAPOÃ', 12, NULL, '6268269', 'B', 'B', 0.024, 0.224, 0.281, 0.057, 0.225, 0.047, 9),
(13, 'UNIDADE BÁSICA DE SAÚDE Nº 01 - LAGO NORTE', NULL, NULL, '11177', 'B', 'B', 0.016, 0.205, 0.281, 0.068, 0.187, 0.035, 7),
(14, 'UNIDADE BÁSICA DE SAÚDE Nº 01 - NÚCLEO BANDEIRANTE', 14, NULL, '11126', 'B', 'B', 0.016, 0.215, 0.281, 0.054, 0.206, 0.062, 5),
(15, 'UNIDADE BÁSICA DE SAÚDE Nº 01 - RIACHO FUNDO I', 15, NULL, '11169', 'B', 'B', 0.016, 0.205, 0.281, 0.047, 0.187, 0.047, 7),
(16, 'UNIDADE BÁSICA DE SAÚDE Nº 01 - TAGUATINGA', 16, NULL, '10901', 'B', 'B', 0.016, 0.205, 0.281, 0.055, 0.225, 0.035, 7),
(17, 'UNIDADE BÁSICA DE SAÚDE Nº 01 - VARJÃO', 17, NULL, '2617358', 'B', 'B', 0.016, 0.196, 0.211, 0.069, 0.187, 0.047, 3),
(18, 'UNIDADE BÁSICA DE SAÚDE Nº 01 - VICENTE PIRES', 18, NULL, '9056963', 'B', 'B', 0.016, 0.215, 0.281, 0.061, 0.187, 0.047, 8),
(19, 'UNIDADE BÁSICA DE SAÚDE Nº 02 - ASA NORTE', 19, NULL, '10723', 'B', 'A', 0.016, 0.224, 0.281, 0.054, 0.225, 0.035, 6),
(20, 'UNIDADE BÁSICA DE SAÚDE Nº 02 - BRAZLÂNDIA', 20, NULL, '6662358', 'B', 'B', 0.02, 0.178, 0.281, 0.069, 0.187, 0.047, 4),
(21, 'UNIDADE BÁSICA DE SAÚDE Nº 02 - CRUZEIRO', 21, NULL, '10758', 'B', 'B', 0.016, 0.224, 0.281, 0.058, 0.187, 0.035, 5),
(22, 'UNIDADE BÁSICA DE SAÚDE Nº 02 - GAMA', 22, NULL, '10839', 'B', 'B', 0.016, 0.16, 0.281, 0.064, 0.187, 0.047, 5),
(23, 'UNIDADE BÁSICA DE SAÚDE Nº 02 - GUARÁ', 23, NULL, '11266', 'B', 'B', 0.016, 0.224, 0.281, 0.049, 0.15, 0.051, 7),
(24, 'UNIDADE BÁSICA DE SAÚDE Nº 02 - SANTA MARIA', 24, NULL, '10669', 'B', 'B', 0.024, 0.196, 0.281, 0.047, 0.187, 0.062, 8),
(25, 'UNIDADE BÁSICA DE SAÚDE Nº 02 - TAGUATINGA', 25, NULL, '10928', 'B', 'B', 0.024, 0.215, 0.281, 0.056, 0.225, 0.035, 8),
(26, 'UNIDADE BÁSICA DE SAÚDE Nº 03 - ASA NORTE', 26, NULL, '11355', 'B', 'B', 0.024, 0.196, 0.281, 0.062, 0.225, 0.035, 5),
(27, 'UNIDADE BÁSICA DE SAÚDE Nº 03 - GAMA', 27, NULL, '10847', 'B', 'B', 0.024, 0.196, 0.281, 0.068, 0.15, 0.062, 6),
(28, 'UNIDADE BÁSICA DE SAÚDE Nº 03 - GUARÁ', 28, NULL, '11274', 'B', 'B', 0.024, 0.196, 0.281, 0.055, 0.187, 0.035, 7),
(29, 'UNIDADE BÁSICA DE SAÚDE Nº 03 - RECANTO DAS EMAS', 29, NULL, '7170939', 'B', 'B', 0.032, 0.187, 0.281, 0.07, 0.225, 0.051, 7),
(30, 'UNIDADE BÁSICA DE SAÚDE Nº 03 - SOBRADINHO', 30, NULL, '11568', 'B', 'B', 0.024, 0.224, 0.281, 0.057, 0.225, 0.047, 6),
(31, 'UNIDADE BÁSICA DE SAÚDE Nº 03 - TAGUATINGA', 31, NULL, '10936', 'B', 'B', 0.016, 0.205, 0.281, 0.062, 0.225, 0.035, 7),
(32, 'UNIDADE BÁSICA DE SAÚDE Nº 04 - GUARÁ', 32, NULL, '11657', 'B', 'B', 0.024, 0.187, 0.211, 0.072, 0.244, 0.062, 2),
(33, 'UNIDADE BÁSICA DE SAÚDE Nº 05 - GAMA', 33, NULL, '10863', 'B', 'B', 0.016, 0.169, 0.281, 0.065, 0.187, 0.047, 5),
(34, 'UNIDADE BÁSICA DE SAÚDE Nº 05 - PLANALTINA', 34, NULL, '6216021', 'B', 'B', 0.028, 0.215, 0.281, 0.056, 0.225, 0.047, 8),
(35, 'UNIDADE BÁSICA DE SAÚDE Nº 05 - TAGUATINGA', 35, NULL, '10626', 'B', 'B', 0.016, 0.215, 0.281, 0.051, 0.244, 0.035, 7),
(36, 'UNIDADE BÁSICA DE SAÚDE Nº 06 - SOBRADINHO', 36, NULL, '2804387', 'B', 'B', 0.024, 0.187, 0.175, 0.066, 0.225, 0.062, 1),
(37, 'UNIDADE BÁSICA DE SAÚDE Nº 09 - SÃO SEBASTIÃO', 37, NULL, '3742873', 'B', 'B', 0.024, 0.224, 0.211, 0.069, 0.15, 0.051, 2),
(38, 'UNIDADE BÁSICA DE SAÚDE Nº 12 - SAMAMBAIA', 38, NULL, '9480587', 'B', 'B', 0.02, 0.178, 0.281, 0.069, 0.225, 0.047, 6),
(39, 'UNIDADE BÁSICA DE SAÚDE Nº 17 - CEILÂNDIA', 39, NULL, '9509356', 'B', 'B', 0.032, 0.187, 0.211, 0.07, 0.244, 0.062, 4),
(40, 'UNIDADE BÁSICA DE SAÚDE Nº 01 - ASA NORTE', 40, NULL, '10707', 'B', 'C', 0.016, 0.196, 0.281, 0.064, 0.225, 0.047, 5),
(41, 'UNIDADE BÁSICA DE SAÚDE Nº 01 - ASA SUL', 41, NULL, '11150', 'B', 'C', 0.018, 0.224, 0.281, 0.057, 0.187, 0.051, 7),
(42, 'UNIDADE BÁSICA DE SAÚDE Nº 01 - ESTRUTURAL', 42, NULL, '2779374', 'B', 'B', 0.024, 0.196, 0.281, 0.042, 0.244, 0.062, 9),
(43, 'UNIDADE BÁSICA DE SAÚDE Nº 01 - RIACHO FUNDO II', 43, NULL, '5038669', 'B', 'C', 0.024, 0.196, 0.281, 0.069, 0.15, 0.062, 6),
(44, 'UNIDADE BÁSICA DE SAÚDE Nº 01 - SOBRADINHO ', 36, NULL, '11223', 'B', NULL, 0.016, 0.187, 0.281, 0.052, 0.244, 0.062, 7),
(45, 'UNIDADE BÁSICA DE SAÚDE Nº 02 - RECANTO DAS EMAS', 44, NULL, '11134', 'B', 'B', 0.016, 0.196, 0.281, 0.066, 0.225, 0.035, 8),
(46, 'UNIDADE BÁSICA DE SAÚDE Nº 02 - SOBRADINHO II', 45, NULL, '7368895', 'B', 'C', 0.016, 0.187, 0.281, 0.064, 0.225, 0.062, 7),
(47, 'UNIDADE BÁSICA DE SAÚDE Nº 03 - PARANOÁ', 46, NULL, '9572511', 'B', 'C', 0.024, 0.215, 0.281, 0.071, 0.15, 0.039, 6),
(48, 'UNIDADE BÁSICA DE SAÚDE Nº 04 - PLANALTINA', 47, NULL, '6216013', 'B', 'B', 0.024, 0.215, 0.281, 0.057, 0.187, 0.035, 10),
(49, 'UNIDADE BÁSICA DE SAÚDE Nº 04 - SAMAMBAIA', 48, NULL, '10685', 'B', 'C', 0.016, 0.187, 0.281, 0.078, 0.187, 0.047, 6),
(50, 'UNIDADE BÁSICA DE SAÚDE Nº 08 - PLANALTINA', 49, NULL, '5050359', 'B', 'C', 0.012, 0.187, 0.211, 0.086, 0.225, 0.047, 3),
(51, 'UNIDADE BÁSICA DE SAÚDE Nº 09 - PLANALTINA', 49, NULL, '2672235', 'B', 'B', 0.024, 0.187, 0.175, 0.078, 0.225, 0.062, 1),
(52, 'UNIDADE BÁSICA DE SAÚDE Nº 11 - CEILÂNDIA', 50, NULL, '11061', 'B', 'C', 0.016, 0.178, 0.281, 0.071, 0.187, 0.062, 5),
(53, 'UNIDADE BÁSICA DE SAÚDE Nº 11 - PLANALTINA', 51, NULL, '11576', 'B', 'C', 0.008, 0.187, 0.211, 0.066, 0.244, 0.062, 1),
(54, 'UNIDADE BÁSICA DE SAÚDE Nº 16 - CEILÂNDIA', 52, NULL, '9475931', 'B', 'B', 0.024, 0.205, 0.211, 0.075, 0.225, 0.047, 4),
(55, 'UNIDADE BÁSICA DE SAÚDE Nº 17 - PLANALTINA', 53, NULL, '3144666', 'B', 'B', 0.024, 0.187, 0.211, 0.057, 0.187, 0.062, 1),
(56, 'UNIDADE BÁSICA DE SAÚDE Nº 20 - PLANALTINA', 54, NULL, '9768637', 'B', 'B', 0.012, 0.178, 0.281, 0.073, 0.187, 0.062, 4),
(57, 'UNIDADE BÁSICA DE SAÚDE Nº 01 - SOBRADINHO II', 55, NULL, '11258', 'B', 'D', 0.004, 0.187, 0.281, 0.062, 0.225, 0.062, 5),
(58, 'UNIDADE BÁSICA DE SAÚDE Nº 03 - ITAPOÃ', 56, NULL, '9572481', 'B', 'C', 0.016, 0.178, 0.211, 0.075, 0.225, 0.047, 4),
(59, 'UNIDADE BÁSICA DE SAÚDE Nº 05 - SAMAMBAIA', 57, NULL, '6921736', 'B', 'C', 0.032, 0.205, 0.211, 0.072, 0.244, 0.047, 4),
(60, 'UNIDADE BÁSICA DE SAÚDE Nº 08 - SAMAMBAIA', 58, NULL, '7114397', 'B', 'E', 0.02, 0.187, 0.211, 0.078, 0.169, 0.062, 4),
(61, 'UNIDADE BÁSICA DE SAÚDE Nº 01 - ÁGUAS CLARAS', 59, NULL, '7108923', 'B', NULL, 0.024, 0.224, 0.281, 0.058, 0.15, 0.047, 6),
(62, 'UNIDADE BÁSICA DE SAÚDE Nº 02 - SAMAMBAIA', 60, NULL, '10774', 'B', NULL, 0.028, 0.196, 0.281, 0.054, 0.15, 0.047, 7),
(63, 'UNIDADE BÁSICA DE SAÚDE Nº 01 - JARDINS MANGUEIRAL', NULL, NULL, '736260', 'B', NULL, 0.024, 0.215, 0.211, 0.066, 0.187, 0.062, 4),
(64, 'UNIDADE BÁSICA DE SAÚDE Nº 01 - SÃO SEBASTIÃO', 62, NULL, '10790', 'C', 'B', 0.024, 0.205, 0.211, 0.056, 0.225, 0.047, 10),
(65, 'UNIDADE BÁSICA DE SAÚDE Nº 02 - FERCAL', 10, NULL, '11517', 'C', 'B', 0.032, 0.187, 0.175, 0.049, 0.225, 0.023, 1),
(66, 'UNIDADE BÁSICA DE SAÚDE Nº 03 - FERCAL', 10, NULL, '161616', 'C', 'B', 0.032, 0.205, 0.175, 0.063, 0.169, 0.047, 1),
(67, 'UNIDADE BÁSICA DE SAÚDE Nº 05 - SOBRADINHO', 36, NULL, '6770657', 'C', 'B', 0.024, 0.151, 0.211, 0.065, 0.187, 0.047, 1),
(68, 'UNIDADE BÁSICA DE SAÚDE Nº 06 - CEILÂNDIA', 63, NULL, '11029', 'C', 'B', 0.024, 0.215, 0.281, 0.061, 0.112, 0.047, 6),
(69, 'UNIDADE BÁSICA DE SAÚDE Nº 06 - GAMA', 64, NULL, '10871', 'C', 'B', 0.016, 0.196, 0.281, 0.077, 0.15, 0.023, 6),
(70, 'UNIDADE BÁSICA DE SAÚDE Nº 08 - TAGUATINGA', 65, NULL, '2617269', 'C', 'B', 0.024, 0.196, 0.211, 0.057, 0.187, 0.047, 5),
(71, 'UNIDADE BÁSICA DE SAÚDE Nº 09 - GAMA', 11, NULL, '2779404', 'C', 'B', 0.032, 0.187, 0.211, 0.068, 0.169, 0.047, 1),
(72, 'UNIDADE BÁSICA DE SAÚDE Nº 01 - PARANOÁ', 66, NULL, '10634', 'C', 'C', 0.024, 0.205, 0.211, 0.062, 0.187, 0.035, 10),
(73, 'UNIDADE BÁSICA DE SAÚDE Nº 01 - PARK WAY', NULL, NULL, '11681', 'C', 'C', 0.032, 0.187, 0.14, 0.07, 0.187, 0.062, 1),
(74, 'UNIDADE BÁSICA DE SAÚDE Nº 01 - SANTA MARIA', 68, NULL, '10782', 'C', 'C', 0.024, 0.196, 0.281, 0.055, 0.187, 0.035, 11),
(75, 'UNIDADE BÁSICA DE SAÚDE Nº 02 - SOBRADINHO', 69, NULL, '11231', 'C', 'C', 0.016, 0.187, 0.281, 0.051, 0.206, 0.039, 8),
(76, 'UNIDADE BÁSICA DE SAÚDE Nº 03 - CEILÂNDIA', 70, NULL, '10995', 'C', 'C', 0.016, 0.16, 0.211, 0.062, 0.187, 0.035, 5),
(77, 'UNIDADE BÁSICA DE SAÚDE Nº 04 - GAMA', 71, NULL, '10855', 'C', 'C', 0.02, 0.16, 0.211, 0.056, 0.225, 0.047, 5),
(78, 'UNIDADE BÁSICA DE SAÚDE Nº 05 - ASA NORTE', NULL, NULL, '5117666', 'C', 'C', 0.008, 0.187, 0.14, 0.064, 0.244, 0.051, 1),
(79, 'UNIDADE BÁSICA DE SAÚDE Nº 05 - CEILÂNDIA', 73, NULL, '11010', 'C', 'C', 0.016, 0.205, 0.211, 0.056, 0.15, 0.047, 6),
(80, 'UNIDADE BÁSICA DE SAÚDE Nº 05 - SÃO SEBASTIÃO', NULL, NULL, '11363', 'C', 'C', 0.024, 0.187, 0.14, 0.07, 0.187, 0.047, 2),
(81, 'UNIDADE BÁSICA DE SAÚDE Nº 06 - TAGUATINGA', 75, NULL, '10952', 'C', 'C', 0.016, 0.205, 0.281, 0.052, 0.187, 0.047, 9),
(82, 'UNIDADE BÁSICA DE SAÚDE Nº 07 - RECANTO DAS EMAS', 76, NULL, '2779331', 'C', 'C', 0.024, 0.187, 0.14, 0.075, 0.169, 0.047, 1),
(83, 'UNIDADE BÁSICA DE SAÚDE Nº 07 - TAGUATINGA', 77, NULL, '10960', 'C', 'C', 0.016, 0.178, 0.281, 0.063, 0.15, 0.062, 7),
(84, 'UNIDADE BÁSICA DE SAÚDE Nº 08 - BRAZLÂNDIA', 78, NULL, '9571280', 'C', 'C', 0.024, 0.151, 0.211, 0.068, 0.187, 0.035, 1),
(85, 'UNIDADE BÁSICA DE SAÚDE Nº 10 - CEILÂNDIA', 79, NULL, '11207', 'C', 'C', 0.024, 0.205, 0.281, 0.056, 0.15, 0.035, 5),
(86, 'UNIDADE BÁSICA DE SAÚDE Nº 10 - PLANALTINA', 53, NULL, '2804174', 'C', 'C', 0.024, 0.187, 0.14, 0.069, 0.225, 0.051, 1),
(87, 'UNIDADE BÁSICA DE SAÚDE Nº 12 - SÃO SEBASTIÃO', 37, NULL, '7423489', 'C', 'C', 0.024, 0.114, 0.211, 0.066, 0.15, 0.062, 1),
(88, 'UNIDADE BÁSICA DE SAÚDE Nº 14 - PLANALTINA', 80, NULL, '11584', 'C', 'C', 0.008, 0.114, 0.211, 0.063, 0.206, 0.051, 1),
(89, 'UNIDADE BÁSICA DE SAÚDE Nº 01 - GUARÁ', 81, NULL, '11118', 'C', 'D', 0.016, 0.196, 0.281, 0.057, 0.131, 0.047, 7),
(90, 'UNIDADE BÁSICA DE SAÚDE Nº 02 - ESTRUTURAL', 42, NULL, '3513564', 'C', 'D', 0.016, 0.205, 0.14, 0.069, 0.15, 0.035, 3),
(91, 'UNIDADE BÁSICA DE SAÚDE Nº 02 - PLANALTINA', 82, NULL, '10650', 'C', 'D', 0.028, 0.187, 0.14, 0.07, 0.225, 0.047, 4),
(92, 'UNIDADE BÁSICA DE SAÚDE Nº 02 - SÃO SEBASTIÃO', 83, NULL, '3254887', 'C', 'D', 0.024, 0.114, 0.211, 0.056, 0.187, 0.062, 2),
(93, 'UNIDADE BÁSICA DE SAÚDE Nº 03 - SÃO SEBASTIÃO', 83, NULL, '3212068', 'C', 'D', 0.024, 0.187, 0.211, 0.075, 0.131, 0.047, 2),
(94, 'UNIDADE BÁSICA DE SAÚDE Nº 05 - SANTA MARIA', 84, NULL, '3144593', 'C', 'D', 0.024, 0.178, 0.14, 0.079, 0.15, 0.062, 2),
(95, 'UNIDADE BÁSICA DE SAÚDE Nº 05 - SOBRADINHO II', 85, NULL, '7686730', 'C', 'D', 0.024, 0.224, 0.105, 0.066, 0.225, 0.047, 2),
(96, 'UNIDADE BÁSICA DE SAÚDE Nº 06 - SANTA MARIA', 86, NULL, '3144607', 'C', 'C', 0.016, 0.105, 0.211, 0.071, 0.225, 0.047, 2),
(97, 'UNIDADE BÁSICA DE SAÚDE Nº 07 - SANTA MARIA', 87, NULL, '3144569', 'C', 'C', 0.008, 0.105, 0.211, 0.064, 0.225, 0.051, 3),
(98, 'UNIDADE BÁSICA DE SAÚDE Nº 15 - PLANALTINA', 80, NULL, '2672227', 'C', 'D', 0.008, 0.114, 0.211, 0.072, 0.187, 0.062, 1),
(99, 'UNIDADE BÁSICA DE SAÚDE Nº 16 - PLANALTINA', 53, NULL, '11592', 'C', 'D', 0.008, 0.114, 0.211, 0.064, 0.187, 0.035, 1),
(100, 'UNIDADE BÁSICA DE SAÚDE Nº 01 - SAMAMBAIA', 88, NULL, '10642', 'C', 'E', 0.012, 0.169, 0.281, 0.051, 0.187, 0.035, 9),
(101, 'UNIDADE BÁSICA DE SAÚDE Nº 05 - RIACHO FUNDO II', 89, NULL, '7526504', 'C', 'E', 0.024, 0.196, 0.105, 0.071, 0.225, 0.047, 4),
(102, 'UNIDADE BÁSICA DE SAÚDE Nº 08 - RECANTO DAS EMAS', 76, NULL, '2804247', 'C', 'E', 0.016, 0.178, 0.14, 0.069, 0.187, 0.051, 2),
(103, 'UNIDADE BÁSICA DE SAÚDE Nº 05 - RECANTO DAS EMAS', 76, NULL, '7059892', 'C', NULL, 0.016, 0.16, 0.211, 0.062, 0.187, 0.051, 5),
(104, 'UNIDADE BÁSICA DE SAÚDE Nº 10 - SANTA MARIA', 86, NULL, '2673894', 'C', NULL, 0.024, 0.151, 0.211, 0.072, 0.15, 0.062, 1),
(105, 'UNIDADE BÁSICA DE SAÚDE Nº 03 - SOBRADINHO II', 85, NULL, '6770681', 'D', 'B', 0.032, 0.187, 0.105, 0.063, 0.169, 0.047, 1),
(106, 'UNIDADE BÁSICA DE SAÚDE Nº 04 - SOBRADINHO', 30, NULL, '7687079', 'D', 'B', 0.032, 0.187, 0.175, 0.055, 0.112, 0.047, 1),
(107, 'UNIDADE BÁSICA DE SAÚDE Nº 05 - PARANOÁ', 90, NULL, '11614', 'D', 'B', 0.024, 0.187, 0.035, 0.076, 0.187, 0.051, 1),
(108, 'UNIDADE BÁSICA DE SAÚDE Nº 07 - PARANOÁ', 90, NULL, '7075596', 'D', 'B', 0.032, 0.151, 0.07, 0.08, 0.187, 0.035, 1),
(109, 'UNIDADE BÁSICA DE SAÚDE Nº 02 - RIACHO FUNDO I', NULL, NULL, '3781437', 'D', 'C', 0.016, 0.187, 0.14, 0.056, 0.131, 0.062, 3),
(110, 'UNIDADE BÁSICA DE SAÚDE Nº 03 - SANTA MARIA', 86, NULL, '3144550', 'D', 'C', 0.024, 0.151, 0.105, 0.079, 0.187, 0.062, 1),
(111, 'UNIDADE BÁSICA DE SAÚDE Nº 04 - SOBRADINHO II', 85, NULL, '6770665', 'D', 'C', 0.032, 0.187, 0.105, 0.052, 0.15, 0.047, 1),
(112, 'UNIDADE BÁSICA DE SAÚDE Nº 07 - BRAZLÂNDIA', 78, NULL, '11509', 'D', 'C', 0.032, 0.187, 0.105, 0.075, 0.131, 0.062, 1),
(113, 'UNIDADE BÁSICA DE SAÚDE Nº 12 - CEILÂNDIA', 92, NULL, '2617293', 'D', 'C', 0.016, 0.178, 0.175, 0.052, 0.15, 0.062, 6),
(114, 'UNIDADE BÁSICA DE SAÚDE Nº 12 - PLANALTINA', 51, NULL, '2804123', 'D', 'C', 0.008, 0.114, 0.175, 0.055, 0.169, 0.062, 1),
(115, 'UNIDADE BÁSICA DE SAÚDE Nº 19 - PLANALTINA', 51, NULL, '9566988', 'D', 'C', 0.008, 0.114, 0.175, 0.068, 0.169, 0.039, 1),
(116, 'UNIDADE BÁSICA DE SAÚDE Nº 01 - CEILÂNDIA', 93, NULL, '7347715', 'D', 'D', 0.016, 0.187, 0.105, 0.054, 0.187, 0.062, 4),
(117, 'UNIDADE BÁSICA DE SAÚDE Nº 01 - PLANALTINA', 94, NULL, '5167817', 'D', 'D', 0.016, 0.187, 0.14, 0.07, 0.15, 0.047, 3),
(118, 'UNIDADE BÁSICA DE SAÚDE Nº 02 - ITAPOÃ', 56, NULL, '3286959', 'D', 'C', 0.016, 0.178, 0.105, 0.075, 0.112, 0.047, 2),
(119, 'UNIDADE BÁSICA DE SAÚDE Nº 03 - PLANALTINA', 94, NULL, '11096', 'D', 'C', 0.008, 0.151, 0.175, 0.059, 0.131, 0.051, 1),
(120, 'UNIDADE BÁSICA DE SAÚDE Nº 06 - SÃO SEBASTIÃO', NULL, NULL, '3212017', 'D', 'D', 0.024, 0.114, 0.14, 0.056, 0.15, 0.047, 1),
(121, 'UNIDADE BÁSICA DE SAÚDE Nº 07 - SÃO SEBASTIÃO', NULL, NULL, '3781402', 'D', 'D', 0.024, 0.114, 0.07, 0.058, 0.187, 0.062, 1),
(122, 'UNIDADE BÁSICA DE SAÚDE Nº 08 - PARANOÁ', 90, NULL, '11630', 'D', NULL, 0.032, 0.141, 0.07, 0.075, 0.187, 0.023, 1),
(123, 'UNIDADE BÁSICA DE SAÚDE Nº 09 - CEILÂNDIA', 95, NULL, '11053', 'D', 'C', 0.012, 0.16, 0.211, 0.045, 0.15, 0.062, 6),
(124, 'UNIDADE BÁSICA DE SAÚDE Nº 10 - SÃO SEBASTIÃO', 37, NULL, '3286932', 'D', 'C', 0.024, 0.114, 0.14, 0.059, 0.187, 0.051, 1),
(125, 'UNIDADE BÁSICA DE SAÚDE Nº 11 - GAMA', 64, NULL, '3144577', 'D', 'C', 0.024, 0.187, 0.105, 0.062, 0.075, 0.062, 2),
(126, 'UNIDADE BÁSICA DE SAÚDE Nº 11 - SÃO SEBASTIÃO', 37, NULL, '3212025', 'D', 'D', 0.024, 0.114, 0.211, 0.068, 0.131, 0.062, 1),
(127, 'UNIDADE BÁSICA DE SAÚDE Nº 13 - PLANALTINA', 80, NULL, '11622', 'D', 'D', 0.024, 0.187, 0.14, 0.065, 0.15, 0.035, 1),
(128, 'UNIDADE BÁSICA DE SAÚDE Nº 02 - RIACHO FUNDO II', 89, NULL, '3410196', 'D', 'E', 0.024, 0.105, 0.105, 0.05, 0.225, 0.047, 2),
(129, 'UNIDADE BÁSICA DE SAÚDE Nº 04 - SÃO SEBASTIÃO', NULL, NULL, '3212033', 'D', 'E', 0.024, 0.114, 0.14, 0.05, 0.169, 0.035, 1),
(130, 'UNIDADE BÁSICA DE SAÚDE Nº 05 - GUARÁ', 28, NULL, '9263632', 'D', 'E', 0.024, 0.114, 0.14, 0.064, 0.225, 0.039, 1),
(131, 'UNIDADE BÁSICA DE SAÚDE Nº 06 - SAMAMBAIA', 96, NULL, '7053754', 'D', 'D', 0.02, 0.187, 0.035, 0.084, 0.15, 0.062, 4),
(132, 'UNIDADE BÁSICA DE SAÚDE Nº 08 - SANTA MARIA', 84, NULL, '7559194', 'D', 'E', 0.016, 0.105, 0.105, 0.052, 0.187, 0.062, 2),
(133, 'UNIDADE BÁSICA DE SAÚDE Nº 08 - SÃO SEBASTIÃO', NULL, NULL, '7975295', 'D', 'E', 0.004, 0.114, 0.211, 0.063, 0.187, 0.023, 1),
(134, 'UNIDADE BÁSICA DE SAÚDE Nº 15 - CEILÂNDIA', 97, NULL, '7347723', 'D', 'E', 0.012, 0.178, 0.14, 0.063, 0.187, 0.047, 5),
(135, 'UNIDADE BÁSICA DE SAÚDE Nº 19 - SÃO SEBASTIÃO', 83, NULL, '3254909', 'D', 'E', 0.024, 0.078, 0.211, 0.045, 0.187, 0.062, 1),
(136, 'UNIDADE BÁSICA DE SAÚDE Nº 07 - SOBRADINHO II', 55, NULL, '957755', 'D', NULL, 0.016, 0.187, 0.14, 0.07, 0.094, 0.047, 4),
(137, 'UNIDADE BÁSICA DE SAÚDE Nº 06 - PARANOÁ', 90, NULL, '2804107', 'E', 'B', 0.032, 0.132, 0.07, 0.077, 0.15, 0.035, 1),
(138, 'UNIDADE BÁSICA DE SAÚDE Nº 12 - GAMA', 11, NULL, '3144615', 'E', 'C', 0.024, 0.178, 0.035, 0.063, 0.15, 0.051, 2),
(139, 'UNIDADE BÁSICA DE SAÚDE Nº 02 - PARANOÁ', 90, NULL, '3286975', 'E', 'D', 0.024, 0.205, 0.07, 0.066, 0.056, 0.047, 2),
(140, 'UNIDADE BÁSICA DE SAÚDE Nº 03 - BRAZLÂNDIA', 78, NULL, '3144658', 'E', 'D', 0.024, 0.151, 0.105, 0.07, 0.056, 0.035, 1),
(141, 'UNIDADE BÁSICA DE SAÚDE Nº 03 - RIACHO FUNDO II', 89, NULL, '2660199', 'E', 'D', 0.02, 0.096, 0, 0.062, 0.15, 0.047, 4),
(142, 'UNIDADE BÁSICA DE SAÚDE Nº 04 - BRAZLÂNDIA', 78, NULL, '3742865', 'E', 'D', 0.008, 0.119, 0.105, 0.047, 0.094, 0.035, 1),
(143, 'UNIDADE BÁSICA DE SAÚDE Nº 04 - PARANOÁ', 90, NULL, '11606', 'E', 'D', 0.024, 0.114, 0.14, 0.068, 0.075, 0.023, 1),
(144, 'UNIDADE BÁSICA DE SAÚDE Nº 04 - RIACHO FUNDO II', 43, NULL, '2673924', 'E', 'C', 0.032, 0.187, 0.07, 0.061, 0.094, 0.062, 1),
(145, 'UNIDADE BÁSICA DE SAÚDE Nº 05 - BRAZLÂNDIA', 78, NULL, '3144631', 'E', 'D', 0.024, 0.16, 0.105, 0.047, 0.112, 0.035, 1),
(146, 'UNIDADE BÁSICA DE SAÚDE Nº 06 - BRAZLÂNDIA', 78, NULL, '11495', 'E', 'D', 0.004, 0.114, 0.105, 0.055, 0.094, 0.035, 1),
(147, 'UNIDADE BÁSICA DE SAÚDE Nº 06 - SOBRADINHO II', 85, NULL, '7041594', 'E', 'D', 0.024, 0.114, 0.105, 0.048, 0.075, 0.047, 1),
(148, 'UNIDADE BÁSICA DE SAÚDE Nº 07 - PLANALTINA', 82, NULL, '2360233', 'E', 'D', 0.024, 0.105, 0.105, 0.047, 0.112, 0.023, 3),
(149, 'UNIDADE BÁSICA DE SAÚDE Nº 09 - BRAZLÂNDIA', 78, NULL, '9548203', 'E', 'D', 0.024, 0.078, 0.105, 0.059, 0.112, 0.035, 1),
(150, 'UNIDADE BÁSICA DE SAÚDE Nº 13 - CEILÂNDIA', 98, NULL, '3144542', 'E', 'D', 0.024, 0.114, 0.07, 0.054, 0.187, 0.062, 2),
(151, 'UNIDADE BÁSICA DE SAÚDE Nº 14 - CEILÂNDIA', 99, NULL, '3677044', 'E', 'C', 0.024, 0.187, 0.035, 0.076, 0.112, 0.062, 2),
(152, 'UNIDADE BÁSICA DE SAÚDE Nº 18 - PLANALTINA', 54, NULL, '9566961', 'E', 'D', 0.008, 0.114, 0.07, 0.052, 0.094, 0.062, 1),
(153, 'UNIDADE BÁSICA DE SAÚDE Nº 01 - RECANTO DAS EMAS', 100, NULL, '10804', 'E', 'E', 0.024, 0.16, 0, 0.072, 0.15, 0.047, 3),
(154, 'UNIDADE BÁSICA DE SAÚDE Nº 02 - NÚCLEO BANDEIRANTE', 14, NULL, '7236778', 'E', 'E', 0.024, 0.187, 0, 0.035, 0.112, 0.047, 2),
(155, 'UNIDADE BÁSICA DE SAÚDE Nº 04 - CEILÂNDIA', 101, NULL, '11002', 'E', 'E', 0.016, 0.169, 0.035, 0.066, 0.112, 0.047, 2),
(156, 'UNIDADE BÁSICA DE SAÚDE Nº 06 - PLANALTINA', 34, NULL, '5050340', 'E', 'E', 0.024, 0.114, 0, 0.045, 0.15, 0.035, 3),
(157, 'UNIDADE BÁSICA DE SAÚDE Nº 07 - GAMA', 102, NULL, '10898', 'E', 'E', 0.024, 0.096, 0.07, 0.036, 0.169, 0.062, 3),
(158, 'UNIDADE BÁSICA DE SAÚDE Nº 09 - SAMAMBAIA', 57, NULL, '3742857', 'E', 'E', 0.024, 0.114, 0, 0.059, 0.112, 0.062, 2),
(159, 'UNIDADE BÁSICA DE SAÚDE Nº 10 - RECANTO DAS EMAS', 100, NULL, '3144623', 'E', 'E', 0.016, 0.105, 0, 0.058, 0.112, 0.035, 2),
(160, 'UNIDADE BÁSICA DE SAÚDE Nº 10 - SAMAMBAIA', 4, NULL, '3633845', 'E', 'E', 0.024, 0.114, 0, 0.061, 0.094, 0.047, 2),
(161, 'UNIDADE BÁSICA DE SAÚDE Nº 11 - RECANTO DAS EMAS', 76, NULL, '9543945', 'E', 'E', 0.004, 0.114, 0, 0.037, 0.037, 0.023, 2),
(162, 'UNIDADE BÁSICA DE SAÚDE Nº 18 - CEILÂNDIA', 103, NULL, '9643338', 'E', 'E', 0.024, 0.114, 0, 0.047, 0.112, 0.062, 1),
(163, 'UNIDADE BÁSICA DE SAÚDE Nº 02 - ÁGUAS CLARAS', 59, NULL, '3742822', 'E', NULL, 0.032, 0.187, 0, 0.066, 0.056, 0.062, 1),
(164, 'UNIDADE BÁSICA DE SAÚDE Nº 11 - SAMAMBAIA', 1, NULL, '7771479', 'E', NULL, 0.032, 0.205, 0.07, 0.076, 0.075, 0.047, 4),
(165, 'UNIDADE BÁSICA DE SAÚDE Nº 13 - SAMAMBAIA', 60, NULL, '9647597', 'E', NULL, 0.004, 0.105, 0, 0.04, 0.075, 0.023, 3);

INSERT INTO "public"."usuarios" ("id", "nome", "email", "matricula", "cpf", "password", "remember_me_token", "created_at", "updated_at") VALUES
(1, 'Usuário Teste 1', 'teste@teste.com', NULL, '00597099103', '$scrypt$n=16384,r=8,p=1$y+brEt7AC6y1EbChMPIRjQ$Y/KVkSbkluSULMpQh7a+Imh4oIRN6yPL1BWVdwjaQhVsv8P6bYLGzNdWPbH1QPrWdlwzwhEKahtF57gi+Kf/Aw', NULL, '2024-03-31 22:45:07.061+00', '2024-03-31 22:45:07.062+00'),
(5, 'Usuário Teste 2', 'teste1@teste.com', NULL, '00597099104', '$scrypt$n=16384,r=8,p=1$wBj8NenyKcVnVNRfsBXo9w$If8qnXeYvQ8s9d27iSsFI01G8stkKVJGl7DvxrNkcTAKdF5XOsTaTxlhkZY3PvhLKp9VQlhoimymCc5MLuy8+Q', NULL, '2024-03-31 23:09:46.388+00', '2024-03-31 23:09:46.388+00'),
(6, 'WALLACE DOS SANTOS', 'wallace0505@hotmail.com', NULL, '00000000001', '$scrypt$n=16384,r=8,p=1$crXKkkHAe35zEUERXipU2Q$RRHtcmzKJ3rVBRMFno/Cq+385WzgIARPS2IQgl7sHC4Calq0Mt4BepPq024SkdoVftatiIQ24DBVSCNPRuzyvw', NULL, '2024-04-21 22:28:28.303+00', '2024-04-21 22:28:28.303+00');

ALTER TABLE "public"."api_tokens" ADD FOREIGN KEY ("user_id") REFERENCES "public"."usuarios"("id") ON DELETE CASCADE;
ALTER TABLE "public"."usuarios_roles" ADD FOREIGN KEY ("usuario") REFERENCES "public"."usuarios"("id") ON DELETE CASCADE;
ALTER TABLE "public"."usuarios_roles" ADD FOREIGN KEY ("role") REFERENCES "public"."roles"("id") ON DELETE CASCADE;
